00:00:00:00:00:08,00:00:00:00:00:02,00:00:00:00:00:07,00:00:00:00:00:03,00:00:00:00:00:04,00:00:00:00:00:01,00:00:00:00:00:05,00:00:00:00:00:06
423360.0,,,,,,,
846720.0,157248.0,,,,,,
842688.0,947520.0,,,,,,
983808.0,1104768.0,,,,,,
846720.0,951552.0,677376.0,,,,,
842688.0,951552.0,2056320.0,,,,,
846720.0,951552.0,2064384.0,633024.0,,,,
983808.0,1108800.0,2403072.0,1108800.0,,,,
842688.0,951552.0,2056320.0,947520.0,,,,
846720.0,4032.0,1714058.6666666667,955584.0,,,,
1028160.0,0.0,0.0,947520.0,516096.0,,,
983808.0,0.0,0.0,1104768.0,1201536.0,,,
1028160.0,0.0,0.0,947520.0,1028160.0,,,
1032192.0,0.0,173376.0,951552.0,1032192.0,,,
1040256.0,0.0,532224.0,636336.0,1040256.0,4032.0,641088.0,
983808.0,0.0,612864.0,0.0,1201536.0,0.0,1104768.0,
1512000.0,0.0,487872.0,0.0,947520.0,4032.0,874944.0,
1770048.0,0.0,524160.0,0.0,1032192.0,0.0,947520.0,
0.0,0.0,0.0,0.0,233136.0,0.0,1020096.0,
1226186.6666666667,0.0,4032.0,0.0,0.0,0.0,935424.0,
874944.0,0.0,624960.0,56448.0,0.0,0.0,1124928.0,
737856.0,0.0,0.0,8209152.0,0.0,0.0,947520.0,
0.0,0.0,528192.0,8233344.0,0.0,0.0,951552.0,
4032.0,0.0,528192.0,5419813.333333333,0.0,0.0,951552.0,
0.0,0.0,608832.0,0.0,0.0,0.0,790272.0,
0.0,0.0,0.0,0.0,423360.0,0.0,951552.0,
0.0,0.0,0.0,0.0,842688.0,0.0,951552.0,
737856.0,0.0,528192.0,0.0,842688.0,0.0,947520.0,
745920.0,0.0,0.0,4032.0,854784.0,0.0,959616.0,
858816.0,0.0,0.0,0.0,983808.0,0.0,1108800.0,
741888.0,0.0,0.0,2678773.333333333,846720.0,0.0,4032.0,
4032.0,0.0,0.0,0.0,846720.0,0.0,0.0,
951552.0,0.0,0.0,0.0,842688.0,0.0,0.0,
562693.3333333334,0.0,0.0,0.0,983808.0,0.0,0.0,
1044288.0,0.0,0.0,0.0,842688.0,0.0,947520.0,
4032.0,0.0,0.0,0.0,895104.0,0.0,367370.6666666667,
0.0,0.0,0.0,0.0,790272.0,0.0,0.0,516096.0
1475712.0,0.0,0.0,0.0,842688.0,0.0,0.0,1032192.0
0.0,701568.0,0.0,0.0,4032.0,0.0,0.0,1213632.0
0.0,1028160.0,0.0,0.0,0.0,0.0,0.0,1028160.0
1475712.0,1028160.0,0.0,0.0,0.0,0.0,0.0,1028160.0
0.0,1028160.0,0.0,0.0,0.0,0.0,0.0,667525.3333333334
0.0,1104768.0,0.0,0.0,157248.0,0.0,0.0,0.0
4032.0,1032192.0,0.0,6189120.0,0.0,0.0,0.0,0.0
0.0,951552.0,0.0,0.0,0.0,0.0,0.0,0.0
0.0,947520.0,0.0,0.0,0.0,0.0,0.0,439488.0
0.0,1201536.0,0.0,7217280.0,1108800.0,314496.0,0.0,616896.0
0.0,1028160.0,0.0,0.0,947520.0,0.0,0.0,524160.0
0.0,951552.0,0.0,0.0,0.0,0.0,0.0,528192.0
0.0,1108800.0,0.0,0.0,100800.0,0.0,0.0,616896.0
0.0,1028160.0,0.0,0.0,947520.0,0.0,0.0,528192.0
0.0,146677.33333333334,0.0,0.0,624960.0,2620800.0,0.0,520128.0
0.0,947520.0,0.0,0.0,633024.0,0.0,0.0,528192.0
0.0,1120896.0,0.0,0.0,0.0,3556224.0,0.0,620928.0
0.0,0.0,0.0,0.0,624960.0,3007872.0,0.0,528192.0
0.0,0.0,0.0,0.0,633024.0,3003840.0,0.0,528192.0
0.0,0.0,0.0,0.0,633024.0,3011904.0,0.0,524160.0
0.0,0.0,0.0,0.0,737856.0,3507840.0,612864.0,616896.0
0.0,0.0,0.0,0.0,955584.0,0.0,0.0,858816.0
0.0,0.0,0.0,0.0,633024.0,3007872.0,524160.0,1028160.0
0.0,0.0,322560.0,0.0,1060416.0,0.0,4088448.0,1153152.0
0.0,947520.0,0.0,0.0,4032.0,750757.3333333334,524160.0,1028160.0
0.0,0.0,556416.0,0.0,1003968.0,0.0,245952.0,1088640.0
0.0,0.0,0.0,0.0,0.0,0.0,887040.0,633024.0
810432.0,1032192.0,572544.0,0.0,1713600.0,0.0,0.0,1116864.0
0.0,0.0,0.0,0.0,0.0,0.0,778176.0,552384.0
842688.0,947520.0,528192.0,0.0,1580544.0,0.0,0.0,1028160.0
0.0,0.0,0.0,0.0,0.0,0.0,528192.0,8233344.0
0.0,1108800.0,0.0,0.0,0.0,0.0,616896.0,9612288.0
0.0,0.0,0.0,4032.0,0.0,0.0,528192.0,6822576.0
887040.0,0.0,556416.0,0.0,361786.6666666667,0.0,778176.0,298368.0
806400.0,1008000.0,499968.0,0.0,0.0,0.0,701568.0,504000.0
0.0,7205184.0,0.0,0.0,0.0,0.0,858816.0,0.0
346032.0,6177024.0,524160.0,0.0,0.0,0.0,733824.0,528192.0
0.0,6172992.0,528192.0,0.0,0.0,0.0,737856.0,528192.0
0.0,1104768.0,612864.0,0.0,0.0,0.0,0.0,1201536.0
0.0,6172992.0,0.0,0.0,0.0,0.0,737856.0,0.0
0.0,951552.0,524160.0,0.0,0.0,0.0,0.0,1028160.0
0.0,1012464.0,657216.0,0.0,0.0,0.0,919296.0,4032.0
0.0,0.0,0.0,0.0,0.0,0.0,737856.0,0.0
0.0,0.0,592704.0,0.0,0.0,0.0,830592.0,0.0
0.0,951552.0,528192.0,1028160.0,0.0,0.0,0.0,1032192.0
0.0,947520.0,528192.0,1028160.0,0.0,0.0,0.0,1028160.0
0.0,113328.0,612864.0,1201536.0,0.0,0.0,0.0,426298.6666666667
0.0,0.0,505525.3333333333,0.0,0.0,0.0,713664.0,0.0
0.0,0.0,4032.0,0.0,0.0,0.0,854784.0,0.0
0.0,4032.0,0.0,0.0,749952.0,0.0,1387008.0,536256.0
0.0,0.0,0.0,0.0,0.0,0.0,737856.0,0.0
0.0,0.0,0.0,0.0,0.0,0.0,737856.0,0.0
0.0,0.0,0.0,0.0,0.0,0.0,862848.0,0.0
0.0,0.0,0.0,0.0,0.0,0.0,737856.0,0.0
0.0,0.0,0.0,1028160.0,0.0,0.0,4032.0,0.0
983808.0,0.0,0.0,0.0,862848.0,0.0,1596672.0,616896.0
842688.0,0.0,0.0,0.0,737856.0,0.0,1370880.0,524160.0
0.0,0.0,0.0,1032192.0,0.0,0.0,528192.0,0.0
983808.0,0.0,0.0,0.0,858816.0,0.0,1383781.3333333333,616896.0
0.0,0.0,0.0,0.0,737856.0,0.0,733824.0,0.0
0.0,0.0,0.0,0.0,0.0,4032.0,591610.6666666666,0.0
0.0,0.0,0.0,0.0,0.0,0.0,0.0,0.0
0.0,0.0,0.0,492709.3333333333,0.0,0.0,1314432.0,0.0
0.0,0.0,0.0,0.0,782208.0,0.0,0.0,0.0
842688.0,520128.0,0.0,0.0,737856.0,0.0,846720.0,524160.0
0.0,0.0,0.0,0.0,0.0,0.0,1161216.0,0.0
983808.0,612864.0,0.0,0.0,862848.0,0.0,983808.0,612864.0
846720.0,528192.0,0.0,0.0,737856.0,0.0,842688.0,528192.0
0.0,0.0,0.0,0.0,0.0,0.0,0.0,0.0
791797.3333333334,584640.0,0.0,0.0,798336.0,0.0,931392.0,584640.0
0.0,0.0,0.0,0.0,0.0,0.0,0.0,0.0
0.0,0.0,0.0,0.0,0.0,0.0,0.0,0.0
0.0,14398272.0,0.0,0.0,0.0,1028160.0,1899072.0,0.0
0.0,0.0,4032.0,0.0,862848.0,1201536.0,0.0,0.0
0.0,0.0,0.0,0.0,737856.0,1028160.0,0.0,0.0
0.0,0.0,0.0,0.0,0.0,1008000.0,1862784.0,0.0
737856.0,616896.0,0.0,0.0,858816.0,0.0,0.0,616896.0
0.0,0.0,0.0,0.0,826560.0,1153152.0,0.0,0.0
0.0,842688.0,0.0,0.0,0.0,1032192.0,1895040.0,0.0
0.0,842688.0,0.0,0.0,0.0,1028160.0,1899072.0,0.0
737856.0,612864.0,0.0,0.0,862848.0,0.0,0.0,612864.0
0.0,842688.0,0.0,0.0,0.0,1028160.0,1266048.0,0.0
0.0,0.0,0.0,0.0,4032.0,0.0,0.0,842688.0
0.0,0.0,0.0,0.0,862848.0,1201536.0,0.0,0.0
0.0,516096.0,0.0,0.0,721728.0,0.0,0.0,0.0
0.0,524160.0,0.0,0.0,737856.0,0.0,0.0,0.0
0.0,0.0,0.0,0.0,802368.0,491904.0,0.0,0.0
0.0,983808.0,0.0,0.0,0.0,2185344.0,616896.0,0.0
701568.0,0.0,0.0,4032.0,737856.0,741888.0,0.0,0.0
983808.0,0.0,0.0,0.0,862848.0,858816.0,0.0,0.0
0.0,0.0,0.0,0.0,741888.0,0.0,4032.0,0.0
983808.0,0.0,0.0,0.0,858816.0,858816.0,0.0,0.0
0.0,0.0,0.0,0.0,0.0,0.0,947520.0,0.0
842688.0,0.0,0.0,0.0,737856.0,737856.0,0.0,0.0
987840.0,983808.0,0.0,0.0,0.0,2185344.0,616896.0,173376.0
842688.0,842688.0,0.0,0.0,0.0,1870848.0,528192.0,528192.0
983808.0,983808.0,1016064.0,0.0,0.0,2185344.0,612864.0,616896.0
221040.0,0.0,0.0,0.0,737856.0,737856.0,0.0,0.0
0.0,0.0,0.0,0.0,858816.0,0.0,1967616.0,0.0
0.0,0.0,0.0,0.0,737856.0,0.0,1685376.0,0.0
616896.0,983808.0,2403072.0,0.0,0.0,2185344.0,612864.0,616896.0
0.0,0.0,2056320.0,8330112.0,0.0,0.0,1685376.0,0.0
612864.0,0.0,2403072.0,0.0,0.0,2185344.0,616896.0,612864.0
822528.0,0.0,2064384.0,0.0,0.0,1878912.0,349690.6666666667,528192.0
1721664.0,0.0,0.0,0.0,0.0,858816.0,0.0,0.0
1512000.0,0.0,2108736.0,0.0,0.0,1919232.0,0.0,0.0
1479744.0,633024.0,0.0,0.0,0.0,737856.0,0.0,0.0
1717632.0,0.0,2403072.0,0.0,0.0,983808.0,0.0,0.0
0.0,0.0,0.0,0.0,0.0,0.0,947520.0,0.0
0.0,0.0,0.0,0.0,0.0,0.0,1104768.0,0.0
0.0,0.0,0.0,0.0,0.0,0.0,947520.0,0.0
0.0,0.0,0.0,0.0,0.0,0.0,1161216.0,0.0
524160.0,633024.0,0.0,0.0,0.0,0.0,4032.0,846720.0
0.0,0.0,0.0,0.0,0.0,0.0,0.0,0.0
0.0,0.0,0.0,0.0,0.0,0.0,0.0,0.0
0.0,0.0,0.0,0.0,0.0,0.0,0.0,0.0
524160.0,633024.0,8241408.0,0.0,0.0,0.0,0.0,0.0
616896.0,737856.0,9604224.0,0.0,0.0,0.0,0.0,0.0
0.0,0.0,0.0,0.0,0.0,0.0,737856.0,0.0
0.0,0.0,0.0,0.0,0.0,0.0,862848.0,0.0
0.0,0.0,0.0,0.0,0.0,0.0,737856.0,0.0
524160.0,633024.0,0.0,0.0,0.0,0.0,0.0,842688.0
616896.0,737856.0,0.0,0.0,0.0,0.0,0.0,983808.0
0.0,0.0,0.0,0.0,0.0,0.0,737856.0,0.0
0.0,0.0,0.0,0.0,0.0,0.0,862848.0,0.0
0.0,0.0,0.0,0.0,0.0,0.0,737856.0,0.0
0.0,0.0,0.0,0.0,0.0,0.0,887040.0,0.0
0.0,0.0,0.0,0.0,0.0,0.0,733824.0,0.0
0.0,0.0,0.0,0.0,0.0,0.0,737856.0,842688.0
616896.0,737856.0,0.0,0.0,0.0,0.0,0.0,0.0
0.0,0.0,0.0,0.0,0.0,0.0,737856.0,842688.0
0.0,0.0,0.0,0.0,0.0,0.0,737856.0,842688.0
0.0,0.0,0.0,370944.0,0.0,0.0,862848.0,983808.0
0.0,0.0,0.0,0.0,0.0,0.0,737856.0,0.0
0.0,0.0,0.0,0.0,0.0,0.0,862848.0,0.0
0.0,0.0,0.0,947520.0,0.0,0.0,737856.0,846720.0
524160.0,633024.0,0.0,0.0,2060352.0,0.0,0.0,0.0
0.0,0.0,0.0,0.0,0.0,0.0,0.0,983808.0
0.0,0.0,0.0,0.0,0.0,0.0,0.0,842688.0
0.0,0.0,0.0,0.0,0.0,0.0,862848.0,0.0
536256.0,633024.0,8374464.0,0.0,916069.3333333334,0.0,0.0,0.0
0.0,0.0,0.0,1108800.0,0.0,0.0,862848.0,983808.0
0.0,0.0,0.0,947520.0,0.0,0.0,737856.0,846720.0
528192.0,0.0,8233344.0,0.0,0.0,0.0,0.0,0.0
0.0,0.0,0.0,0.0,0.0,0.0,858816.0,0.0
0.0,4032.0,314496.0,0.0,0.0,0.0,0.0,810432.0
612864.0,0.0,737856.0,0.0,0.0,0.0,0.0,0.0
596736.0,0.0,0.0,0.0,0.0,0.0,0.0,0.0
0.0,0.0,0.0,951552.0,0.0,0.0,737856.0,842688.0
0.0,0.0,0.0,0.0,0.0,0.0,737856.0,0.0
0.0,0.0,0.0,1108800.0,0.0,0.0,858816.0,983808.0
0.0,0.0,0.0,0.0,0.0,0.0,0.0,842688.0
0.0,0.0,0.0,10289664.0,0.0,0.0,862848.0,983808.0
0.0,0.0,0.0,0.0,0.0,0.0,0.0,842688.0
0.0,0.0,0.0,0.0,0.0,0.0,0.0,0.0
0.0,0.0,0.0,0.0,0.0,0.0,0.0,0.0
0.0,0.0,0.0,0.0,0.0,528192.0,737856.0,0.0
4032.0,0.0,0.0,0.0,0.0,0.0,0.0,383472.0
0.0,0.0,0.0,0.0,0.0,528192.0,737856.0,0.0
0.0,0.0,0.0,0.0,0.0,0.0,0.0,854784.0
0.0,0.0,0.0,0.0,0.0,0.0,0.0,737856.0
0.0,0.0,0.0,0.0,0.0,0.0,0.0,0.0
0.0,0.0,0.0,0.0,0.0,0.0,0.0,0.0
0.0,0.0,0.0,0.0,0.0,0.0,737856.0,0.0
0.0,0.0,0.0,0.0,0.0,0.0,0.0,0.0
0.0,0.0,983808.0,0.0,0.0,612864.0,862848.0,0.0
0.0,0.0,842688.0,0.0,4032.0,528192.0,737856.0,0.0
0.0,0.0,0.0,0.0,6709248.0,0.0,862848.0,0.0
0.0,0.0,7450042.666666667,0.0,7019712.0,0.0,4032.0,0.0
0.0,0.0,0.0,0.0,0.0,0.0,0.0,0.0
854784.0,0.0,975744.0,0.0,1996645.3333333333,608832.0,4032.0,0.0
0.0,0.0,0.0,0.0,0.0,0.0,0.0,0.0
0.0,0.0,0.0,0.0,0.0,0.0,0.0,737856.0
858816.0,0.0,983808.0,0.0,0.0,612864.0,0.0,0.0
0.0,0.0,0.0,0.0,0.0,0.0,0.0,0.0
862848.0,0.0,0.0,0.0,0.0,612864.0,0.0,0.0
0.0,36288.0,0.0,0.0,0.0,0.0,0.0,0.0
0.0,0.0,0.0,0.0,0.0,0.0,0.0,0.0
0.0,1108800.0,0.0,0.0,0.0,0.0,0.0,0.0
0.0,915264.0,0.0,0.0,0.0,0.0,0.0,0.0
0.0,0.0,0.0,0.0,0.0,1104768.0,0.0,0.0
0.0,0.0,0.0,0.0,0.0,951552.0,0.0,0.0
0.0,0.0,0.0,0.0,858816.0,1108800.0,6757632.0,858816.0
0.0,0.0,0.0,0.0,0.0,947520.0,0.0,0.0
0.0,951552.0,0.0,0.0,0.0,0.0,0.0,0.0
858816.0,0.0,0.0,0.0,0.0,616896.0,0.0,520128.0
0.0,0.0,0.0,0.0,737856.0,947520.0,0.0,737856.0
0.0,0.0,0.0,0.0,858816.0,1108800.0,0.0,858816.0
6177024.0,0.0,0.0,0.0,0.0,947520.0,0.0,0.0
0.0,0.0,0.0,0.0,862848.0,1108800.0,0.0,862848.0
475776.0,0.0,0.0,0.0,0.0,528192.0,0.0,524160.0
0.0,0.0,0.0,0.0,737856.0,0.0,0.0,107770.66666666669
0.0,1104768.0,0.0,850752.0,0.0,0.0,0.0,0.0
737856.0,0.0,0.0,0.0,0.0,528192.0,0.0,528192.0
0.0,0.0,0.0,0.0,0.0,0.0,0.0,0.0
737856.0,0.0,0.0,0.0,0.0,524160.0,0.0,524160.0
858816.0,0.0,0.0,0.0,0.0,616896.0,0.0,616896.0
0.0,0.0,0.0,0.0,0.0,0.0,0.0,0.0
0.0,0.0,0.0,0.0,0.0,0.0,0.0,762048.0
0.0,0.0,0.0,0.0,0.0,0.0,0.0,1108800.0
0.0,0.0,0.0,0.0,0.0,0.0,0.0,947520.0
0.0,0.0,0.0,0.0,862848.0,0.0,0.0,0.0
0.0,0.0,0.0,0.0,737856.0,0.0,0.0,0.0
0.0,0.0,0.0,0.0,858816.0,0.0,4032.0,0.0
12096.0,0.0,0.0,0.0,0.0,0.0,0.0,12096.0
0.0,0.0,0.0,0.0,0.0,0.0,0.0,0.0
0.0,0.0,0.0,0.0,0.0,4032.0,0.0,0.0
0.0,0.0,0.0,0.0,0.0,0.0,0.0,0.0
0.0,0.0,0.0,0.0,0.0,0.0,0.0,0.0
737856.0,0.0,0.0,0.0,0.0,524160.0,0.0,524160.0
737856.0,0.0,0.0,0.0,0.0,528192.0,0.0,528192.0
0.0,0.0,0.0,0.0,0.0,0.0,0.0,0.0
0.0,0.0,0.0,0.0,0.0,0.0,0.0,0.0
0.0,0.0,0.0,0.0,0.0,0.0,0.0,0.0
524160.0,0.0,0.0,14410368.0,737856.0,0.0,633024.0,0.0
0.0,0.0,0.0,0.0,0.0,0.0,0.0,0.0
0.0,0.0,0.0,0.0,0.0,0.0,0.0,0.0
0.0,0.0,0.0,0.0,0.0,0.0,0.0,0.0
0.0,0.0,0.0,0.0,0.0,0.0,0.0,0.0
947520.0,0.0,0.0,842688.0,0.0,0.0,0.0,528192.0
616896.0,0.0,0.0,983808.0,858816.0,0.0,737856.0,0.0
0.0,0.0,0.0,0.0,842688.0,0.0,0.0,0.0
0.0,0.0,0.0,0.0,983808.0,0.0,0.0,0.0
0.0,0.0,0.0,0.0,0.0,0.0,0.0,0.0
0.0,0.0,0.0,0.0,983808.0,0.0,0.0,0.0
0.0,0.0,0.0,0.0,0.0,0.0,0.0,0.0
1137024.0,0.0,0.0,0.0,0.0,753984.0,0.0,0.0
0.0,0.0,0.0,0.0,0.0,0.0,0.0,0.0
0.0,0.0,0.0,0.0,0.0,0.0,0.0,0.0
0.0,0.0,0.0,0.0,0.0,0.0,0.0,0.0
0.0,0.0,0.0,0.0,0.0,0.0,0.0,0.0
0.0,0.0,0.0,0.0,0.0,0.0,0.0,0.0
1354752.0,0.0,0.0,0.0,508464.0,737856.0,0.0,0.0
1157184.0,0.0,0.0,0.0,0.0,633024.0,0.0,0.0
0.0,0.0,0.0,0.0,4032.0,0.0,0.0,0.0
1157184.0,0.0,0.0,0.0,0.0,633024.0,0.0,0.0
0.0,0.0,0.0,0.0,0.0,0.0,0.0,0.0
0.0,0.0,0.0,528192.0,0.0,0.0,0.0,0.0
0.0,0.0,0.0,0.0,0.0,0.0,0.0,0.0
0.0,0.0,0.0,1354752.0,0.0,0.0,0.0,0.0
0.0,0.0,0.0,1600704.0,0.0,0.0,0.0,0.0
951552.0,0.0,0.0,0.0,0.0,0.0,0.0,0.0
0.0,0.0,0.0,1600704.0,0.0,0.0,0.0,0.0
0.0,0.0,0.0,0.0,0.0,0.0,229824.0,0.0
0.0,0.0,0.0,1596672.0,0.0,0.0,0.0,0.0
0.0,0.0,0.0,1370880.0,0.0,0.0,0.0,0.0
0.0,0.0,0.0,0.0,0.0,0.0,0.0,0.0
1161216.0,0.0,0.0,0.0,0.0,0.0,0.0,0.0
0.0,0.0,0.0,0.0,0.0,0.0,858816.0,0.0
1161216.0,0.0,0.0,0.0,0.0,0.0,0.0,0.0
0.0,0.0,1201536.0,1600704.0,0.0,0.0,0.0,0.0
0.0,0.0,1028160.0,3165120.0,0.0,0.0,0.0,0.0
0.0,0.0,1201536.0,0.0,0.0,0.0,0.0,0.0
1346688.0,0.0,0.0,0.0,0.0,0.0,0.0,0.0
0.0,0.0,0.0,0.0,0.0,0.0,0.0,0.0
0.0,0.0,1197504.0,2463552.0,0.0,0.0,0.0,0.0
0.0,0.0,0.0,0.0,0.0,0.0,0.0,0.0
0.0,0.0,0.0,2459520.0,0.0,0.0,0.0,0.0
0.0,0.0,0.0,0.0,0.0,0.0,0.0,0.0
0.0,0.0,0.0,0.0,0.0,0.0,0.0,0.0
0.0,0.0,0.0,0.0,0.0,0.0,0.0,0.0
1673280.0,0.0,0.0,0.0,0.0,0.0,0.0,1108800.0
0.0,0.0,0.0,0.0,0.0,0.0,0.0,0.0
0.0,0.0,0.0,0.0,0.0,0.0,0.0,0.0
0.0,0.0,0.0,0.0,0.0,0.0,0.0,0.0
0.0,0.0,0.0,2108736.0,0.0,0.0,0.0,0.0
0.0,0.0,0.0,0.0,0.0,0.0,0.0,0.0
0.0,0.0,0.0,0.0,0.0,0.0,0.0,0.0
0.0,0.0,0.0,1600704.0,0.0,0.0,862848.0,0.0
0.0,0.0,0.0,0.0,0.0,0.0,737856.0,0.0
0.0,0.0,0.0,0.0,0.0,0.0,0.0,0.0
0.0,0.0,0.0,1366848.0,0.0,0.0,737856.0,0.0
0.0,0.0,0.0,0.0,0.0,0.0,858816.0,0.0
0.0,0.0,0.0,0.0,0.0,0.0,0.0,0.0
0.0,0.0,4032.0,0.0,0.0,0.0,373189.3333333333,0.0
0.0,0.0,0.0,0.0,0.0,0.0,0.0,0.0
0.0,0.0,0.0,0.0,0.0,0.0,0.0,0.0
895536.0,0.0,0.0,0.0,0.0,0.0,0.0,0.0
0.0,0.0,0.0,0.0,0.0,0.0,0.0,0.0
0.0,0.0,0.0,1366848.0,0.0,0.0,0.0,0.0
616896.0,0.0,0.0,0.0,0.0,0.0,0.0,0.0
0.0,0.0,0.0,0.0,0.0,0.0,0.0,0.0
0.0,0.0,0.0,0.0,0.0,0.0,0.0,0.0
532224.0,0.0,0.0,0.0,0.0,0.0,0.0,0.0
612864.0,0.0,0.0,0.0,0.0,0.0,0.0,0.0
1032192.0,0.0,0.0,0.0,0.0,0.0,0.0,0.0
616896.0,0.0,0.0,0.0,0.0,0.0,0.0,0.0
0.0,0.0,0.0,0.0,983808.0,0.0,0.0,0.0
0.0,0.0,0.0,1862784.0,842688.0,0.0,0.0,0.0
0.0,0.0,0.0,2403072.0,983808.0,0.0,0.0,0.0
0.0,0.0,0.0,1223941.3333333333,975744.0,4032.0,0.0,0.0
0.0,0.0,0.0,588672.0,939456.0,0.0,0.0,0.0
2044224.0,0.0,0.0,0.0,0.0,633024.0,0.0,0.0
616896.0,697536.0,0.0,0.0,0.0,1201536.0,0.0,0.0
620928.0,995904.0,0.0,0.0,1120896.0,745920.0,0.0,0.0
528192.0,842688.0,0.0,0.0,0.0,1028160.0,0.0,0.0
612864.0,983808.0,0.0,0.0,0.0,1201536.0,0.0,0.0
528192.0,846720.0,0.0,0.0,0.0,1028160.0,0.0,0.0
0.0,0.0,0.0,1721664.0,983808.0,0.0,0.0,0.0
0.0,0.0,0.0,1475712.0,842688.0,0.0,0.0,0.0
878976.0,983808.0,334656.0,0.0,0.0,1201536.0,0.0,0.0
1052352.0,842688.0,2060352.0,0.0,0.0,633024.0,0.0,0.0
2403072.0,858816.0,0.0,0.0,0.0,737856.0,0.0,0.0
1056384.0,846720.0,2060352.0,0.0,0.0,633024.0,0.0,0.0
0.0,983808.0,0.0,1717632.0,983808.0,0.0,0.0,0.0
1229760.0,987840.0,1718090.6666666667,0.0,0.0,1201536.0,0.0,0.0
0.0,737856.0,0.0,0.0,0.0,0.0,0.0,0.0
0.0,999936.0,0.0,1749888.0,995904.0,0.0,0.0,0.0
0.0,228037.3333333333,0.0,0.0,0.0,0.0,0.0,0.0
1229760.0,983808.0,0.0,0.0,0.0,0.0,0.0,983808.0
0.0,842688.0,0.0,951552.0,842688.0,0.0,0.0,0.0
0.0,983808.0,0.0,1104768.0,983808.0,0.0,0.0,0.0
1052352.0,842688.0,0.0,0.0,0.0,0.0,0.0,842688.0
1229760.0,983808.0,0.0,4032.0,0.0,1201536.0,0.0,0.0
0.0,0.0,0.0,0.0,0.0,0.0,0.0,0.0
0.0,0.0,0.0,0.0,0.0,0.0,4032.0,0.0
1229760.0,983808.0,0.0,983808.0,0.0,1201536.0,0.0,0.0
0.0,0.0,0.0,113701.33333333331,0.0,0.0,0.0,0.0
1237824.0,983808.0,0.0,983808.0,0.0,270576.0,0.0,0.0
0.0,0.0,0.0,0.0,0.0,0.0,0.0,0.0
1153152.0,919296.0,0.0,919296.0,0.0,0.0,0.0,0.0
0.0,0.0,0.0,0.0,0.0,0.0,0.0,0.0
0.0,0.0,0.0,0.0,0.0,0.0,0.0,0.0
1056384.0,846720.0,0.0,0.0,633024.0,0.0,0.0,842688.0
0.0,0.0,0.0,459648.0,0.0,0.0,0.0,0.0
0.0,330624.0,0.0,633024.0,0.0,0.0,0.0,0.0
0.0,983808.0,0.0,737856.0,0.0,0.0,0.0,0.0
1052352.0,842688.0,842688.0,842688.0,0.0,0.0,0.0,0.0
0.0,0.0,0.0,0.0,737856.0,0.0,0.0,0.0
1229760.0,10579968.0,983808.0,983808.0,290304.0,0.0,0.0,0.0
0.0,842688.0,0.0,633024.0,0.0,0.0,0.0,0.0
0.0,0.0,0.0,0.0,737856.0,0.0,0.0,0.0
0.0,0.0,0.0,0.0,633024.0,0.0,0.0,0.0
0.0,983808.0,0.0,737856.0,0.0,0.0,0.0,0.0
1604736.0,4662837.333333333,987840.0,0.0,0.0,0.0,4032.0,793210.6666666666
1475712.0,842688.0,842688.0,842688.0,528192.0,0.0,0.0,0.0
1810368.0,1040256.0,798794.6666666666,1036224.0,645120.0,0.0,0.0,0.0
0.0,0.0,4032.0,0.0,6181056.0,0.0,491904.0,0.0
1721664.0,0.0,0.0,0.0,0.0,0.0,443520.0,0.0
0.0,0.0,0.0,725760.0,691317.3333333334,0.0,0.0,4032.0
528192.0,0.0,0.0,0.0,524160.0,0.0,0.0,0.0
0.0,0.0,0.0,753984.0,0.0,0.0,0.0,0.0
528192.0,0.0,0.0,0.0,0.0,0.0,1028160.0,0.0
0.0,4032.0,0.0,737856.0,0.0,0.0,0.0,0.0
0.0,0.0,0.0,633024.0,0.0,0.0,0.0,0.0
612864.0,858816.0,1201536.0,0.0,616896.0,0.0,0.0,0.0
528192.0,737856.0,1028160.0,0.0,0.0,0.0,0.0,0.0
616896.0,858816.0,1201536.0,0.0,0.0,0.0,0.0,0.0
0.0,0.0,0.0,628992.0,0.0,0.0,0.0,0.0
0.0,866880.0,764293.3333333334,0.0,0.0,0.0,0.0,0.0
0.0,0.0,0.0,633024.0,0.0,0.0,0.0,0.0
0.0,0.0,0.0,0.0,0.0,0.0,612864.0,0.0
0.0,0.0,600768.0,633024.0,0.0,0.0,0.0,0.0
0.0,0.0,1201536.0,1761984.0,0.0,0.0,0.0,0.0
0.0,737856.0,0.0,0.0,0.0,0.0,0.0,0.0
0.0,0.0,1201536.0,1842624.0,0.0,0.0,0.0,0.0
0.0,862848.0,0.0,0.0,612864.0,0.0,0.0,0.0
0.0,0.0,1028160.0,1580544.0,0.0,0.0,0.0,0.0
0.0,858816.0,0.0,0.0,862848.0,0.0,0.0,0.0
0.0,737856.0,0.0,0.0,947520.0,0.0,0.0,0.0
0.0,0.0,1201536.0,1842624.0,0.0,0.0,0.0,0.0
0.0,737856.0,0.0,0.0,947520.0,0.0,0.0,0.0
0.0,0.0,250442.66666666663,1846656.0,0.0,0.0,4032.0,0.0
0.0,0.0,0.0,0.0,0.0,0.0,0.0,0.0
0.0,858816.0,0.0,0.0,612864.0,0.0,0.0,0.0
0.0,0.0,0.0,0.0,0.0,0.0,0.0,0.0
0.0,858816.0,0.0,0.0,1104768.0,0.0,0.0,0.0
0.0,0.0,0.0,1108800.0,0.0,0.0,0.0,0.0
0.0,737856.0,0.0,0.0,947520.0,0.0,0.0,0.0
0.0,858816.0,0.0,0.0,1104768.0,0.0,0.0,0.0
0.0,0.0,0.0,951552.0,0.0,0.0,0.0,0.0
0.0,0.0,0.0,0.0,0.0,0.0,0.0,0.0
0.0,165312.0,9608256.0,0.0,616896.0,0.0,0.0,0.0
0.0,0.0,0.0,947520.0,0.0,0.0,0.0,0.0
0.0,0.0,0.0,1108800.0,0.0,0.0,0.0,0.0
0.0,737856.0,8233344.0,0.0,528192.0,0.0,0.0,0.0
0.0,0.0,0.0,1108800.0,0.0,0.0,0.0,0.0
0.0,737856.0,8241408.0,0.0,51322.66666666666,0.0,0.0,0.0
0.0,858816.0,9604224.0,0.0,0.0,0.0,0.0,0.0
0.0,737856.0,8237376.0,0.0,0.0,0.0,0.0,0.0
0.0,862848.0,9608256.0,0.0,1108800.0,0.0,0.0,0.0
0.0,0.0,0.0,1108800.0,0.0,0.0,0.0,0.0
0.0,737856.0,8237376.0,0.0,0.0,0.0,0.0,0.0
0.0,0.0,0.0,0.0,0.0,8410752.0,0.0,0.0
0.0,737856.0,0.0,0.0,0.0,0.0,0.0,0.0
0.0,858816.0,0.0,0.0,0.0,0.0,0.0,0.0
0.0,862848.0,0.0,0.0,0.0,0.0,0.0,0.0
0.0,0.0,0.0,0.0,0.0,7205184.0,0.0,0.0
0.0,0.0,0.0,1108800.0,0.0,0.0,0.0,0.0
0.0,0.0,0.0,947520.0,0.0,0.0,266112.0,0.0
0.0,862848.0,0.0,0.0,0.0,0.0,858816.0,0.0
0.0,737856.0,0.0,0.0,0.0,0.0,737856.0,0.0
0.0,0.0,0.0,750384.0,0.0,0.0,858816.0,0.0
0.0,737856.0,0.0,0.0,0.0,0.0,0.0,0.0
0.0,0.0,0.0,0.0,0.0,0.0,862848.0,0.0
0.0,858816.0,0.0,0.0,0.0,0.0,862848.0,0.0
0.0,737856.0,0.0,0.0,0.0,0.0,0.0,0.0
0.0,0.0,0.0,0.0,0.0,0.0,0.0,0.0
0.0,737856.0,0.0,0.0,0.0,0.0,0.0,0.0
0.0,862848.0,0.0,4032.0,0.0,0.0,0.0,0.0
0.0,12096.0,0.0,0.0,0.0,0.0,0.0,0.0
0.0,983808.0,0.0,0.0,0.0,0.0,0.0,0.0
0.0,862848.0,0.0,0.0,0.0,0.0,0.0,0.0
0.0,842688.0,0.0,0.0,0.0,0.0,0.0,0.0
0.0,858816.0,0.0,0.0,0.0,0.0,0.0,0.0
0.0,737856.0,0.0,0.0,0.0,0.0,737856.0,0.0
0.0,983808.0,0.0,0.0,0.0,0.0,0.0,0.0
0.0,0.0,0.0,0.0,0.0,0.0,737856.0,0.0
0.0,0.0,0.0,0.0,0.0,0.0,858816.0,0.0
0.0,999936.0,0.0,0.0,0.0,0.0,737856.0,0.0
0.0,7205184.0,0.0,0.0,0.0,0.0,1108800.0,0.0
0.0,983808.0,850752.0,0.0,0.0,0.0,0.0,0.0
0.0,846720.0,737856.0,0.0,0.0,0.0,0.0,0.0
0.0,7209216.0,0.0,0.0,0.0,0.0,1721664.0,0.0
0.0,7205184.0,0.0,0.0,0.0,0.0,1721664.0,0.0
0.0,0.0,0.0,0.0,0.0,0.0,1475712.0,0.0
0.0,0.0,0.0,866880.0,0.0,0.0,0.0,0.0
0.0,0.0,0.0,0.0,0.0,0.0,1475712.0,0.0
0.0,0.0,967680.0,862848.0,0.0,0.0,0.0,0.0
0.0,0.0,1725696.0,858816.0,0.0,0.0,0.0,0.0
0.0,0.0,4032.0,0.0,0.0,0.0,1341936.0,0.0
0.0,0.0,0.0,858816.0,0.0,0.0,0.0,0.0
0.0,0.0,0.0,0.0,0.0,0.0,737856.0,0.0
0.0,0.0,0.0,0.0,0.0,0.0,862848.0,0.0
0.0,0.0,0.0,0.0,0.0,0.0,858816.0,0.0
0.0,0.0,0.0,0.0,0.0,0.0,737856.0,0.0
0.0,0.0,0.0,0.0,0.0,0.0,862848.0,0.0
0.0,0.0,1553845.3333333333,858816.0,0.0,0.0,0.0,0.0
0.0,0.0,0.0,8709120.0,0.0,0.0,838656.0,0.0
0.0,0.0,0.0,8201088.0,0.0,0.0,838656.0,0.0
0.0,0.0,0.0,7209216.0,0.0,0.0,737856.0,0.0
0.0,0.0,0.0,0.0,983808.0,0.0,858816.0,0.0
0.0,0.0,0.0,7205184.0,0.0,0.0,737856.0,0.0
0.0,0.0,0.0,8410752.0,0.0,0.0,858816.0,0.0
0.0,0.0,0.0,0.0,846720.0,0.0,737856.0,0.0
0.0,0.0,0.0,0.0,983808.0,0.0,858816.0,0.0
0.0,0.0,0.0,0.0,983808.0,0.0,862848.0,1503936.0
0.0,0.0,0.0,0.0,842688.0,0.0,737856.0,2060352.0
0.0,0.0,983808.0,858816.0,0.0,0.0,0.0,0.0
0.0,0.0,0.0,0.0,0.0,0.0,737856.0,2056320.0
0.0,0.0,0.0,4032.0,0.0,0.0,0.0,888565.3333333334
0.0,10297728.0,0.0,0.0,0.0,0.0,0.0,0.0
0.0,0.0,0.0,0.0,0.0,0.0,0.0,1138549.3333333333
0.0,0.0,842688.0,0.0,0.0,0.0,322560.0,0.0
0.0,0.0,0.0,0.0,0.0,0.0,0.0,0.0
0.0,0.0,0.0,0.0,0.0,0.0,633024.0,0.0
0.0,0.0,0.0,0.0,0.0,0.0,0.0,0.0
0.0,0.0,846720.0,0.0,0.0,0.0,528192.0,0.0
0.0,0.0,0.0,0.0,0.0,0.0,0.0,0.0
0.0,0.0,0.0,0.0,0.0,0.0,633024.0,0.0
0.0,0.0,0.0,0.0,0.0,0.0,737856.0,0.0
0.0,0.0,2899008.0,4032.0,0.0,0.0,528192.0,0.0
0.0,0.0,0.0,0.0,0.0,0.0,0.0,0.0
0.0,4032.0,2144304.0,0.0,0.0,0.0,612864.0,0.0
0.0,0.0,0.0,0.0,0.0,0.0,0.0,0.0
0.0,0.0,983808.0,0.0,0.0,0.0,616896.0,0.0
0.0,0.0,0.0,1560384.0,0.0,0.0,0.0,0.0
0.0,0.0,0.0,0.0,0.0,0.0,737856.0,0.0
0.0,0.0,846720.0,0.0,0.0,0.0,0.0,0.0
0.0,0.0,0.0,0.0,0.0,0.0,0.0,0.0
0.0,0.0,0.0,0.0,0.0,0.0,0.0,0.0
0.0,0.0,842688.0,0.0,0.0,0.0,0.0,0.0
0.0,0.0,0.0,0.0,0.0,0.0,0.0,0.0
0.0,0.0,0.0,2056320.0,0.0,0.0,0.0,0.0
0.0,0.0,0.0,0.0,0.0,0.0,737856.0,0.0
0.0,0.0,0.0,0.0,0.0,0.0,790272.0,0.0
0.0,0.0,0.0,0.0,0.0,0.0,0.0,0.0
983808.0,0.0,983808.0,0.0,0.0,0.0,0.0,0.0
983808.0,0.0,983808.0,0.0,0.0,0.0,0.0,0.0
842688.0,0.0,0.0,4032.0,0.0,0.0,0.0,0.0
983808.0,0.0,983808.0,0.0,0.0,0.0,0.0,1104768.0
983808.0,0.0,983808.0,0.0,0.0,0.0,0.0,1108800.0
1673280.0,0.0,0.0,0.0,0.0,0.0,0.0,0.0
0.0,0.0,0.0,0.0,0.0,0.0,0.0,0.0
0.0,0.0,0.0,0.0,0.0,0.0,0.0,0.0
0.0,0.0,0.0,0.0,0.0,0.0,0.0,0.0
3382848.0,0.0,0.0,1201536.0,0.0,0.0,0.0,0.0
1738250.6666666667,0.0,842688.0,0.0,0.0,4032.0,0.0,414576.0
0.0,0.0,0.0,0.0,0.0,0.0,1475712.0,0.0
983808.0,0.0,0.0,1201536.0,0.0,0.0,298368.0,0.0
842688.0,0.0,0.0,1028160.0,161280.0,0.0,524160.0,0.0
983808.0,0.0,0.0,0.0,0.0,0.0,0.0,0.0
0.0,0.0,0.0,0.0,0.0,0.0,528192.0,842688.0
983808.0,0.0,0.0,1197504.0,862848.0,0.0,612864.0,0.0
983808.0,0.0,0.0,1201536.0,858816.0,0.0,616896.0,0.0
0.0,0.0,0.0,0.0,0.0,0.0,528192.0,842688.0
983808.0,0.0,0.0,0.0,0.0,0.0,0.0,0.0
983808.0,0.0,0.0,387072.0,858816.0,0.0,612864.0,0.0
842688.0,0.0,0.0,10293696.0,737856.0,0.0,528192.0,0.0
0.0,0.0,0.0,0.0,0.0,0.0,612864.0,983808.0
0.0,0.0,0.0,0.0,862848.0,0.0,0.0,983808.0
0.0,0.0,0.0,0.0,0.0,0.0,524160.0,842688.0
0.0,0.0,0.0,0.0,0.0,0.0,616896.0,983808.0
0.0,0.0,0.0,0.0,0.0,0.0,528192.0,842688.0
983808.0,0.0,0.0,0.0,862848.0,0.0,616896.0,0.0
842688.0,0.0,0.0,0.0,0.0,0.0,0.0,0.0
983808.0,0.0,0.0,0.0,858816.0,0.0,612864.0,0.0
842688.0,0.0,4032.0,0.0,521653.3333333333,0.0,528192.0,0.0
0.0,0.0,4032.0,0.0,0.0,0.0,310922.6666666667,983808.0
0.0,0.0,0.0,0.0,0.0,0.0,0.0,983808.0
0.0,0.0,0.0,0.0,0.0,0.0,0.0,846720.0
0.0,266112.0,0.0,0.0,0.0,0.0,0.0,983808.0
0.0,862848.0,0.0,0.0,0.0,0.0,0.0,983808.0
842688.0,0.0,0.0,0.0,0.0,0.0,0.0,0.0
0.0,858816.0,0.0,0.0,0.0,0.0,0.0,983808.0
0.0,737856.0,0.0,0.0,0.0,0.0,0.0,842688.0
983808.0,0.0,0.0,0.0,0.0,0.0,0.0,0.0
846720.0,0.0,0.0,0.0,0.0,0.0,0.0,0.0
0.0,0.0,0.0,0.0,0.0,0.0,0.0,983808.0
0.0,0.0,0.0,0.0,0.0,0.0,0.0,983808.0
0.0,0.0,0.0,0.0,0.0,0.0,0.0,0.0
0.0,0.0,0.0,0.0,0.0,0.0,0.0,0.0
0.0,0.0,0.0,0.0,0.0,0.0,0.0,0.0
0.0,0.0,0.0,0.0,0.0,0.0,0.0,0.0
0.0,0.0,0.0,0.0,0.0,0.0,0.0,983808.0
0.0,737856.0,0.0,0.0,0.0,0.0,0.0,842688.0
0.0,862848.0,0.0,0.0,0.0,0.0,0.0,983808.0
0.0,0.0,0.0,0.0,0.0,0.0,0.0,4032.0
0.0,0.0,0.0,0.0,0.0,0.0,0.0,0.0
0.0,737856.0,0.0,0.0,0.0,0.0,0.0,842688.0
0.0,0.0,0.0,0.0,0.0,0.0,0.0,0.0
0.0,0.0,0.0,0.0,0.0,0.0,0.0,0.0
0.0,0.0,0.0,0.0,0.0,0.0,0.0,0.0
0.0,0.0,0.0,0.0,0.0,0.0,0.0,0.0
0.0,0.0,0.0,0.0,0.0,0.0,0.0,0.0
0.0,737856.0,0.0,4032.0,411264.0,0.0,0.0,758448.0
0.0,0.0,0.0,0.0,0.0,0.0,0.0,0.0
0.0,737856.0,0.0,10293696.0,842688.0,0.0,0.0,0.0
0.0,0.0,0.0,0.0,0.0,0.0,4032.0,0.0
0.0,0.0,0.0,4032.0,0.0,0.0,725760.0,0.0
0.0,0.0,0.0,0.0,0.0,0.0,0.0,1028160.0
0.0,0.0,0.0,0.0,0.0,0.0,0.0,1201536.0
0.0,633024.0,0.0,0.0,0.0,0.0,0.0,0.0
0.0,0.0,0.0,0.0,0.0,0.0,858816.0,0.0
0.0,0.0,0.0,0.0,979776.0,0.0,0.0,0.0
0.0,0.0,0.0,0.0,0.0,0.0,0.0,1028160.0
0.0,0.0,0.0,1108800.0,0.0,0.0,858816.0,0.0
0.0,0.0,0.0,0.0,0.0,0.0,0.0,372469.3333333333
0.0,0.0,0.0,0.0,0.0,0.0,0.0,8064.0
0.0,0.0,0.0,0.0,0.0,0.0,0.0,0.0
0.0,737856.0,0.0,0.0,0.0,0.0,0.0,0.0
0.0,737856.0,0.0,0.0,0.0,0.0,0.0,0.0
0.0,729792.0,0.0,1096704.0,0.0,0.0,0.0,0.0
0.0,729792.0,0.0,1092672.0,971712.0,0.0,0.0,0.0
0.0,0.0,0.0,0.0,0.0,0.0,0.0,0.0
0.0,737856.0,0.0,1108800.0,983808.0,0.0,0.0,0.0
0.0,0.0,0.0,947520.0,0.0,0.0,0.0,0.0
0.0,0.0,0.0,1923264.0,0.0,0.0,0.0,0.0
0.0,0.0,0.0,1963584.0,0.0,0.0,0.0,0.0
0.0,0.0,0.0,1967616.0,0.0,0.0,0.0,0.0
0.0,0.0,0.0,0.0,0.0,0.0,0.0,0.0
0.0,782208.0,0.0,2084544.0,0.0,0.0,0.0,0.0
0.0,0.0,0.0,0.0,0.0,0.0,0.0,0.0
0.0,657216.0,0.0,0.0,0.0,0.0,0.0,0.0
0.0,608832.0,0.0,0.0,0.0,0.0,0.0,0.0
0.0,528192.0,0.0,0.0,0.0,0.0,0.0,0.0
0.0,0.0,737856.0,0.0,0.0,0.0,0.0,0.0
0.0,737856.0,0.0,0.0,0.0,0.0,0.0,0.0
0.0,524160.0,1419264.0,0.0,0.0,0.0,0.0,0.0
0.0,616896.0,2403072.0,0.0,0.0,0.0,0.0,0.0
0.0,0.0,737856.0,0.0,0.0,0.0,0.0,0.0
0.0,532224.0,1995120.0,0.0,0.0,0.0,0.0,0.0
0.0,737856.0,0.0,0.0,0.0,0.0,0.0,0.0
0.0,0.0,1350720.0,0.0,0.0,0.0,0.0,0.0
0.0,633024.0,0.0,0.0,0.0,0.0,0.0,0.0
0.0,737856.0,0.0,0.0,0.0,0.0,4032.0,0.0
0.0,1471680.0,0.0,0.0,0.0,0.0,0.0,0.0
0.0,633024.0,0.0,0.0,0.0,0.0,0.0,0.0
0.0,1475712.0,0.0,0.0,0.0,0.0,0.0,0.0
0.0,1266048.0,0.0,4032.0,0.0,0.0,0.0,0.0
0.0,737856.0,0.0,0.0,0.0,0.0,0.0,0.0
0.0,0.0,737856.0,0.0,0.0,0.0,0.0,0.0
0.0,1262016.0,0.0,0.0,0.0,0.0,947520.0,0.0
0.0,1479744.0,0.0,0.0,0.0,4032.0,1108800.0,0.0
0.0,1017589.3333333334,4032.0,0.0,0.0,0.0,0.0,1201536.0
0.0,0.0,633024.0,0.0,0.0,0.0,0.0,0.0
0.0,862848.0,0.0,0.0,0.0,0.0,0.0,1201536.0
0.0,737856.0,0.0,0.0,0.0,0.0,0.0,1028160.0
0.0,858816.0,0.0,0.0,0.0,0.0,0.0,1201536.0
0.0,0.0,794304.0,0.0,0.0,4032.0,5561653.333333333,0.0
0.0,138613.33333333334,4032.0,0.0,0.0,0.0,0.0,1032192.0
0.0,0.0,0.0,0.0,0.0,0.0,0.0,0.0
0.0,0.0,0.0,0.0,0.0,0.0,0.0,0.0
0.0,0.0,633024.0,0.0,0.0,0.0,0.0,0.0
0.0,0.0,0.0,0.0,0.0,0.0,0.0,0.0
0.0,0.0,0.0,0.0,0.0,0.0,0.0,0.0
0.0,0.0,737856.0,0.0,8406720.0,0.0,0.0,0.0
0.0,0.0,0.0,0.0,0.0,0.0,0.0,0.0
0.0,0.0,0.0,0.0,0.0,0.0,0.0,0.0
0.0,4032.0,709632.0,0.0,8088192.0,0.0,0.0,0.0
0.0,0.0,0.0,0.0,7201152.0,0.0,0.0,0.0
0.0,0.0,0.0,0.0,0.0,0.0,0.0,0.0
0.0,0.0,778176.0,0.0,8898624.0,0.0,0.0,0.0
0.0,0.0,0.0,899136.0,0.0,0.0,0.0,0.0
0.0,0.0,466618.6666666667,0.0,7201152.0,0.0,0.0,0.0
0.0,0.0,0.0,0.0,1452272.0,0.0,0.0,4032.0
0.0,0.0,0.0,0.0,0.0,0.0,0.0,0.0
0.0,0.0,0.0,1177344.0,0.0,0.0,0.0,0.0
0.0,0.0,0.0,0.0,0.0,0.0,633024.0,0.0
0.0,0.0,0.0,1205568.0,0.0,0.0,0.0,0.0
0.0,0.0,0.0,0.0,0.0,0.0,0.0,0.0
0.0,0.0,0.0,0.0,0.0,0.0,0.0,0.0
0.0,0.0,0.0,0.0,0.0,0.0,0.0,0.0
0.0,0.0,0.0,0.0,0.0,0.0,633024.0,0.0
0.0,0.0,0.0,0.0,0.0,0.0,0.0,0.0
0.0,0.0,0.0,0.0,0.0,0.0,0.0,0.0
0.0,0.0,0.0,0.0,842688.0,0.0,628992.0,0.0
0.0,0.0,0.0,0.0,983808.0,0.0,0.0,0.0
0.0,0.0,0.0,0.0,983808.0,0.0,737856.0,0.0
0.0,0.0,0.0,0.0,846720.0,0.0,0.0,0.0
0.0,0.0,0.0,0.0,983808.0,0.0,737856.0,0.0
0.0,0.0,0.0,0.0,0.0,10075968.0,0.0,0.0
4032.0,0.0,0.0,0.0,0.0,8229312.0,0.0,0.0
0.0,0.0,0.0,2136960.0,172656.0,0.0,0.0,4032.0
0.0,0.0,0.0,2403072.0,0.0,0.0,0.0,0.0
0.0,0.0,0.0,2060352.0,0.0,0.0,0.0,0.0
0.0,0.0,0.0,0.0,0.0,0.0,0.0,0.0
0.0,0.0,0.0,2060352.0,0.0,0.0,0.0,0.0
0.0,0.0,0.0,0.0,0.0,0.0,4032.0,0.0
0.0,0.0,0.0,0.0,0.0,0.0,0.0,0.0
0.0,0.0,0.0,0.0,0.0,0.0,0.0,0.0
0.0,0.0,0.0,0.0,0.0,0.0,0.0,0.0
40320.0,0.0,0.0,0.0,0.0,0.0,0.0,0.0
1201536.0,0.0,0.0,0.0,0.0,0.0,0.0,0.0
0.0,0.0,338688.0,0.0,0.0,0.0,0.0,0.0
1201536.0,0.0,0.0,0.0,0.0,0.0,0.0,0.0
1201536.0,0.0,0.0,0.0,0.0,0.0,0.0,0.0
0.0,0.0,628992.0,0.0,0.0,0.0,0.0,0.0
0.0,0.0,737856.0,0.0,0.0,0.0,0.0,0.0
1201536.0,0.0,0.0,0.0,0.0,0.0,0.0,0.0
1028160.0,0.0,0.0,0.0,0.0,0.0,0.0,0.0
1201536.0,0.0,0.0,0.0,0.0,0.0,0.0,0.0
7152768.0,4032.0,733824.0,0.0,3107578.6666666665,0.0,0.0,0.0
1028160.0,0.0,0.0,0.0,0.0,0.0,0.0,0.0
1257984.0,0.0,0.0,0.0,0.0,0.0,0.0,0.0
4321210.666666667,0.0,633024.0,0.0,0.0,4032.0,528192.0,2435328.0
0.0,4032.0,164592.0,0.0,0.0,0.0,616896.0,7209216.0
0.0,0.0,0.0,0.0,0.0,0.0,524160.0,6177024.0
0.0,0.0,0.0,0.0,0.0,0.0,0.0,0.0
0.0,657216.0,0.0,0.0,0.0,0.0,612864.0,7209216.0
0.0,0.0,0.0,4032.0,0.0,0.0,0.0,0.0
1032192.0,0.0,0.0,0.0,0.0,0.0,0.0,0.0
0.0,0.0,0.0,0.0,0.0,0.0,0.0,0.0
0.0,0.0,0.0,0.0,0.0,0.0,0.0,0.0
1032192.0,0.0,0.0,0.0,0.0,0.0,0.0,0.0
0.0,0.0,0.0,1108800.0,0.0,0.0,0.0,0.0
0.0,0.0,0.0,0.0,0.0,0.0,0.0,0.0
0.0,0.0,0.0,0.0,0.0,0.0,0.0,0.0
0.0,0.0,0.0,0.0,0.0,0.0,0.0,0.0
0.0,0.0,0.0,1104768.0,0.0,0.0,0.0,0.0
1028160.0,0.0,0.0,0.0,0.0,14406336.0,0.0,0.0
0.0,2649024.0,0.0,0.0,0.0,18510912.0,0.0,0.0
1189440.0,2378880.0,0.0,0.0,0.0,16632000.0,0.0,0.0
1181376.0,379466.6666666667,0.0,4032.0,0.0,16523136.0,0.0,0.0
0.0,0.0,0.0,1076544.0,0.0,0.0,0.0,0.0
1173312.0,0.0,0.0,0.0,0.0,0.0,0.0,0.0
1032192.0,0.0,0.0,0.0,0.0,0.0,0.0,0.0
1197504.0,0.0,0.0,0.0,0.0,0.0,0.0,0.0
0.0,0.0,0.0,951552.0,0.0,0.0,0.0,0.0
0.0,0.0,0.0,0.0,0.0,0.0,0.0,0.0
0.0,0.0,0.0,0.0,0.0,0.0,0.0,0.0
0.0,0.0,0.0,947520.0,0.0,0.0,0.0,0.0
0.0,0.0,0.0,1104768.0,8608320.0,0.0,0.0,0.0
0.0,983808.0,0.0,0.0,0.0,0.0,0.0,0.0
0.0,0.0,0.0,1431360.0,0.0,0.0,0.0,0.0
0.0,0.0,0.0,1846656.0,0.0,0.0,0.0,0.0
0.0,842688.0,0.0,0.0,0.0,0.0,0.0,0.0
0.0,983808.0,0.0,0.0,0.0,0.0,0.0,721728.0
0.0,0.0,0.0,0.0,0.0,6048000.0,0.0,0.0
0.0,0.0,0.0,0.0,0.0,10293696.0,0.0,0.0
0.0,0.0,0.0,1846656.0,0.0,0.0,0.0,1108800.0
0.0,0.0,0.0,1842624.0,0.0,0.0,0.0,1104768.0
0.0,0.0,0.0,1016496.0,0.0,0.0,0.0,947520.0
0.0,0.0,0.0,0.0,0.0,0.0,0.0,0.0
0.0,0.0,0.0,0.0,0.0,0.0,0.0,0.0
0.0,0.0,0.0,0.0,0.0,0.0,0.0,0.0
0.0,8213989.333333333,0.0,737856.0,0.0,0.0,4032.0,1104768.0
0.0,0.0,0.0,0.0,0.0,0.0,0.0,0.0
0.0,0.0,0.0,633024.0,0.0,0.0,0.0,947520.0
0.0,0.0,0.0,0.0,0.0,0.0,0.0,0.0
0.0,0.0,0.0,0.0,0.0,0.0,0.0,1104768.0
0.0,0.0,0.0,528192.0,0.0,0.0,0.0,0.0
0.0,0.0,0.0,0.0,0.0,0.0,0.0,0.0
0.0,0.0,0.0,0.0,0.0,0.0,0.0,0.0
842688.0,0.0,0.0,0.0,0.0,0.0,0.0,947520.0
0.0,0.0,0.0,0.0,0.0,0.0,0.0,1108800.0
0.0,0.0,0.0,1354752.0,1108800.0,0.0,0.0,0.0
983808.0,0.0,0.0,0.0,0.0,0.0,0.0,1108800.0
0.0,0.0,0.0,1161216.0,951552.0,0.0,0.0,0.0
983808.0,0.0,0.0,0.0,0.0,0.0,0.0,1108800.0
0.0,0.0,0.0,1108800.0,0.0,0.0,0.0,1108800.0
983808.0,0.0,0.0,0.0,0.0,0.0,0.0,1108800.0
4032.0,0.0,0.0,1157184.0,947520.0,4032.0,0.0,0.0
0.0,0.0,0.0,1108800.0,0.0,0.0,0.0,1104768.0
0.0,0.0,0.0,0.0,0.0,0.0,0.0,0.0
0.0,0.0,0.0,0.0,0.0,0.0,0.0,0.0
0.0,0.0,0.0,616896.0,0.0,0.0,0.0,0.0
0.0,0.0,0.0,612864.0,0.0,0.0,0.0,0.0
0.0,0.0,0.0,484298.6666666667,0.0,0.0,0.0,0.0
0.0,0.0,0.0,0.0,0.0,0.0,0.0,0.0
2479680.0,0.0,0.0,1145088.0,0.0,0.0,633024.0,1145088.0
2060352.0,0.0,0.0,178933.33333333334,0.0,0.0,528192.0,947520.0
0.0,0.0,0.0,0.0,0.0,0.0,0.0,0.0
0.0,0.0,0.0,0.0,1104768.0,0.0,0.0,1104768.0
0.0,0.0,0.0,0.0,0.0,0.0,0.0,0.0
0.0,0.0,149184.0,0.0,1108800.0,0.0,983808.0,1104768.0
0.0,0.0,2403072.0,0.0,1104768.0,0.0,983808.0,226224.0
2060352.0,0.0,2056320.0,0.0,0.0,0.0,528192.0,0.0
2403072.0,0.0,0.0,0.0,0.0,0.0,616896.0,0.0
1826928.0,0.0,2403072.0,0.0,0.0,0.0,616896.0,0.0
0.0,0.0,2056320.0,0.0,0.0,0.0,528192.0,0.0
0.0,0.0,0.0,0.0,0.0,0.0,673344.0,4032.0
0.0,0.0,0.0,0.0,0.0,0.0,0.0,0.0
0.0,749952.0,0.0,0.0,0.0,0.0,0.0,0.0
0.0,0.0,0.0,0.0,0.0,0.0,612864.0,0.0
0.0,0.0,0.0,0.0,0.0,0.0,528192.0,0.0
0.0,862848.0,0.0,0.0,0.0,0.0,0.0,0.0
0.0,0.0,2403072.0,0.0,0.0,0.0,612864.0,0.0
0.0,737856.0,0.0,0.0,0.0,0.0,0.0,0.0
6193152.0,0.0,0.0,0.0,0.0,0.0,612864.0,0.0
7205184.0,1713600.0,2403072.0,0.0,0.0,0.0,612864.0,0.0
0.0,858816.0,2399040.0,0.0,1104768.0,0.0,983808.0,0.0
0.0,737856.0,0.0,0.0,0.0,0.0,0.0,0.0
0.0,862848.0,1988208.0,0.0,519034.6666666667,0.0,987840.0,0.0
7205184.0,2403072.0,0.0,0.0,0.0,0.0,246384.0,0.0
0.0,858816.0,0.0,0.0,0.0,0.0,983808.0,0.0
6177024.0,2060352.0,0.0,0.0,0.0,0.0,0.0,0.0
284085.3333333333,4032.0,0.0,0.0,858816.0,0.0,4032.0,0.0
0.0,0.0,0.0,0.0,862848.0,0.0,0.0,0.0
0.0,557941.3333333334,0.0,16128.0,0.0,0.0,0.0,0.0
0.0,24192.0,0.0,0.0,0.0,0.0,0.0,0.0
0.0,0.0,0.0,0.0,0.0,0.0,0.0,0.0
0.0,0.0,0.0,0.0,0.0,0.0,0.0,0.0
0.0,0.0,0.0,0.0,0.0,0.0,0.0,737856.0
0.0,0.0,0.0,0.0,774144.0,0.0,0.0,0.0
0.0,0.0,0.0,0.0,0.0,0.0,0.0,542533.3333333334
0.0,983808.0,0.0,0.0,0.0,0.0,0.0,0.0
0.0,0.0,0.0,0.0,1108800.0,0.0,0.0,0.0
0.0,519408.0,0.0,0.0,0.0,0.0,0.0,0.0
0.0,0.0,0.0,0.0,0.0,0.0,0.0,0.0
0.0,0.0,0.0,0.0,1108800.0,0.0,0.0,0.0
0.0,0.0,0.0,0.0,0.0,0.0,0.0,0.0
0.0,0.0,0.0,0.0,0.0,0.0,0.0,0.0
0.0,0.0,0.0,737856.0,1104768.0,0.0,0.0,0.0
0.0,0.0,0.0,0.0,1108800.0,0.0,0.0,0.0
0.0,0.0,0.0,0.0,947520.0,0.0,0.0,0.0
0.0,0.0,0.0,0.0,1108800.0,0.0,0.0,0.0
0.0,0.0,0.0,0.0,295861.3333333333,0.0,0.0,0.0
0.0,983808.0,0.0,0.0,0.0,0.0,0.0,0.0
0.0,0.0,0.0,0.0,0.0,0.0,0.0,0.0
0.0,0.0,0.0,633024.0,947520.0,0.0,0.0,213696.0
0.0,0.0,0.0,0.0,0.0,0.0,0.0,862848.0
0.0,0.0,0.0,737856.0,1104768.0,0.0,0.0,862848.0
0.0,842688.0,0.0,0.0,0.0,0.0,0.0,0.0
737856.0,0.0,0.0,0.0,0.0,0.0,0.0,0.0
737856.0,0.0,0.0,0.0,0.0,0.0,0.0,0.0
0.0,0.0,0.0,737856.0,0.0,0.0,0.0,858816.0
0.0,0.0,0.0,0.0,0.0,0.0,0.0,236101.3333333333
0.0,0.0,4032.0,0.0,0.0,0.0,0.0,0.0
0.0,0.0,0.0,0.0,0.0,0.0,0.0,0.0
633024.0,0.0,0.0,0.0,0.0,0.0,0.0,0.0
0.0,0.0,0.0,0.0,0.0,0.0,0.0,0.0
0.0,0.0,0.0,0.0,0.0,0.0,0.0,0.0
0.0,0.0,0.0,0.0,0.0,0.0,0.0,0.0
0.0,0.0,0.0,0.0,0.0,0.0,0.0,592704.0
0.0,0.0,0.0,0.0,0.0,0.0,0.0,737856.0
737856.0,0.0,0.0,0.0,0.0,0.0,0.0,0.0
0.0,0.0,0.0,878976.0,0.0,0.0,0.0,0.0
0.0,0.0,0.0,1108800.0,0.0,0.0,0.0,0.0
0.0,0.0,0.0,1104768.0,0.0,0.0,0.0,0.0
2693376.0,0.0,0.0,0.0,0.0,0.0,0.0,0.0
0.0,0.0,0.0,0.0,0.0,0.0,0.0,737856.0
3140928.0,0.0,0.0,0.0,0.0,0.0,0.0,0.0
0.0,0.0,0.0,1104768.0,0.0,0.0,0.0,0.0
0.0,0.0,858816.0,0.0,0.0,0.0,0.0,737856.0
0.0,0.0,737856.0,0.0,0.0,0.0,0.0,637056.0
0.0,0.0,862848.0,0.0,0.0,0.0,0.0,737856.0
3140928.0,0.0,0.0,0.0,0.0,0.0,0.0,0.0
0.0,0.0,737856.0,0.0,0.0,0.0,0.0,633024.0
0.0,0.0,0.0,0.0,0.0,0.0,0.0,737856.0
0.0,983808.0,0.0,1104768.0,0.0,0.0,0.0,0.0
2403072.0,0.0,0.0,20160.0,0.0,0.0,0.0,0.0
0.0,0.0,51696.0,0.0,0.0,0.0,0.0,737856.0
2060352.0,0.0,0.0,0.0,0.0,0.0,548352.0,0.0
0.0,0.0,0.0,0.0,0.0,0.0,0.0,737856.0
0.0,0.0,0.0,0.0,0.0,0.0,0.0,737856.0
0.0,0.0,0.0,0.0,0.0,0.0,0.0,737856.0
0.0,0.0,0.0,0.0,0.0,0.0,0.0,633024.0
0.0,0.0,0.0,0.0,0.0,0.0,0.0,737856.0
0.0,0.0,0.0,0.0,0.0,0.0,737856.0,0.0
0.0,0.0,0.0,0.0,0.0,0.0,619141.3333333334,0.0
0.0,0.0,0.0,0.0,0.0,0.0,0.0,0.0
0.0,983808.0,0.0,0.0,0.0,0.0,0.0,737856.0
0.0,0.0,0.0,0.0,0.0,0.0,0.0,737856.0
0.0,1201536.0,0.0,0.0,0.0,0.0,0.0,737856.0
0.0,1028160.0,0.0,0.0,0.0,0.0,0.0,628992.0
0.0,983808.0,0.0,104832.0,0.0,0.0,0.0,0.0
0.0,1201536.0,0.0,0.0,0.0,0.0,0.0,737856.0
0.0,983808.0,1600704.0,1108800.0,3136896.0,0.0,0.0,0.0
0.0,842688.0,2060352.0,947520.0,7209216.0,0.0,0.0,0.0
0.0,1201536.0,2403072.0,0.0,0.0,0.0,0.0,737856.0
0.0,750410.6666666666,0.0,24192.0,8406720.0,0.0,0.0,0.0
0.0,16128.0,2564352.0,0.0,0.0,0.0,0.0,790272.0
0.0,0.0,0.0,0.0,0.0,0.0,11829888.0,725760.0
0.0,0.0,2395008.0,483120.0,0.0,0.0,11966976.0,0.0
0.0,0.0,2060352.0,0.0,0.0,0.0,0.0,633024.0
0.0,0.0,0.0,0.0,0.0,0.0,0.0,0.0
0.0,0.0,0.0,0.0,0.0,0.0,0.0,0.0
0.0,0.0,0.0,0.0,0.0,0.0,0.0,0.0
0.0,0.0,2056320.0,0.0,0.0,0.0,10293696.0,524160.0
0.0,0.0,0.0,0.0,0.0,0.0,0.0,0.0
0.0,0.0,0.0,0.0,302400.0,0.0,0.0,737856.0
0.0,0.0,0.0,0.0,0.0,0.0,0.0,628992.0
0.0,0.0,0.0,842688.0,0.0,0.0,0.0,633024.0
0.0,0.0,0.0,983808.0,0.0,0.0,0.0,737856.0
0.0,0.0,0.0,0.0,0.0,0.0,0.0,0.0
0.0,0.0,0.0,0.0,737856.0,0.0,0.0,737856.0
0.0,0.0,0.0,0.0,633024.0,0.0,0.0,633024.0
0.0,0.0,0.0,0.0,0.0,737856.0,0.0,616896.0
0.0,0.0,0.0,0.0,0.0,0.0,0.0,0.0
0.0,0.0,0.0,0.0,0.0,633024.0,0.0,528192.0
0.0,0.0,0.0,983808.0,2403072.0,0.0,0.0,653616.0
0.0,0.0,0.0,983808.0,2403072.0,0.0,0.0,0.0
0.0,0.0,3999744.0,0.0,116208.0,0.0,0.0,0.0
0.0,0.0,0.0,1020096.0,2491776.0,0.0,0.0,0.0
0.0,0.0,0.0,846720.0,2060352.0,0.0,0.0,0.0
0.0,0.0,12007296.0,0.0,0.0,0.0,0.0,4032.0
0.0,0.0,9895280.0,4032.0,0.0,737856.0,0.0,616896.0
0.0,0.0,0.0,0.0,0.0,0.0,0.0,0.0
0.0,0.0,0.0,943488.0,0.0,0.0,0.0,0.0
0.0,0.0,0.0,0.0,0.0,1370880.0,0.0,524160.0
0.0,0.0,0.0,7967232.0,0.0,0.0,0.0,0.0
0.0,0.0,0.0,0.0,0.0,1600704.0,0.0,612864.0
0.0,0.0,0.0,0.0,0.0,0.0,0.0,0.0
0.0,0.0,0.0,0.0,0.0,0.0,0.0,0.0
0.0,0.0,0.0,0.0,0.0,1600704.0,0.0,612864.0
0.0,0.0,0.0,12958848.0,0.0,0.0,0.0,0.0
0.0,0.0,0.0,10273536.0,0.0,0.0,0.0,0.0
0.0,0.0,0.0,0.0,0.0,0.0,0.0,0.0
0.0,0.0,0.0,0.0,36288.0,0.0,0.0,0.0
0.0,0.0,0.0,0.0,0.0,0.0,0.0,0.0
0.0,0.0,0.0,0.0,0.0,0.0,0.0,0.0
0.0,0.0,0.0,0.0,0.0,0.0,0.0,0.0
0.0,0.0,0.0,0.0,0.0,0.0,0.0,0.0
0.0,0.0,0.0,0.0,616896.0,862848.0,0.0,612864.0
0.0,0.0,0.0,0.0,612864.0,0.0,0.0,0.0
0.0,0.0,0.0,0.0,616896.0,0.0,0.0,0.0
0.0,0.0,0.0,0.0,0.0,0.0,0.0,0.0
0.0,0.0,0.0,0.0,0.0,0.0,0.0,0.0
0.0,0.0,0.0,0.0,0.0,0.0,0.0,0.0
0.0,0.0,0.0,0.0,0.0,0.0,0.0,0.0
2403072.0,4673520.0,0.0,0.0,616896.0,0.0,0.0,616896.0
2060352.0,0.0,0.0,0.0,524160.0,0.0,0.0,486778.6666666667
0.0,0.0,0.0,0.0,616896.0,0.0,0.0,0.0
0.0,0.0,0.0,0.0,0.0,0.0,0.0,0.0
2399040.0,0.0,0.0,0.0,0.0,0.0,0.0,0.0
0.0,0.0,0.0,0.0,612864.0,0.0,612864.0,0.0
2060352.0,0.0,0.0,0.0,0.0,0.0,842688.0,0.0
2399040.0,0.0,0.0,0.0,0.0,0.0,983808.0,0.0
0.0,0.0,0.0,0.0,0.0,0.0,0.0,0.0
0.0,0.0,0.0,0.0,0.0,0.0,0.0,0.0
0.0,0.0,0.0,0.0,612864.0,0.0,983808.0,858816.0
0.0,0.0,0.0,4032.0,528192.0,0.0,99013.33333333331,737856.0
0.0,0.0,0.0,0.0,0.0,0.0,0.0,0.0
0.0,0.0,0.0,0.0,616896.0,0.0,0.0,0.0
0.0,0.0,0.0,0.0,0.0,0.0,0.0,0.0
7310016.0,0.0,0.0,0.0,616896.0,0.0,0.0,858816.0
10297728.0,0.0,0.0,0.0,528192.0,0.0,0.0,737856.0
9824890.666666666,0.0,0.0,0.0,616896.0,0.0,0.0,862848.0
0.0,0.0,0.0,0.0,0.0,0.0,0.0,0.0
0.0,0.0,0.0,0.0,524160.0,0.0,0.0,737856.0
0.0,0.0,0.0,0.0,0.0,0.0,0.0,0.0
0.0,0.0,0.0,0.0,612864.0,0.0,0.0,0.0
0.0,0.0,0.0,0.0,616896.0,0.0,0.0,0.0
0.0,0.0,0.0,0.0,528192.0,737856.0,846720.0,0.0
0.0,0.0,0.0,0.0,612864.0,0.0,0.0,0.0
0.0,0.0,0.0,0.0,0.0,0.0,0.0,0.0
0.0,0.0,0.0,616896.0,0.0,0.0,0.0,0.0
0.0,0.0,0.0,528192.0,0.0,0.0,0.0,0.0
0.0,0.0,0.0,616896.0,612864.0,0.0,0.0,0.0
0.0,0.0,0.0,0.0,616896.0,862848.0,983808.0,0.0
0.0,447552.0,0.0,0.0,612864.0,858816.0,983808.0,0.0
0.0,0.0,0.0,616896.0,616896.0,0.0,0.0,0.0
0.0,0.0,0.0,524160.0,528192.0,0.0,0.0,0.0
0.0,0.0,0.0,616896.0,0.0,0.0,0.0,0.0
0.0,983808.0,0.0,0.0,595642.6666666666,0.0,983808.0,0.0
0.0,1048320.0,0.0,0.0,0.0,0.0,1048320.0,0.0
0.0,979776.0,0.0,0.0,0.0,0.0,983808.0,0.0
0.0,0.0,0.0,0.0,14386176.0,0.0,0.0,0.0
0.0,0.0,0.0,612864.0,0.0,0.0,4032.0,0.0
4032.0,983808.0,0.0,0.0,0.0,0.0,339493.3333333333,0.0
0.0,0.0,0.0,0.0,0.0,0.0,0.0,0.0
0.0,0.0,0.0,528192.0,0.0,0.0,951552.0,0.0
0.0,0.0,0.0,0.0,0.0,0.0,0.0,8064.0
0.0,983808.0,0.0,0.0,0.0,0.0,0.0,0.0
0.0,0.0,0.0,0.0,0.0,0.0,0.0,0.0
0.0,0.0,0.0,0.0,0.0,0.0,0.0,0.0
0.0,0.0,0.0,528192.0,0.0,0.0,947520.0,0.0
0.0,0.0,0.0,612864.0,0.0,0.0,1104768.0,0.0
0.0,0.0,0.0,616896.0,0.0,0.0,1108800.0,0.0
0.0,0.0,0.0,612864.0,0.0,0.0,1108800.0,0.0
0.0,0.0,0.0,616896.0,0.0,0.0,1104768.0,0.0
0.0,0.0,0.0,612864.0,0.0,0.0,1108800.0,0.0
0.0,842688.0,0.0,0.0,0.0,1209600.0,0.0,0.0
0.0,983808.0,0.0,0.0,0.0,1600704.0,0.0,0.0
0.0,983808.0,0.0,0.0,0.0,1596672.0,0.0,0.0
0.0,0.0,0.0,612864.0,0.0,0.0,1608768.0,0.0
0.0,0.0,0.0,528192.0,0.0,0.0,3007872.0,0.0
0.0,0.0,0.0,0.0,14702197.333333334,0.0,0.0,0.0
0.0,983808.0,0.0,0.0,0.0,1600704.0,0.0,0.0
0.0,983808.0,0.0,0.0,0.0,1596672.0,0.0,0.0
0.0,0.0,0.0,524160.0,0.0,0.0,2056320.0,0.0
0.0,983808.0,0.0,0.0,0.0,1600704.0,0.0,0.0
0.0,983808.0,0.0,0.0,0.0,952010.6666666666,0.0,0.0
0.0,0.0,0.0,0.0,0.0,0.0,2403072.0,0.0
0.0,0.0,0.0,0.0,0.0,0.0,0.0,0.0
0.0,842688.0,0.0,0.0,0.0,737856.0,0.0,0.0
0.0,0.0,0.0,0.0,0.0,0.0,2403072.0,0.0
0.0,0.0,0.0,0.0,0.0,0.0,3507840.0,0.0
0.0,0.0,0.0,0.0,0.0,0.0,3600576.0,0.0
0.0,0.0,0.0,0.0,0.0,0.0,3084480.0,0.0
0.0,0.0,0.0,0.0,0.0,0.0,3604608.0,0.0
0.0,0.0,0.0,0.0,0.0,0.0,3604608.0,0.0
0.0,983808.0,0.0,0.0,0.0,858816.0,0.0,0.0
0.0,0.0,0.0,4032.0,0.0,0.0,2347056.0,0.0
0.0,157248.0,0.0,0.0,0.0,0.0,2060352.0,0.0
0.0,983808.0,0.0,0.0,358848.0,0.0,0.0,0.0
0.0,0.0,0.0,0.0,616896.0,862848.0,0.0,0.0
0.0,4032.0,0.0,0.0,0.0,0.0,0.0,0.0
0.0,0.0,0.0,0.0,0.0,0.0,0.0,0.0
0.0,0.0,0.0,0.0,616896.0,862848.0,0.0,0.0
4032.0,983808.0,0.0,0.0,0.0,0.0,0.0,0.0
0.0,0.0,0.0,0.0,0.0,0.0,0.0,0.0
0.0,983808.0,0.0,0.0,0.0,0.0,0.0,0.0
0.0,0.0,0.0,0.0,616896.0,0.0,0.0,6832053.333333333
0.0,0.0,0.0,0.0,0.0,0.0,0.0,0.0
0.0,0.0,0.0,0.0,612864.0,0.0,0.0,0.0
0.0,0.0,0.0,0.0,0.0,0.0,0.0,0.0
0.0,0.0,0.0,0.0,612864.0,0.0,0.0,0.0
616896.0,983808.0,0.0,0.0,612864.0,0.0,0.0,0.0
0.0,983808.0,0.0,0.0,0.0,0.0,0.0,0.0
528192.0,842688.0,0.0,0.0,528192.0,0.0,0.0,0.0
612864.0,983808.0,0.0,0.0,612864.0,0.0,0.0,0.0
0.0,983808.0,0.0,0.0,0.0,0.0,0.0,0.0
0.0,0.0,0.0,0.0,612864.0,0.0,0.0,0.0
0.0,842688.0,0.0,0.0,0.0,0.0,0.0,0.0
616896.0,983808.0,0.0,0.0,1165248.0,0.0,0.0,0.0
612864.0,983808.0,0.0,0.0,1596672.0,0.0,0.0,0.0
0.0,0.0,983808.0,0.0,0.0,0.0,0.0,0.0
0.0,0.0,0.0,11721024.0,1604736.0,0.0,0.0,0.0
0.0,0.0,0.0,0.0,1370880.0,0.0,0.0,0.0
0.0,0.0,0.0,12011328.0,1596672.0,0.0,0.0,0.0
0.0,0.0,983808.0,0.0,0.0,0.0,0.0,0.0
0.0,0.0,983808.0,0.0,0.0,0.0,0.0,0.0
0.0,0.0,0.0,0.0,0.0,0.0,0.0,0.0
0.0,0.0,0.0,0.0,0.0,0.0,0.0,0.0
0.0,0.0,4032.0,1936112.0,1753920.0,0.0,0.0,0.0
0.0,0.0,842688.0,0.0,0.0,0.0,0.0,0.0
0.0,0.0,0.0,0.0,681408.0,0.0,0.0,945733.3333333334
0.0,0.0,0.0,0.0,528192.0,0.0,0.0,0.0
0.0,0.0,0.0,0.0,612864.0,0.0,0.0,0.0
0.0,0.0,0.0,0.0,616896.0,0.0,0.0,0.0
0.0,0.0,0.0,0.0,0.0,0.0,0.0,0.0
0.0,0.0,0.0,0.0,616896.0,0.0,0.0,0.0
0.0,0.0,1375717.3333333333,0.0,0.0,0.0,0.0,0.0
0.0,0.0,0.0,0.0,8406720.0,0.0,0.0,0.0
0.0,0.0,0.0,0.0,612864.0,0.0,0.0,717696.0
0.0,0.0,0.0,0.0,8402688.0,0.0,0.0,0.0
0.0,0.0,0.0,0.0,528192.0,0.0,0.0,0.0
0.0,0.0,0.0,0.0,612864.0,0.0,0.0,0.0
0.0,0.0,0.0,0.0,616896.0,0.0,0.0,2403072.0
0.0,0.0,983808.0,0.0,0.0,0.0,0.0,6202021.333333333
0.0,0.0,0.0,0.0,160186.66666666666,0.0,0.0,0.0
0.0,0.0,0.0,0.0,0.0,0.0,0.0,0.0
0.0,0.0,0.0,0.0,0.0,0.0,0.0,0.0
0.0,0.0,0.0,0.0,0.0,0.0,0.0,2399040.0
0.0,0.0,0.0,0.0,6177024.0,0.0,0.0,0.0
0.0,0.0,0.0,0.0,0.0,0.0,0.0,0.0
0.0,0.0,0.0,0.0,0.0,0.0,0.0,2399040.0
0.0,0.0,0.0,0.0,0.0,0.0,0.0,2403072.0
0.0,0.0,983808.0,0.0,0.0,0.0,0.0,0.0
0.0,0.0,983808.0,0.0,0.0,0.0,399168.0,0.0
0.0,0.0,842688.0,0.0,0.0,0.0,633024.0,0.0
0.0,0.0,1108800.0,0.0,7205184.0,0.0,0.0,0.0
0.0,0.0,983808.0,0.0,4032.0,0.0,737856.0,0.0
0.0,705600.0,983808.0,0.0,0.0,0.0,737856.0,0.0
0.0,0.0,0.0,0.0,0.0,0.0,0.0,0.0
0.0,0.0,0.0,0.0,0.0,0.0,0.0,0.0
2156400.0,0.0,1108800.0,0.0,7201152.0,0.0,0.0,0.0
0.0,0.0,0.0,0.0,0.0,0.0,0.0,2403072.0
0.0,0.0,0.0,0.0,0.0,0.0,737856.0,0.0
0.0,0.0,0.0,0.0,0.0,0.0,737856.0,0.0
0.0,0.0,947520.0,0.0,0.0,0.0,0.0,0.0
0.0,0.0,1108800.0,0.0,0.0,0.0,0.0,0.0
0.0,616896.0,0.0,0.0,0.0,0.0,0.0,2403072.0
0.0,612864.0,0.0,403200.0,0.0,0.0,0.0,2403072.0
0.0,0.0,1104768.0,0.0,0.0,0.0,0.0,0.0
0.0,0.0,951552.0,0.0,0.0,0.0,0.0,0.0
0.0,0.0,1104768.0,0.0,0.0,0.0,0.0,0.0
0.0,0.0,983808.0,0.0,0.0,0.0,0.0,0.0
0.0,0.0,983808.0,0.0,0.0,0.0,0.0,0.0
0.0,616896.0,0.0,1475712.0,0.0,2403072.0,0.0,3511872.0
0.0,0.0,842688.0,0.0,0.0,0.0,201600.0,0.0
0.0,0.0,983808.0,0.0,0.0,0.0,987840.0,0.0
0.0,693504.0,0.0,1665216.0,0.0,2709504.0,0.0,13462848.0
0.0,0.0,0.0,1266048.0,0.0,0.0,0.0,0.0
0.0,0.0,693504.0,0.0,0.0,0.0,0.0,2108736.0
0.0,0.0,0.0,1794240.0,0.0,0.0,0.0,0.0
0.0,0.0,612864.0,0.0,0.0,0.0,0.0,2403072.0
0.0,0.0,616896.0,0.0,0.0,0.0,0.0,1660464.0
0.0,0.0,616896.0,0.0,0.0,0.0,0.0,0.0
0.0,0.0,524160.0,4032.0,0.0,0.0,0.0,0.0
0.0,616896.0,0.0,2092608.0,0.0,0.0,0.0,2334528.0
0.0,616896.0,0.0,2088576.0,0.0,0.0,0.0,2302272.0
0.0,0.0,616896.0,0.0,0.0,0.0,0.0,0.0
0.0,0.0,1108800.0,0.0,0.0,612864.0,0.0,0.0
0.0,0.0,2056320.0,1794240.0,0.0,524160.0,0.0,0.0
0.0,0.0,612864.0,0.0,0.0,0.0,0.0,0.0
0.0,0.0,0.0,0.0,0.0,616896.0,0.0,0.0
0.0,0.0,2403072.0,1846656.0,0.0,616896.0,0.0,0.0
0.0,0.0,616896.0,0.0,0.0,0.0,0.0,0.0
0.0,1032192.0,2056320.0,1580544.0,0.0,528192.0,0.0,0.0
0.0,0.0,612864.0,0.0,0.0,0.0,0.0,0.0
0.0,1201536.0,0.0,0.0,0.0,612864.0,0.0,0.0
0.0,612864.0,2403072.0,1842624.0,0.0,0.0,0.0,2306304.0
0.0,616896.0,1721664.0,0.0,0.0,0.0,0.0,0.0
0.0,612864.0,0.0,1846656.0,0.0,0.0,0.0,1926202.6666666667
0.0,528192.0,0.0,1580544.0,0.0,0.0,0.0,967680.0
0.0,40320.0,0.0,1846656.0,0.0,4032.0,0.0,0.0
0.0,0.0,0.0,1842624.0,0.0,298368.0,0.0,0.0
0.0,0.0,0.0,1846656.0,0.0,1104768.0,0.0,0.0
0.0,0.0,0.0,1842624.0,0.0,1104768.0,0.0,0.0
0.0,524160.0,1443456.0,0.0,0.0,0.0,0.0,0.0
0.0,0.0,0.0,1229760.0,0.0,1104768.0,0.0,0.0
0.0,0.0,0.0,0.0,0.0,1104768.0,0.0,0.0
0.0,0.0,0.0,0.0,0.0,1108800.0,0.0,0.0
0.0,0.0,0.0,0.0,0.0,1108800.0,0.0,0.0
0.0,0.0,0.0,1225728.0,0.0,346032.0,0.0,0.0
0.0,0.0,0.0,1056384.0,0.0,0.0,0.0,12096.0
0.0,0.0,0.0,0.0,0.0,0.0,0.0,0.0
0.0,0.0,1721664.0,0.0,0.0,0.0,124992.0,0.0
0.0,0.0,4032.0,692410.6666666666,0.0,0.0,0.0,0.0
0.0,0.0,1721664.0,0.0,0.0,0.0,1104768.0,0.0
0.0,0.0,4032.0,61285.333333333336,0.0,0.0,1104768.0,0.0
0.0,0.0,0.0,0.0,0.0,0.0,0.0,0.0
0.0,0.0,0.0,0.0,0.0,0.0,0.0,0.0
0.0,0.0,0.0,0.0,0.0,2890944.0,1104768.0,0.0
0.0,0.0,0.0,0.0,0.0,12007296.0,1108800.0,0.0
0.0,0.0,612864.0,0.0,0.0,0.0,1108800.0,0.0
0.0,0.0,528192.0,0.0,0.0,0.0,947520.0,0.0
0.0,0.0,612864.0,0.0,0.0,0.0,1108800.0,0.0
0.0,0.0,0.0,0.0,0.0,0.0,1108800.0,0.0
0.0,0.0,0.0,0.0,0.0,0.0,1104768.0,0.0
0.0,0.0,0.0,0.0,0.0,0.0,0.0,0.0
0.0,0.0,524160.0,0.0,0.0,0.0,947520.0,0.0
0.0,0.0,0.0,0.0,0.0,0.0,1104768.0,0.0
0.0,0.0,0.0,0.0,0.0,0.0,1108800.0,0.0
0.0,0.0,0.0,0.0,0.0,0.0,0.0,0.0
0.0,0.0,657216.0,657216.0,0.0,0.0,1181376.0,4032.0
0.0,0.0,528192.0,528192.0,0.0,0.0,951552.0,0.0
0.0,0.0,0.0,0.0,0.0,0.0,0.0,0.0
0.0,0.0,0.0,0.0,0.0,0.0,0.0,0.0
0.0,0.0,0.0,0.0,0.0,0.0,0.0,0.0
0.0,0.0,0.0,0.0,0.0,0.0,0.0,0.0
0.0,0.0,641088.0,645120.0,0.0,0.0,1157184.0,0.0
0.0,0.0,528192.0,524160.0,0.0,0.0,947520.0,0.0
0.0,0.0,616896.0,616896.0,4032.0,0.0,301306.6666666667,0.0
0.0,0.0,0.0,0.0,0.0,0.0,0.0,0.0
0.0,0.0,0.0,0.0,0.0,0.0,0.0,0.0
0.0,0.0,0.0,0.0,0.0,0.0,0.0,0.0
0.0,0.0,528192.0,528192.0,0.0,0.0,0.0,0.0
0.0,0.0,0.0,0.0,0.0,0.0,0.0,0.0
0.0,0.0,616896.0,0.0,0.0,0.0,0.0,0.0
0.0,0.0,222192.0,0.0,0.0,0.0,0.0,0.0
0.0,0.0,0.0,0.0,0.0,0.0,0.0,0.0
0.0,0.0,0.0,0.0,0.0,0.0,0.0,0.0
0.0,0.0,612864.0,0.0,0.0,0.0,0.0,0.0
983808.0,0.0,616896.0,0.0,0.0,858816.0,0.0,0.0
0.0,0.0,612864.0,0.0,0.0,0.0,0.0,0.0
983808.0,0.0,616896.0,0.0,0.0,858816.0,0.0,0.0
0.0,0.0,0.0,0.0,0.0,0.0,0.0,0.0
983808.0,0.0,0.0,0.0,0.0,0.0,0.0,0.0
0.0,0.0,612864.0,0.0,0.0,0.0,0.0,0.0
983808.0,0.0,324805.3333333333,4032.0,0.0,862848.0,0.0,0.0
983808.0,0.0,0.0,0.0,0.0,0.0,0.0,0.0
0.0,0.0,0.0,0.0,0.0,0.0,0.0,0.0
983808.0,0.0,0.0,0.0,0.0,0.0,0.0,0.0
0.0,0.0,0.0,0.0,0.0,0.0,0.0,0.0
983808.0,0.0,0.0,0.0,0.0,0.0,0.0,0.0
0.0,0.0,0.0,0.0,0.0,0.0,0.0,0.0
0.0,0.0,0.0,0.0,0.0,0.0,0.0,0.0
0.0,0.0,0.0,0.0,0.0,0.0,0.0,0.0
0.0,0.0,0.0,0.0,0.0,0.0,0.0,0.0
983808.0,0.0,0.0,0.0,0.0,0.0,0.0,0.0
0.0,0.0,0.0,0.0,0.0,0.0,0.0,0.0
842688.0,0.0,0.0,0.0,0.0,0.0,0.0,0.0
0.0,0.0,0.0,6721344.0,0.0,0.0,0.0,0.0
983808.0,0.0,0.0,983808.0,0.0,0.0,0.0,858816.0
983808.0,0.0,0.0,983808.0,0.0,0.0,0.0,862848.0
0.0,0.0,0.0,8406720.0,0.0,0.0,0.0,0.0
983808.0,0.0,0.0,983808.0,0.0,0.0,0.0,858816.0
0.0,0.0,0.0,8410752.0,0.0,0.0,0.0,0.0
842688.0,0.0,0.0,0.0,0.0,0.0,0.0,0.0
1124928.0,0.0,0.0,1124928.0,0.0,0.0,0.0,983808.0
898042.6666666666,0.0,0.0,987840.0,0.0,0.0,4032.0,2064384.0
0.0,0.0,0.0,7205184.0,10297728.0,0.0,0.0,0.0
0.0,0.0,0.0,0.0,0.0,0.0,0.0,0.0
0.0,0.0,0.0,0.0,0.0,0.0,0.0,0.0
0.0,0.0,0.0,0.0,0.0,0.0,0.0,0.0
1032192.0,0.0,0.0,0.0,0.0,0.0,0.0,0.0
0.0,0.0,0.0,4032.0,0.0,0.0,0.0,4032.0
1201536.0,0.0,0.0,838656.0,0.0,0.0,0.0,0.0
0.0,0.0,0.0,0.0,0.0,0.0,0.0,0.0
0.0,0.0,0.0,0.0,0.0,947520.0,0.0,0.0
1201536.0,0.0,0.0,862848.0,0.0,0.0,0.0,0.0
0.0,0.0,0.0,16809408.0,0.0,0.0,0.0,0.0
1306368.0,0.0,0.0,935424.0,0.0,0.0,0.0,0.0
1201536.0,0.0,0.0,858816.0,0.0,0.0,0.0,0.0
524160.0,0.0,0.0,0.0,1028160.0,1983744.0,0.0,0.0
0.0,0.0,0.0,862848.0,1201536.0,0.0,0.0,0.0
0.0,0.0,4032.0,668592.0,1116144.0,4032.0,0.0,0.0
612864.0,0.0,0.0,0.0,0.0,0.0,0.0,0.0
637056.0,0.0,0.0,0.0,0.0,0.0,0.0,0.0
0.0,0.0,0.0,0.0,0.0,0.0,0.0,0.0
0.0,0.0,0.0,0.0,0.0,0.0,0.0,0.0
0.0,0.0,0.0,0.0,0.0,0.0,0.0,0.0
616896.0,0.0,0.0,0.0,0.0,2020490.6666666667,0.0,0.0
524160.0,0.0,0.0,0.0,0.0,951552.0,0.0,0.0
616896.0,0.0,0.0,0.0,0.0,1104768.0,0.0,0.0
0.0,0.0,0.0,0.0,0.0,0.0,0.0,0.0
0.0,0.0,0.0,0.0,0.0,0.0,0.0,862848.0
612864.0,0.0,0.0,0.0,0.0,0.0,0.0,862848.0
616896.0,0.0,0.0,0.0,0.0,0.0,0.0,858816.0
0.0,0.0,0.0,0.0,0.0,60480.0,0.0,0.0
0.0,0.0,0.0,0.0,4032.0,858816.0,0.0,858816.0
774144.0,0.0,0.0,0.0,0.0,862848.0,0.0,862848.0
616896.0,0.0,0.0,0.0,0.0,0.0,0.0,862848.0
616896.0,0.0,0.0,0.0,0.0,1104768.0,0.0,0.0
0.0,0.0,0.0,0.0,0.0,887040.0,0.0,0.0
528192.0,0.0,0.0,0.0,0.0,0.0,0.0,737856.0
0.0,0.0,0.0,0.0,0.0,1104768.0,0.0,862848.0
677376.0,0.0,0.0,0.0,0.0,0.0,0.0,947520.0
0.0,0.0,0.0,0.0,0.0,737856.0,0.0,0.0
0.0,0.0,0.0,0.0,0.0,1108800.0,0.0,858816.0
0.0,0.0,0.0,0.0,0.0,1108800.0,0.0,0.0
0.0,0.0,0.0,0.0,0.0,1108800.0,0.0,858816.0
616896.0,2403072.0,0.0,0.0,0.0,0.0,0.0,858816.0
612864.0,2399040.0,0.0,0.0,0.0,0.0,0.0,862848.0
0.0,0.0,0.0,0.0,0.0,737856.0,0.0,0.0
0.0,0.0,0.0,0.0,0.0,858816.0,0.0,0.0
0.0,0.0,0.0,0.0,0.0,862848.0,0.0,0.0
0.0,0.0,0.0,0.0,0.0,862848.0,0.0,0.0
0.0,0.0,0.0,0.0,0.0,883008.0,0.0,0.0
0.0,0.0,0.0,612864.0,0.0,0.0,0.0,0.0
0.0,0.0,0.0,528192.0,0.0,0.0,0.0,0.0
0.0,0.0,0.0,0.0,0.0,862848.0,0.0,0.0
0.0,0.0,0.0,612864.0,0.0,0.0,0.0,0.0
0.0,0.0,0.0,0.0,0.0,862848.0,0.0,0.0
0.0,0.0,0.0,0.0,0.0,858816.0,0.0,0.0
524160.0,0.0,0.0,0.0,0.0,0.0,0.0,0.0
616896.0,0.0,0.0,0.0,0.0,0.0,0.0,0.0
612864.0,0.0,0.0,0.0,0.0,0.0,0.0,0.0
0.0,0.0,0.0,0.0,0.0,858816.0,0.0,0.0
4382784.0,0.0,0.0,0.0,0.0,862848.0,0.0,0.0
9335605.333333334,0.0,0.0,0.0,0.0,907200.0,0.0,0.0
10277568.0,4032.0,0.0,0.0,0.0,0.0,0.0,0.0
0.0,616896.0,0.0,0.0,0.0,858816.0,0.0,0.0
612864.0,0.0,0.0,0.0,0.0,0.0,0.0,0.0
0.0,2427264.0,0.0,0.0,0.0,0.0,0.0,0.0
0.0,2060352.0,0.0,0.0,0.0,0.0,0.0,0.0
0.0,2403072.0,0.0,0.0,0.0,616896.0,0.0,0.0
0.0,2403072.0,0.0,0.0,0.0,0.0,0.0,0.0
0.0,612864.0,0.0,0.0,0.0,862848.0,0.0,0.0
0.0,2374848.0,0.0,0.0,0.0,2403072.0,0.0,0.0
0.0,2399040.0,0.0,0.0,0.0,2403072.0,0.0,0.0
0.0,524160.0,209664.0,0.0,0.0,737856.0,0.0,0.0
616896.0,0.0,0.0,0.0,0.0,0.0,0.0,0.0
0.0,612864.0,733824.0,1366848.0,0.0,862848.0,0.0,0.0
0.0,2403072.0,0.0,2403072.0,0.0,0.0,0.0,0.0
612864.0,0.0,0.0,0.0,0.0,0.0,0.0,0.0
0.0,0.0,741888.0,0.0,0.0,2399040.0,0.0,0.0
0.0,0.0,0.0,2060352.0,463680.0,0.0,0.0,0.0
616896.0,0.0,0.0,0.0,0.0,0.0,0.0,0.0
0.0,612864.0,737856.0,0.0,0.0,0.0,0.0,0.0
0.0,616896.0,737856.0,0.0,0.0,0.0,0.0,0.0
0.0,0.0,737856.0,0.0,0.0,0.0,0.0,0.0
0.0,0.0,0.0,0.0,603013.3333333334,0.0,0.0,0.0
0.0,0.0,0.0,0.0,0.0,0.0,0.0,0.0
0.0,0.0,633024.0,0.0,0.0,0.0,0.0,0.0
0.0,0.0,737856.0,0.0,0.0,0.0,0.0,0.0
0.0,0.0,0.0,0.0,0.0,0.0,0.0,0.0
0.0,0.0,0.0,0.0,0.0,0.0,0.0,0.0
0.0,0.0,0.0,0.0,0.0,0.0,0.0,0.0
0.0,0.0,0.0,72576.0,0.0,0.0,0.0,0.0
0.0,0.0,0.0,0.0,0.0,0.0,0.0,0.0
0.0,0.0,0.0,0.0,0.0,44352.0,0.0,0.0
0.0,0.0,0.0,983808.0,0.0,0.0,0.0,0.0
0.0,0.0,0.0,983808.0,0.0,0.0,0.0,0.0
0.0,0.0,0.0,983808.0,0.0,0.0,0.0,0.0
0.0,0.0,1104768.0,0.0,0.0,616896.0,0.0,0.0
0.0,0.0,0.0,0.0,0.0,0.0,0.0,0.0
2399040.0,597541.3333333334,1104768.0,0.0,0.0,0.0,0.0,4032.0
2403072.0,36288.0,1576512.0,0.0,0.0,0.0,0.0,0.0
0.0,0.0,0.0,0.0,0.0,0.0,0.0,0.0
0.0,0.0,0.0,0.0,0.0,0.0,0.0,0.0
0.0,0.0,0.0,0.0,0.0,0.0,0.0,0.0
0.0,0.0,1580544.0,0.0,0.0,524160.0,0.0,0.0
0.0,0.0,0.0,0.0,0.0,0.0,0.0,0.0
0.0,0.0,40320.0,0.0,0.0,0.0,0.0,0.0
4032.0,0.0,0.0,0.0,0.0,305712.0,0.0,0.0
0.0,0.0,10765440.0,0.0,0.0,116928.0,0.0,0.0
0.0,0.0,681408.0,0.0,0.0,0.0,0.0,0.0
0.0,0.0,0.0,0.0,0.0,0.0,0.0,0.0
0.0,1108800.0,616896.0,0.0,0.0,0.0,0.0,0.0
0.0,134581.33333333334,0.0,0.0,0.0,1338624.0,0.0,4032.0
0.0,0.0,0.0,0.0,0.0,0.0,0.0,0.0
0.0,1104768.0,612864.0,0.0,0.0,0.0,0.0,0.0
0.0,0.0,0.0,0.0,0.0,1028160.0,0.0,0.0
0.0,0.0,0.0,0.0,0.0,1201536.0,0.0,0.0
0.0,0.0,0.0,0.0,0.0,1201536.0,0.0,0.0
0.0,0.0,0.0,0.0,0.0,1201536.0,0.0,0.0
0.0,0.0,0.0,0.0,737856.0,0.0,1419264.0,0.0
0.0,0.0,0.0,0.0,0.0,1318464.0,2632896.0,0.0
0.0,0.0,0.0,0.0,0.0,1028160.0,2060352.0,0.0
0.0,0.0,0.0,0.0,0.0,0.0,2403072.0,0.0
0.0,0.0,0.0,0.0,0.0,1201536.0,0.0,0.0
0.0,0.0,0.0,0.0,737856.0,1197504.0,0.0,0.0
0.0,330624.0,0.0,0.0,737856.0,1201536.0,0.0,0.0
0.0,951552.0,0.0,0.0,524160.0,1028160.0,0.0,0.0
0.0,685440.0,0.0,0.0,822528.0,1338624.0,0.0,0.0
0.0,947520.0,0.0,0.0,842688.0,0.0,0.0,0.0
0.0,1104768.0,0.0,0.0,983808.0,0.0,0.0,0.0
0.0,1104768.0,0.0,0.0,0.0,2149056.0,0.0,0.0
0.0,1108800.0,0.0,0.0,0.0,2399040.0,0.0,0.0
0.0,1108800.0,0.0,0.0,10575936.0,0.0,0.0,0.0
983808.0,0.0,0.0,983808.0,10579968.0,0.0,0.0,0.0
0.0,1108800.0,0.0,0.0,10592064.0,0.0,0.0,0.0
0.0,1141056.0,0.0,0.0,10942848.0,0.0,0.0,0.0
842688.0,0.0,0.0,842688.0,628992.0,0.0,0.0,0.0
0.0,705600.0,0.0,1124928.0,846720.0,2745792.0,0.0,0.0
4032.0,612864.0,201600.0,983808.0,737856.0,1369786.6666666667,0.0,0.0
0.0,0.0,737856.0,846720.0,633024.0,0.0,0.0,0.0
0.0,1108800.0,0.0,0.0,0.0,1201536.0,0.0,0.0
0.0,0.0,858816.0,983808.0,737856.0,1237824.0,0.0,0.0
0.0,1108800.0,0.0,0.0,0.0,1201536.0,0.0,0.0
0.0,0.0,858816.0,2185344.0,737856.0,2399040.0,0.0,0.0
0.0,0.0,862848.0,2185344.0,737856.0,2403072.0,0.0,0.0
0.0,0.0,858816.0,2185344.0,737856.0,2403072.0,0.0,0.0
0.0,0.0,737856.0,1874880.0,628992.0,1032192.0,0.0,0.0
0.0,0.0,0.0,0.0,0.0,1201536.0,0.0,0.0
8402688.0,0.0,0.0,0.0,983808.0,0.0,0.0,0.0
0.0,0.0,0.0,0.0,0.0,0.0,0.0,0.0
0.0,0.0,858816.0,2181312.0,737856.0,2403072.0,0.0,0.0
8402688.0,0.0,0.0,0.0,983808.0,0.0,0.0,0.0
0.0,0.0,0.0,0.0,0.0,0.0,0.0,0.0
0.0,0.0,866880.0,2185344.0,668218.6666666666,0.0,0.0,0.0
0.0,0.0,737856.0,1943424.0,0.0,0.0,0.0,0.0
0.0,0.0,858816.0,3165120.0,0.0,0.0,0.0,0.0
0.0,0.0,0.0,0.0,983808.0,0.0,0.0,0.0
0.0,0.0,0.0,0.0,983808.0,0.0,0.0,0.0
0.0,0.0,0.0,4032.0,0.0,0.0,0.0,0.0
0.0,0.0,858816.0,3169152.0,0.0,0.0,0.0,0.0
0.0,0.0,0.0,0.0,0.0,0.0,0.0,0.0
0.0,0.0,0.0,0.0,0.0,0.0,0.0,0.0
0.0,0.0,862848.0,3169152.0,0.0,0.0,0.0,0.0
620928.0,0.0,0.0,0.0,842688.0,0.0,737856.0,0.0
983808.0,0.0,0.0,0.0,983808.0,0.0,858816.0,0.0
0.0,0.0,0.0,0.0,0.0,0.0,0.0,0.0
0.0,0.0,858816.0,3169152.0,0.0,0.0,0.0,0.0
2173248.0,0.0,858816.0,3169152.0,0.0,0.0,862848.0,0.0
0.0,0.0,0.0,0.0,0.0,0.0,1104768.0,0.0
2403072.0,0.0,858816.0,3169152.0,0.0,0.0,911232.0,0.0
0.0,0.0,0.0,0.0,0.0,0.0,1108800.0,0.0
0.0,0.0,0.0,0.0,0.0,0.0,1108800.0,0.0
0.0,2403072.0,0.0,3169152.0,0.0,0.0,0.0,0.0
0.0,0.0,0.0,0.0,0.0,0.0,947520.0,0.0
0.0,0.0,0.0,0.0,0.0,612864.0,1104768.0,0.0
4032.0,0.0,0.0,0.0,0.0,616896.0,1104768.0,0.0
0.0,0.0,0.0,2185344.0,0.0,0.0,0.0,0.0
0.0,0.0,0.0,1794240.0,0.0,0.0,8309952.0,0.0
0.0,0.0,0.0,983808.0,0.0,0.0,0.0,0.0
0.0,0.0,0.0,983808.0,0.0,0.0,0.0,0.0
0.0,0.0,0.0,983808.0,0.0,0.0,0.0,0.0
0.0,0.0,0.0,846720.0,0.0,4032.0,0.0,0.0
0.0,0.0,0.0,0.0,0.0,0.0,2223477.333333333,0.0
0.0,0.0,0.0,240826.66666666663,983808.0,0.0,0.0,0.0
0.0,0.0,0.0,0.0,0.0,0.0,1108800.0,0.0
0.0,0.0,0.0,0.0,612864.0,0.0,0.0,0.0
0.0,0.0,0.0,0.0,983808.0,0.0,0.0,0.0
0.0,0.0,0.0,0.0,999936.0,0.0,0.0,874944.0
0.0,0.0,0.0,0.0,0.0,0.0,0.0,0.0
0.0,0.0,0.0,0.0,0.0,0.0,0.0,0.0
0.0,0.0,0.0,0.0,983808.0,0.0,0.0,862848.0
0.0,0.0,0.0,0.0,0.0,0.0,0.0,0.0
0.0,0.0,0.0,0.0,0.0,0.0,0.0,0.0
0.0,0.0,0.0,0.0,0.0,0.0,0.0,733824.0
0.0,0.0,0.0,0.0,0.0,0.0,0.0,0.0
0.0,116928.0,0.0,0.0,983808.0,0.0,983808.0,862848.0
0.0,0.0,4032.0,0.0,0.0,616896.0,0.0,24192.0
0.0,0.0,0.0,0.0,0.0,0.0,0.0,0.0
0.0,0.0,0.0,0.0,0.0,0.0,0.0,0.0
0.0,0.0,0.0,0.0,0.0,0.0,0.0,947520.0
0.0,628992.0,0.0,0.0,0.0,0.0,0.0,737856.0
0.0,737856.0,0.0,0.0,0.0,0.0,0.0,858816.0
0.0,0.0,0.0,0.0,0.0,612864.0,0.0,0.0
0.0,240133.3333333333,0.0,0.0,0.0,0.0,0.0,862848.0
4032.0,0.0,0.0,0.0,0.0,0.0,0.0,862848.0
0.0,0.0,0.0,0.0,0.0,0.0,0.0,858816.0
0.0,564480.0,0.0,0.0,0.0,0.0,0.0,862848.0
0.0,0.0,0.0,0.0,0.0,0.0,0.0,0.0
0.0,0.0,0.0,0.0,4032.0,0.0,0.0,0.0
0.0,0.0,0.0,0.0,604800.0,0.0,0.0,862848.0
0.0,0.0,0.0,0.0,983808.0,0.0,0.0,862848.0
0.0,737856.0,0.0,0.0,0.0,0.0,0.0,307237.3333333333
0.0,0.0,0.0,0.0,0.0,0.0,0.0,0.0
0.0,0.0,0.0,0.0,1012032.0,0.0,0.0,0.0
0.0,0.0,0.0,0.0,842688.0,0.0,0.0,0.0
0.0,0.0,0.0,0.0,0.0,0.0,0.0,0.0
0.0,0.0,0.0,0.0,0.0,0.0,0.0,0.0
0.0,0.0,0.0,0.0,983808.0,0.0,0.0,0.0
0.0,0.0,0.0,0.0,0.0,0.0,0.0,0.0
0.0,737856.0,983808.0,0.0,983808.0,612864.0,0.0,0.0
0.0,0.0,0.0,0.0,0.0,0.0,0.0,0.0
0.0,0.0,0.0,0.0,0.0,665280.0,0.0,0.0
0.0,0.0,0.0,0.0,0.0,862848.0,0.0,0.0
0.0,36288.0,983808.0,0.0,0.0,612864.0,0.0,0.0
0.0,0.0,0.0,0.0,0.0,862848.0,0.0,0.0
0.0,0.0,0.0,0.0,0.0,858816.0,0.0,0.0
0.0,0.0,0.0,0.0,0.0,0.0,0.0,528192.0
737856.0,0.0,0.0,0.0,0.0,862848.0,0.0,0.0
737856.0,0.0,0.0,0.0,0.0,858816.0,0.0,0.0
737856.0,0.0,0.0,0.0,0.0,862848.0,0.0,612864.0
737856.0,0.0,0.0,0.0,0.0,858816.0,0.0,0.0
0.0,0.0,0.0,0.0,0.0,0.0,0.0,616896.0
737856.0,0.0,0.0,4032.0,0.0,858816.0,0.0,0.0
0.0,0.0,4032.0,0.0,0.0,0.0,0.0,0.0
737856.0,0.0,0.0,0.0,0.0,858816.0,0.0,616896.0
0.0,0.0,0.0,0.0,0.0,0.0,0.0,616896.0
737856.0,0.0,4032.0,0.0,0.0,858816.0,0.0,466992.0
0.0,0.0,0.0,0.0,0.0,0.0,0.0,0.0
0.0,0.0,0.0,0.0,0.0,0.0,0.0,0.0
737856.0,0.0,0.0,862848.0,0.0,862848.0,0.0,0.0
0.0,0.0,0.0,0.0,0.0,0.0,0.0,0.0
0.0,0.0,0.0,0.0,0.0,0.0,0.0,0.0
737856.0,0.0,0.0,858816.0,0.0,858816.0,0.0,0.0
737856.0,0.0,0.0,737856.0,0.0,0.0,633024.0,0.0
737856.0,0.0,3015936.0,0.0,0.0,862848.0,0.0,0.0
186997.3333333333,0.0,0.0,858816.0,0.0,862848.0,0.0,0.0
0.0,0.0,0.0,862848.0,0.0,858816.0,0.0,0.0
0.0,0.0,0.0,858816.0,0.0,862848.0,0.0,0.0
0.0,0.0,0.0,862848.0,0.0,858816.0,0.0,0.0
0.0,0.0,0.0,0.0,0.0,0.0,0.0,0.0
0.0,0.0,0.0,705600.0,0.0,0.0,0.0,0.0
862848.0,0.0,737856.0,609290.6666666666,0.0,0.0,737856.0,0.0
858816.0,0.0,737856.0,0.0,0.0,0.0,737856.0,0.0
862848.0,0.0,737856.0,0.0,0.0,0.0,737856.0,0.0
858816.0,0.0,737856.0,0.0,0.0,0.0,737856.0,0.0
737856.0,0.0,0.0,1201536.0,0.0,0.0,0.0,0.0
737856.0,0.0,0.0,1201536.0,0.0,0.0,4032.0,0.0
0.0,0.0,0.0,0.0,0.0,858816.0,0.0,0.0
0.0,0.0,737856.0,0.0,0.0,862848.0,0.0,0.0
0.0,0.0,0.0,8734837.333333334,0.0,858816.0,0.0,0.0
0.0,0.0,762048.0,0.0,0.0,891072.0,0.0,0.0
0.0,0.0,0.0,0.0,0.0,883008.0,0.0,0.0
0.0,1032192.0,0.0,0.0,0.0,0.0,633024.0,0.0
0.0,1201536.0,0.0,0.0,0.0,4032.0,737856.0,0.0
0.0,1201536.0,0.0,0.0,0.0,983808.0,737856.0,0.0
0.0,1197504.0,0.0,0.0,0.0,983808.0,737856.0,0.0
0.0,0.0,0.0,0.0,0.0,858816.0,0.0,0.0
0.0,12096.0,0.0,0.0,0.0,983808.0,737856.0,0.0
0.0,0.0,0.0,0.0,0.0,858816.0,0.0,0.0
737856.0,0.0,0.0,0.0,0.0,1024128.0,0.0,0.0
0.0,0.0,0.0,0.0,0.0,0.0,0.0,0.0
2403072.0,0.0,0.0,0.0,0.0,983808.0,737856.0,0.0
2399040.0,0.0,0.0,0.0,4032.0,983808.0,585445.3333333334,0.0
2403072.0,0.0,0.0,0.0,0.0,983808.0,0.0,0.0
2080970.6666666667,0.0,0.0,0.0,0.0,983808.0,0.0,0.0
0.0,0.0,0.0,0.0,0.0,0.0,2403072.0,0.0
0.0,0.0,4032.0,0.0,0.0,0.0,2403072.0,0.0
0.0,0.0,0.0,0.0,0.0,924853.3333333334,0.0,0.0
741888.0,0.0,0.0,4032.0,0.0,1201536.0,8182453.333333333,0.0
633024.0,0.0,0.0,0.0,0.0,1028160.0,0.0,0.0
0.0,0.0,0.0,0.0,0.0,0.0,0.0,0.0
0.0,0.0,0.0,0.0,616896.0,0.0,2403072.0,0.0
0.0,0.0,0.0,0.0,0.0,0.0,0.0,0.0
0.0,0.0,0.0,0.0,0.0,0.0,0.0,0.0
0.0,0.0,0.0,0.0,616896.0,2403072.0,4032.0,0.0
737856.0,0.0,0.0,0.0,0.0,1201536.0,0.0,0.0
737856.0,0.0,0.0,0.0,0.0,1201536.0,0.0,0.0
0.0,0.0,0.0,0.0,0.0,0.0,0.0,0.0
858816.0,0.0,0.0,0.0,943488.0,2399040.0,0.0,0.0
0.0,0.0,0.0,0.0,0.0,0.0,0.0,0.0
737856.0,0.0,0.0,0.0,0.0,2399040.0,0.0,0.0
737856.0,0.0,0.0,0.0,0.0,2403072.0,0.0,0.0
0.0,0.0,0.0,0.0,0.0,0.0,0.0,0.0
737856.0,0.0,0.0,0.0,0.0,0.0,0.0,0.0
0.0,0.0,0.0,0.0,0.0,0.0,0.0,0.0
737856.0,0.0,0.0,0.0,0.0,0.0,0.0,0.0
737856.0,0.0,0.0,0.0,0.0,0.0,0.0,0.0
737856.0,0.0,0.0,0.0,0.0,0.0,0.0,0.0
737856.0,0.0,0.0,0.0,0.0,0.0,0.0,0.0
737856.0,16821504.0,0.0,0.0,0.0,0.0,0.0,0.0
858816.0,0.0,862848.0,0.0,1818432.0,0.0,0.0,0.0
737856.0,15999728.0,0.0,0.0,0.0,0.0,0.0,0.0
0.0,0.0,0.0,0.0,0.0,0.0,0.0,612864.0
737856.0,0.0,0.0,0.0,0.0,4032.0,0.0,0.0
741888.0,0.0,0.0,0.0,0.0,0.0,0.0,0.0
737856.0,0.0,0.0,0.0,0.0,0.0,0.0,0.0
737856.0,0.0,0.0,0.0,0.0,0.0,0.0,0.0
633024.0,0.0,0.0,0.0,0.0,0.0,0.0,0.0
737856.0,0.0,0.0,0.0,2403072.0,0.0,0.0,0.0
737856.0,0.0,0.0,0.0,2399040.0,0.0,0.0,0.0
0.0,0.0,0.0,0.0,0.0,862848.0,0.0,0.0
0.0,0.0,0.0,0.0,2403072.0,0.0,0.0,0.0
0.0,0.0,0.0,0.0,0.0,967680.0,0.0,0.0
0.0,0.0,0.0,0.0,2060352.0,0.0,0.0,0.0
0.0,0.0,0.0,0.0,0.0,862848.0,0.0,0.0
0.0,0.0,0.0,0.0,2403072.0,0.0,0.0,0.0
0.0,0.0,0.0,0.0,0.0,0.0,0.0,0.0
0.0,0.0,0.0,0.0,0.0,0.0,0.0,0.0
0.0,0.0,616896.0,0.0,0.0,0.0,0.0,0.0
0.0,0.0,0.0,0.0,0.0,0.0,0.0,0.0
0.0,0.0,612864.0,0.0,0.0,862848.0,0.0,0.0
0.0,0.0,616896.0,0.0,0.0,858816.0,0.0,0.0
0.0,0.0,0.0,0.0,0.0,0.0,0.0,0.0
0.0,0.0,616896.0,0.0,0.0,0.0,0.0,0.0
0.0,0.0,0.0,0.0,0.0,0.0,0.0,0.0
0.0,0.0,616896.0,0.0,0.0,0.0,0.0,0.0
0.0,0.0,0.0,0.0,0.0,0.0,0.0,0.0
0.0,0.0,0.0,169344.0,0.0,0.0,0.0,0.0
0.0,0.0,612864.0,0.0,0.0,0.0,0.0,0.0
0.0,0.0,0.0,1201536.0,0.0,0.0,0.0,0.0
0.0,0.0,612864.0,0.0,0.0,0.0,0.0,0.0
0.0,0.0,0.0,612864.0,0.0,0.0,0.0,0.0
0.0,0.0,0.0,1201536.0,0.0,2403072.0,0.0,7600320.0
0.0,0.0,616896.0,0.0,0.0,0.0,0.0,6146293.333333333
0.0,6589040.0,616896.0,0.0,0.0,0.0,0.0,0.0
0.0,24192.0,612864.0,0.0,0.0,0.0,0.0,471744.0
0.0,0.0,0.0,1201536.0,0.0,2403072.0,0.0,0.0
0.0,0.0,0.0,616896.0,0.0,0.0,0.0,0.0
0.0,0.0,612864.0,0.0,0.0,0.0,0.0,0.0
0.0,0.0,616896.0,0.0,0.0,0.0,0.0,0.0
0.0,0.0,983808.0,1201536.0,0.0,2399040.0,0.0,0.0
0.0,0.0,983808.0,1201536.0,0.0,1518970.6666666667,0.0,0.0
0.0,0.0,612864.0,0.0,0.0,0.0,0.0,0.0
0.0,0.0,616896.0,0.0,0.0,0.0,0.0,0.0
0.0,0.0,983808.0,1197504.0,0.0,0.0,0.0,0.0
0.0,0.0,612864.0,0.0,0.0,0.0,0.0,0.0
0.0,1649088.0,987840.0,158053.33333333334,0.0,0.0,0.0,0.0
0.0,0.0,661248.0,0.0,0.0,0.0,0.0,774144.0
0.0,8789760.0,1028160.0,0.0,0.0,0.0,0.0,774144.0
0.0,616896.0,616896.0,0.0,0.0,0.0,0.0,862848.0
0.0,0.0,612864.0,0.0,0.0,0.0,0.0,737856.0
0.0,7201152.0,0.0,0.0,0.0,0.0,0.0,0.0
0.0,612864.0,612864.0,0.0,0.0,0.0,0.0,862848.0
0.0,616896.0,616896.0,0.0,0.0,0.0,0.0,858816.0
0.0,8402688.0,0.0,0.0,0.0,0.0,0.0,0.0
0.0,9559872.0,0.0,0.0,0.0,0.0,0.0,0.0
0.0,612864.0,612864.0,0.0,0.0,0.0,0.0,862848.0
0.0,7201152.0,0.0,0.0,0.0,0.0,0.0,0.0
0.0,9612288.0,0.0,0.0,0.0,0.0,0.0,0.0
0.0,6176570.666666667,0.0,0.0,0.0,0.0,0.0,2407104.0
0.0,0.0,0.0,0.0,0.0,0.0,0.0,0.0
0.0,616896.0,559354.6666666666,4032.0,0.0,0.0,0.0,862848.0
0.0,612864.0,0.0,0.0,0.0,0.0,0.0,858816.0
0.0,0.0,0.0,0.0,0.0,0.0,0.0,14390208.0
0.0,0.0,0.0,0.0,0.0,0.0,0.0,16829568.0
1229760.0,0.0,0.0,4032.0,0.0,0.0,1225728.0,605258.6666666666
0.0,125450.66666666669,0.0,0.0,0.0,0.0,0.0,858816.0
8547840.0,0.0,0.0,0.0,0.0,0.0,0.0,14632128.0
0.0,0.0,0.0,0.0,0.0,0.0,0.0,858816.0
0.0,0.0,0.0,0.0,0.0,0.0,1495872.0,0.0
8410752.0,1201536.0,0.0,0.0,0.0,0.0,0.0,12011328.0
0.0,0.0,0.0,0.0,0.0,0.0,1818432.0,0.0
0.0,0.0,0.0,0.0,0.0,0.0,0.0,858816.0
8410752.0,1201536.0,0.0,0.0,0.0,0.0,0.0,0.0
0.0,0.0,0.0,0.0,0.0,0.0,0.0,883008.0
0.0,0.0,0.0,0.0,0.0,0.0,1838592.0,0.0
0.0,0.0,0.0,0.0,0.0,4032.0,0.0,737856.0
0.0,0.0,0.0,0.0,0.0,0.0,1810368.0,0.0
0.0,0.0,983808.0,0.0,0.0,0.0,0.0,862848.0
0.0,0.0,983808.0,0.0,0.0,0.0,1201536.0,0.0
0.0,0.0,983808.0,0.0,0.0,0.0,0.0,862848.0
0.0,0.0,24192.0,0.0,0.0,0.0,1201536.0,0.0
0.0,0.0,1104768.0,0.0,0.0,0.0,1201536.0,0.0
0.0,0.0,1108800.0,0.0,0.0,0.0,1201536.0,0.0
0.0,0.0,1104768.0,0.0,0.0,0.0,1201536.0,0.0
0.0,0.0,991872.0,0.0,0.0,0.0,1201536.0,0.0
0.0,0.0,0.0,0.0,0.0,0.0,0.0,0.0
0.0,0.0,0.0,0.0,0.0,0.0,0.0,0.0
0.0,2507904.0,1669248.0,0.0,0.0,0.0,0.0,0.0
11520229.333333334,1252165.3333333333,1636992.0,0.0,0.0,0.0,0.0,0.0
0.0,0.0,1600704.0,0.0,0.0,0.0,1201536.0,0.0
0.0,0.0,755509.3333333334,4032.0,0.0,0.0,0.0,0.0
0.0,0.0,1798272.0,0.0,0.0,0.0,0.0,0.0
0.0,0.0,0.0,701568.0,0.0,0.0,153216.0,0.0
0.0,0.0,2088576.0,0.0,0.0,0.0,0.0,0.0
0.0,0.0,2092608.0,0.0,0.0,0.0,0.0,0.0
0.0,0.0,616896.0,0.0,0.0,0.0,0.0,0.0
0.0,0.0,616896.0,0.0,0.0,0.0,0.0,0.0
0.0,0.0,1587888.0,0.0,0.0,0.0,0.0,0.0
0.0,0.0,612864.0,0.0,0.0,0.0,0.0,0.0
0.0,0.0,612864.0,0.0,0.0,0.0,0.0,0.0
0.0,1737792.0,0.0,612864.0,0.0,0.0,983808.0,0.0
0.0,2403072.0,616896.0,0.0,0.0,0.0,0.0,0.0
0.0,0.0,0.0,0.0,0.0,0.0,0.0,0.0
0.0,0.0,0.0,0.0,0.0,0.0,0.0,0.0
0.0,2403072.0,0.0,612864.0,0.0,0.0,983808.0,0.0
0.0,0.0,0.0,0.0,0.0,0.0,0.0,0.0
0.0,0.0,0.0,0.0,0.0,0.0,0.0,0.0
0.0,0.0,0.0,0.0,0.0,0.0,0.0,0.0
0.0,0.0,612864.0,0.0,0.0,0.0,0.0,0.0
0.0,0.0,0.0,0.0,0.0,0.0,0.0,0.0
0.0,2403072.0,612864.0,0.0,0.0,0.0,0.0,0.0
4032.0,1329466.6666666667,0.0,0.0,0.0,0.0,983808.0,0.0
0.0,0.0,0.0,0.0,0.0,0.0,1124928.0,0.0
0.0,0.0,0.0,0.0,0.0,0.0,0.0,0.0
0.0,0.0,0.0,0.0,0.0,0.0,0.0,0.0
1108800.0,0.0,616896.0,0.0,0.0,0.0,0.0,0.0
0.0,0.0,0.0,0.0,0.0,0.0,0.0,0.0
0.0,0.0,616896.0,0.0,0.0,0.0,0.0,0.0
0.0,0.0,0.0,0.0,0.0,0.0,0.0,0.0
0.0,0.0,616896.0,0.0,0.0,0.0,0.0,0.0
337968.0,0.0,612864.0,0.0,0.0,0.0,0.0,0.0
0.0,0.0,0.0,0.0,0.0,0.0,983808.0,0.0
0.0,0.0,612864.0,0.0,0.0,0.0,0.0,0.0
0.0,0.0,705600.0,0.0,0.0,0.0,2745792.0,0.0
0.0,0.0,0.0,0.0,0.0,0.0,983808.0,0.0
0.0,0.0,0.0,0.0,0.0,0.0,0.0,0.0
0.0,0.0,612864.0,0.0,0.0,0.0,0.0,0.0
0.0,0.0,616896.0,0.0,0.0,0.0,0.0,0.0
0.0,0.0,612864.0,1201536.0,0.0,0.0,2403072.0,0.0
0.0,0.0,616896.0,1201536.0,0.0,0.0,2407104.0,0.0
0.0,0.0,701568.0,0.0,0.0,0.0,0.0,0.0
0.0,0.0,612864.0,1201536.0,0.0,0.0,2403072.0,0.0
0.0,0.0,612864.0,0.0,0.0,0.0,0.0,0.0
0.0,0.0,0.0,0.0,0.0,0.0,0.0,0.0
0.0,0.0,0.0,0.0,0.0,0.0,0.0,0.0
0.0,0.0,0.0,0.0,0.0,0.0,0.0,0.0
0.0,0.0,0.0,0.0,0.0,0.0,0.0,0.0
0.0,0.0,616896.0,0.0,0.0,504000.0,0.0,0.0
0.0,0.0,705600.0,0.0,0.0,4032.0,0.0,0.0
0.0,0.0,612864.0,0.0,0.0,0.0,0.0,0.0
0.0,0.0,0.0,616896.0,0.0,0.0,0.0,0.0
0.0,0.0,0.0,612864.0,0.0,0.0,0.0,0.0
0.0,0.0,0.0,616896.0,0.0,0.0,0.0,0.0
0.0,0.0,612864.0,616896.0,0.0,983808.0,0.0,0.0
0.0,0.0,0.0,616896.0,0.0,0.0,0.0,0.0
0.0,0.0,1548288.0,612864.0,0.0,0.0,0.0,0.0
0.0,0.0,2399040.0,616896.0,0.0,0.0,0.0,0.0
0.0,0.0,612864.0,0.0,0.0,0.0,0.0,0.0
0.0,0.0,0.0,0.0,0.0,0.0,0.0,0.0
0.0,0.0,612864.0,0.0,0.0,0.0,0.0,0.0
0.0,0.0,616896.0,612864.0,0.0,0.0,0.0,0.0
0.0,0.0,0.0,616896.0,0.0,0.0,0.0,0.0
0.0,0.0,0.0,612864.0,0.0,0.0,0.0,0.0
0.0,201600.0,612864.0,612864.0,0.0,0.0,0.0,0.0
0.0,983808.0,616896.0,612864.0,0.0,0.0,0.0,0.0
0.0,0.0,0.0,0.0,0.0,0.0,0.0,0.0
0.0,0.0,0.0,612864.0,0.0,0.0,0.0,0.0
0.0,983808.0,612864.0,616896.0,0.0,0.0,0.0,0.0
0.0,0.0,0.0,713664.0,0.0,0.0,0.0,0.0
0.0,0.0,0.0,0.0,0.0,0.0,2403072.0,0.0
0.0,983808.0,616896.0,1354752.0,0.0,0.0,0.0,0.0
0.0,0.0,0.0,0.0,0.0,0.0,3600576.0,0.0
0.0,983808.0,616896.0,1350720.0,0.0,0.0,0.0,0.0
0.0,983808.0,612864.0,1354752.0,0.0,0.0,0.0,0.0
0.0,0.0,0.0,0.0,0.0,0.0,737856.0,0.0
0.0,0.0,0.0,1354752.0,0.0,0.0,0.0,0.0
0.0,0.0,0.0,0.0,0.0,0.0,737856.0,0.0
278208.0,0.0,0.0,1548288.0,0.0,0.0,0.0,0.0
0.0,0.0,0.0,0.0,0.0,0.0,1201536.0,0.0
0.0,0.0,0.0,0.0,0.0,0.0,0.0,0.0
0.0,0.0,0.0,1544256.0,0.0,0.0,0.0,0.0
0.0,0.0,0.0,1354752.0,0.0,0.0,0.0,0.0
0.0,0.0,0.0,0.0,0.0,0.0,0.0,0.0
2403072.0,0.0,0.0,1350720.0,0.0,0.0,0.0,0.0
0.0,0.0,0.0,0.0,0.0,0.0,0.0,0.0
0.0,0.0,0.0,1354752.0,0.0,0.0,0.0,0.0
0.0,0.0,0.0,1350720.0,0.0,0.0,0.0,0.0
0.0,0.0,0.0,1350720.0,0.0,0.0,0.0,0.0
0.0,0.0,0.0,1350720.0,0.0,0.0,0.0,0.0
0.0,0.0,0.0,0.0,0.0,0.0,0.0,0.0
0.0,0.0,0.0,0.0,0.0,0.0,0.0,0.0
0.0,0.0,0.0,0.0,0.0,0.0,0.0,0.0
0.0,0.0,0.0,1548288.0,0.0,0.0,0.0,0.0
0.0,0.0,0.0,0.0,0.0,0.0,0.0,0.0
0.0,0.0,0.0,737856.0,0.0,0.0,0.0,0.0
0.0,0.0,0.0,737856.0,0.0,0.0,0.0,0.0
0.0,0.0,0.0,0.0,0.0,0.0,0.0,0.0
0.0,0.0,0.0,737856.0,0.0,0.0,0.0,0.0
0.0,0.0,0.0,137893.33333333334,0.0,0.0,4032.0,0.0
0.0,0.0,0.0,0.0,0.0,0.0,0.0,0.0
0.0,0.0,0.0,0.0,0.0,0.0,0.0,0.0
0.0,0.0,0.0,0.0,0.0,0.0,0.0,0.0
0.0,0.0,0.0,0.0,0.0,0.0,0.0,0.0
0.0,0.0,0.0,0.0,0.0,0.0,0.0,0.0
0.0,0.0,0.0,0.0,0.0,0.0,0.0,0.0
0.0,0.0,0.0,0.0,0.0,0.0,0.0,0.0
0.0,0.0,0.0,0.0,0.0,0.0,0.0,0.0
0.0,0.0,0.0,0.0,0.0,0.0,0.0,0.0
0.0,0.0,0.0,0.0,0.0,0.0,0.0,0.0
0.0,0.0,0.0,0.0,0.0,0.0,0.0,0.0
0.0,0.0,0.0,0.0,0.0,0.0,0.0,0.0
0.0,0.0,0.0,0.0,0.0,0.0,0.0,0.0
0.0,0.0,0.0,0.0,0.0,0.0,0.0,0.0
0.0,0.0,0.0,0.0,0.0,0.0,0.0,0.0
0.0,0.0,0.0,0.0,0.0,0.0,0.0,0.0
0.0,0.0,0.0,0.0,0.0,0.0,0.0,0.0
0.0,0.0,0.0,0.0,0.0,0.0,0.0,0.0
0.0,0.0,0.0,0.0,0.0,0.0,0.0,0.0
0.0,0.0,0.0,0.0,0.0,0.0,0.0,0.0
0.0,0.0,0.0,0.0,0.0,0.0,0.0,0.0
0.0,0.0,0.0,0.0,0.0,0.0,0.0,0.0
0.0,0.0,0.0,0.0,0.0,0.0,0.0,0.0
0.0,0.0,0.0,0.0,0.0,0.0,0.0,0.0
0.0,0.0,0.0,0.0,0.0,0.0,0.0,0.0
0.0,0.0,0.0,0.0,0.0,0.0,0.0,0.0
0.0,0.0,0.0,0.0,0.0,0.0,0.0,0.0
0.0,0.0,0.0,0.0,0.0,0.0,0.0,0.0
0.0,0.0,0.0,0.0,0.0,0.0,0.0,0.0
0.0,0.0,0.0,0.0,0.0,0.0,0.0,0.0
0.0,0.0,0.0,0.0,0.0,0.0,0.0,0.0
0.0,0.0,0.0,0.0,0.0,0.0,0.0,0.0
0.0,0.0,0.0,0.0,0.0,0.0,0.0,0.0
0.0,0.0,0.0,0.0,0.0,0.0,0.0,0.0
0.0,0.0,0.0,0.0,0.0,0.0,0.0,0.0
0.0,0.0,0.0,0.0,0.0,0.0,0.0,0.0
0.0,0.0,0.0,0.0,0.0,0.0,0.0,0.0
0.0,0.0,0.0,0.0,0.0,0.0,0.0,0.0
0.0,0.0,0.0,0.0,0.0,0.0,0.0,0.0
0.0,0.0,0.0,0.0,0.0,0.0,0.0,0.0
0.0,0.0,0.0,0.0,0.0,0.0,0.0,0.0
0.0,0.0,0.0,0.0,0.0,0.0,0.0,0.0
0.0,0.0,0.0,0.0,0.0,0.0,0.0,0.0
0.0,0.0,0.0,0.0,0.0,0.0,0.0,0.0
0.0,0.0,0.0,0.0,0.0,0.0,0.0,0.0
0.0,0.0,0.0,0.0,0.0,0.0,0.0,0.0
0.0,0.0,0.0,0.0,0.0,0.0,0.0,0.0
0.0,0.0,0.0,0.0,0.0,0.0,0.0,0.0
0.0,0.0,0.0,0.0,0.0,0.0,0.0,0.0
