index,portLOCAL,port1,port2,port3
0,0.0,8487360.0,0.0,589.3333333333334
1,0.0,8653448.0,589.3333333333334,0.0
2,0.0,3345466.6666666665,479808.0,4032.0
3,0.0,112.0,794304.0,112.0
4,0.0,0.0,774144.0,0.0
5,0.0,0.0,790272.0,0.0
6,0.0,0.0,782208.0,0.0
7,0.0,0.0,979776.0,0.0
8,0.0,0.0,1475898.6666666667,0.0
9,0.0,552384.0,945733.3333333334,4218.666666666667
10,0.0,790272.0,681520.0,701.3333333333334
11,0.0,799112.0,681997.3333333334,0.0
12,0.0,1358784.0,697536.0,0.0
13,0.0,2056320.0,685440.0,0.0
14,0.0,2007936.0,669312.0,0.0
15,0.0,3493957.333333333,685440.0,4032.0
16,0.0,5187397.333333333,741888.0,4032.0
17,0.0,1254064.0,911232.0,112.0
18,0.0,1572480.0,919296.0,0.0
19,0.0,1939392.0,911232.0,0.0
20,0.0,1943536.0,915264.0,112.0
21,0.0,1927296.0,907200.0,0.0
22,0.0,1899072.0,895440.0,0.0
23,0.0,2624832.0,899136.0,0.0
24,0.0,2826432.0,1673280.0,0.0
25,0.0,2846592.0,1822650.6666666667,0.0
26,0.0,2798320.0,1866816.0,112.0
27,0.0,2806272.0,1903216.0,112.0
28,0.0,2786224.0,1903104.0,186.66666666666663
29,0.0,3003840.0,1907136.0,0.0
30,0.0,3693901.3333333335,1907136.0,589.3333333333334
31,0.0,3709440.0,1908173.3333333333,0.0
32,0.0,3717504.0,1907136.0,0.0
33,0.0,3697642.6666666665,1911168.0,0.0
34,0.0,3745952.0,1927296.0,0.0
35,0.0,3165690.6666666665,2112768.0,112.0
36,0.0,2802352.0,2350768.0,0.0
37,0.0,2798208.0,2673216.0,0.0
38,0.0,2810304.0,2806608.0,0.0
39,0.0,2814336.0,2810528.0,0.0
40,0.0,2794288.0,2947504.0,0.0
41,0.0,2842672.0,3415104.0,112.0
42,0.0,2810416.0,3366832.0,112.0
43,0.0,2822400.0,3382848.0,48384.0
44,0.0,2822400.0,3386880.0,112896.0
45,0.0,2646021.333333333,3383072.0,118613.33333333331
46,0.0,3048192.0,3386880.0,7205184.0
47,0.0,3036320.0,3370864.0,1253456.0
48,0.0,9999472.0,3427424.0,113008.0
49,0.0,11858224.0,3147205.333333333,113008.0
50,0.0,11999344.0,2935296.0,112896.0
51,0.0,12108208.0,2939440.0,112896.0
52,0.0,12200944.0,2959488.0,4624816.0
53,0.0,12132288.0,2769264.0,3599856.0
54,0.0,6240266.666666667,2714096.0,713776.0
55,0.0,2378992.0,2721712.0,794304.0
56,0.0,2596720.0,2758224.0,1814512.0
57,0.0,2822400.0,2713648.0,1806448.0
58,0.0,2822512.0,2907072.0,1806448.0
59,0.0,2838640.0,3632832.0,1818544.0
60,0.0,2702965.333333333,3927466.6666666665,1810480.0
61,0.0,1955520.0,4229568.0,1175557.3333333333
62,0.0,1915312.0,4963392.0,786352.0
63,0.0,1919344.0,4967536.0,790272.0
64,0.0,1983968.0,10810128.0,818720.0
65,0.0,1935360.0,13954752.0,1387194.6666666667
66,0.0,1987888.0,14232960.0,1629040.0
67,0.0,2060352.0,14126341.333333334,1641024.0
68,0.0,11116336.0,11818656.0,1641136.0
69,0.0,6493157.333333333,3064976.0,1629152.0
70,0.0,1956221.3333333333,2532685.333333333,1609469.3333333333
71,0.0,10693088.0,2524368.0,1608880.0
72,0.0,11011392.0,2548224.0,1620864.0
73,0.0,11547760.0,2572416.0,1637104.0
74,0.0,3462394.6666666665,2677360.0,4444901.333333333
75,0.0,2794400.0,2497333.333333333,10035872.0
76,0.0,2713648.0,2145024.0,2094245.3333333333
77,0.0,2786298.6666666665,2205504.0,923328.0
78,0.0,2645536.0,2173248.0,923440.0
79,0.0,2125088.0,1653925.3333333333,907424.0
80,0.0,2665264.0,1621088.0,927472.0
81,0.0,2645104.0,1608768.0,919296.0
82,0.0,2616768.0,1863589.3333333333,907200.0
83,0.0,2661232.0,1620976.0,927360.0
84,0.0,2826656.0,1637104.0,935536.0
85,0.0,2854656.0,1600704.0,911232.0
86,0.0,2907296.0,1625008.0,931728.0
87,0.0,9782090.666666666,1632960.0,931392.0
88,0.0,11628400.0,1633072.0,931392.0
89,0.0,7702149.333333333,1604848.0,919408.0
90,0.0,2528064.0,1612800.0,923328.0
91,0.0,3036208.0,1604736.0,915376.0
92,0.0,3124912.0,1616832.0,420133.3333333333
93,0.0,3447584.0,1584576.0,113120.0
94,0.0,4032112.0,1612800.0,116928.0
95,0.0,4108608.0,1641024.0,116928.0
96,0.0,3963568.0,1592752.0,112896.0
97,0.0,4007920.0,1596672.0,584640.0
98,0.0,3976010.6666666665,1624896.0,1157184.0
99,0.0,2986037.333333333,1588720.0,1129184.0
100,0.0,2320981.333333333,1588832.0,1355088.0
101,0.0,1923264.0,1584576.0,1697472.0
102,0.0,1939616.0,1596672.0,1709792.0
103,0.0,1939392.0,1596672.0,1713600.0
104,0.0,1947680.0,1604848.0,1717632.0
105,0.0,1983744.0,1588608.0,1701504.0
106,0.0,2391088.0,1750000.0,1709792.0
107,0.0,2927456.0,2407216.0,1713600.0
108,0.0,2904997.333333333,2395120.0,1721888.0
109,0.0,2746016.0,2399152.0,1709904.0
110,0.0,2541685.333333333,2399040.0,2448949.333333333
111,0.0,2536352.0,2423344.0,1729952.0
112,0.0,2503872.0,2386944.0,1737792.0
113,0.0,2503872.0,2395008.0,2503872.0
114,0.0,2508352.0,2386944.0,2503984.0
115,0.0,2507904.0,7439040.0,2511936.0
116,0.0,2003296.0,8334602.666666667,2512048.0
117,0.0,1616944.0,2431408.0,2544192.0
118,0.0,1597120.0,2391424.0,2136576.0
119,0.0,1592640.0,2395008.0,2390976.0
120,0.0,1597008.0,2391312.0,2387056.0
121,0.0,1592752.0,2390976.0,2387056.0
122,0.0,1600704.0,2399040.0,2403072.0
123,0.0,1592640.0,2395008.0,2399040.0
124,0.0,3830400.0,2403072.0,2403072.0
125,0.0,8326192.0,2415168.0,2407104.0
126,0.0,6376229.333333333,2395120.0,2584736.0
127,0.0,1895040.0,2390976.0,2970864.0
128,0.0,1975904.0,2439472.0,2560432.0
129,0.0,1935472.0,2395008.0,2503984.0
130,0.0,7445541.333333333,2411136.0,2524256.0
131,0.0,1947456.0,2411136.0,2520000.0
132,0.0,1943648.0,2391274.6666666665,1635205.3333333333
133,0.0,3318560.0,2431632.0,1495984.0
134,0.0,13116096.0,1774885.3333333333,1495872.0
135,0.0,13450976.0,1649312.0,1528576.0
136,0.0,5913962.666666667,1620976.0,1516032.0
137,0.0,2568496.0,1564416.0,1491952.0
138,0.0,2560320.0,1560384.0,1790208.0
139,0.0,2592688.0,1576512.0,1802304.0
140,0.0,2584624.0,2076480.0,1802416.0
141,0.0,2584512.0,2350656.0,1790208.0
142,0.0,2580592.0,1658997.3333333333,1798570.6666666667
143,0.0,2616992.0,1475824.0,1818544.0
144,0.0,2568496.0,2028208.0,1778336.0
145,0.0,2588544.0,2475648.0,1806336.0
146,0.0,2339104.0,3185504.0,1806448.0
147,0.0,2133264.0,3475920.0,1794240.0
148,0.0,2854768.0,3471664.0,1680840.0
149,0.0,3028845.333333333,3472141.333333333,1528352.0
150,0.0,3024000.0,2979360.0,1564416.0
151,0.0,2821792.0,1990133.3333333333,1568448.0
152,0.0,3132976.0,1234016.0,1572592.0
153,0.0,3157392.0,1238048.0,1572816.0
154,0.0,3137008.0,1229760.0,5076400.0
155,0.0,3132864.0,1237936.0,8140720.0
156,0.0,3185392.0,9478624.0,8225504.0
157,0.0,3132864.0,1233904.0,8140720.0
158,0.0,3161200.0,1237824.0,8177008.0
159,0.0,3140928.0,1233792.0,8156736.0
160,0.0,3153248.0,1242080.0,6254064.0
161,0.0,3826368.0,1245888.0,1588608.0
162,0.0,3802698.6666666665,1234016.0,1418880.0
163,0.0,3319861.333333333,1229760.0,1455552.0
164,0.0,2907072.0,1229872.0,1455664.0
165,0.0,2911216.0,1229760.0,1850800.0
166,0.0,2935408.0,375781.3333333333,1923376.0
167,0.0,2903152.0,226016.0,1959664.0
168,0.0,2819285.333333333,3088624.0,2685312.0
169,0.0,2274048.0,6878704.0,2721712.0
170,0.0,2330832.0,4428885.333333333,2701776.0
171,0.0,2576560.0,225904.0,2689568.0
172,0.0,2580704.0,600992.0,2685536.0
173,0.0,2576448.0,1225728.0,2761920.0
174,0.0,2572640.0,1234128.0,3354736.0
175,0.0,2572640.0,1229872.0,3358768.0
176,0.0,2604672.0,1451632.0,3399088.0
177,0.0,2644992.0,1612800.0,3455424.0
178,0.0,2447856.0,1580544.0,3378816.0
179,0.0,3741920.0,1568560.0,3362800.0
180,0.0,11068064.0,1596896.0,3536288.0
181,0.0,10472629.333333334,1794240.0,3822336.0
182,0.0,9936485.333333334,1794464.0,3211429.333333333
183,0.0,9765504.0,1790432.0,3032288.0
184,0.0,5391552.0,1802416.0,3314528.0
185,0.0,1008000.0,1794240.0,3354624.0
186,0.0,1016288.0,1810368.0,3395168.0
187,0.0,1008112.0,1786288.0,3350592.0
188,0.0,1016064.0,1802304.0,3382848.0
189,0.0,1008000.0,1794240.0,3291637.333333333
190,0.0,1012032.0,1786176.0,3028032.0
191,0.0,1004304.0,1798384.0,3032288.0
192,0.0,1008000.0,1786176.0,3011904.0
193,0.0,1004416.0,1794352.0,3028368.0
194,0.0,5028128.0,1802528.0,3028256.0
195,0.0,17200512.0,1802304.0,2899813.333333333
196,0.0,18873792.0,1826496.0,2282112.0
197,0.0,10117205.333333334,1835008.0,2298576.0
198,0.0,3172090.6666666665,1806448.0,2604784.0
199,0.0,1008336.0,1786400.0,3012016.0
200,0.0,1012032.0,1794240.0,3024000.0
201,0.0,1346912.0,1794240.0,3028256.0
202,0.0,1572704.0,1790208.0,3020192.0
203,0.0,1367306.6666666667,1798272.0,3024000.0
204,0.0,1346688.0,1794240.0,3459456.0
205,0.0,1346800.0,1794352.0,3923136.0
206,0.0,1536304.0,1806448.0,3947328.0
207,0.0,2052512.0,1814512.0,3967600.0
208,0.0,2008160.0,1794352.0,3927504.0
209,0.0,2020256.0,2136960.0,3923360.0
210,0.0,2020032.0,2253888.0,3594757.333333333
211,0.0,2020144.0,2245936.0,2755605.333333333
212,0.0,2020032.0,2250080.0,2331178.6666666665
213,0.0,2056320.0,2286144.0,1939392.0
214,0.0,2725856.0,2241904.0,1583594.6666666667
215,0.0,2919280.0,2245936.0,1233792.0
216,0.0,2919616.0,2242016.0,1234016.0
217,0.0,2955568.0,2345904.0,1250032.0
218,0.0,2870064.0,2257920.0,2020032.0
219,0.0,2342704.0,2254000.0,10019520.0
220,0.0,2846592.0,2278080.0,5420533.333333333
221,0.0,2806272.0,2241792.0,1229760.0
222,0.0,10068352.0,2250080.0,1234240.0
223,0.0,6524346.666666667,2431296.0,1241968.0
224,0.0,2806496.0,2693376.0,1234016.0
225,0.0,2814672.0,2697856.0,1237936.0
226,0.0,2818368.0,2489589.333333333,821434.6666666666
227,0.0,8944821.333333334,1713712.0,794416.0
228,0.0,8959216.0,1629957.3333333333,790384.0
229,0.0,3053749.333333333,1576512.0,786240.0
230,0.0,2468032.0,1580880.0,1096816.0
231,0.0,2806272.0,1564416.0,1346688.0
232,0.0,2802688.0,1576624.0,1339184.0
233,0.0,2806272.0,1568448.0,2080512.0
234,0.0,2515360.0,1576624.0,8853552.0
235,0.0,2245936.0,1568560.0,1342656.0
236,0.0,2242016.0,1572592.0,1544592.0
237,0.0,2274272.0,1588720.0,3923248.0
238,0.0,1879829.3333333333,1584576.0,8322160.0
239,0.0,1354976.0,1584800.0,8310400.0
240,0.0,8539888.0,1580656.0,9350208.0
241,0.0,2245824.0,1657376.0,8968197.333333334
242,0.0,1354864.0,1580768.0,8302000.0
243,0.0,9955008.0,1616832.0,8483328.0
244,0.0,1882944.0,1641024.0,1972453.3333333333
245,0.0,1359008.0,1584688.0,1709680.0
246,0.0,3392981.333333333,1628928.0,1738016.0
247,0.0,1355088.0,1580656.0,1693664.0
248,0.0,1596672.0,1588608.0,1693440.0
249,0.0,2282224.0,1596672.0,1713712.0
250,0.0,2258144.0,1903328.0,1693664.0
251,0.0,3967712.0,2032464.0,1697584.0
252,0.0,13273344.0,2032128.0,1693440.0
253,0.0,13297872.0,2048592.0,1697696.0
254,0.0,9873498.666666666,2036160.0,1701728.0
255,0.0,13434736.0,2056432.0,1717632.0
256,0.0,13511232.0,2068528.0,1717744.0
257,0.0,13241088.0,2120832.0,1693440.0
258,0.0,13563648.0,3104640.0,1737792.0
259,0.0,8630325.333333334,3096576.0,1721664.0
260,0.0,2262512.0,3052672.0,1697808.0
261,0.0,2822624.0,3104640.0,1725920.0
262,0.0,3161312.0,3161088.0,5923232.0
263,0.0,3217536.0,3213504.0,8434944.0
264,0.0,3213616.0,3213616.0,8435168.0
265,0.0,8691749.333333334,3197488.0,8111290.666666667
266,0.0,2975728.0,3221568.0,4373738.666666667
267,0.0,2983792.0,3205552.0,1371104.0
268,0.0,3213728.0,3149104.0,1177914.6666666667
269,0.0,3568544.0,3075546.6666666665,2806272.0
270,0.0,3883152.0,2096144.0,7762160.0
271,0.0,3834544.0,1972565.3333333333,7608608.0
272,0.0,3722341.3333333335,1608768.0,7737408.0
273,0.0,2935408.0,1584688.0,1162021.3333333333
274,0.0,2407536.0,8531712.0,1326528.0
275,0.0,2415840.0,12809776.0,1952048.0
276,0.0,2362752.0,5387669.333333333,1911280.0
277,0.0,2415280.0,4102181.3333333335,1955520.0
278,0.0,2391893.333333333,9798330.666666666,1955744.0
279,0.0,1907248.0,1343290.6666666667,1911504.0
280,0.0,1951488.0,1374912.0,4919040.0
281,0.0,1943424.0,1378944.0,14370160.0
282,0.0,1930832.0,1382976.0,19764976.0
283,0.0,1379056.0,1382976.0,19660144.0
284,0.0,2036272.0,1399104.0,19922224.0
285,0.0,1666245.3333333333,1383200.0,10966602.666666666
286,0.0,917621.3333333334,1354752.0,5843370.666666667
287,0.0,895104.0,1899184.0,899248.0
288,0.0,895328.0,2129232.0,895328.0
289,0.0,899248.0,2136960.0,903354.6666666666
290,0.0,919296.0,2177280.0,915264.0
291,0.0,899136.0,2145024.0,899136.0
292,0.0,903280.0,2145136.0,907424.0
293,0.0,911232.0,2153088.0,903168.0
294,0.0,907312.0,2153088.0,1016176.0
295,0.0,899136.0,2673216.0,1346688.0
296,0.0,903392.0,3056592.0,1354864.0
297,0.0,915376.0,2666661.333333333,1342768.0
298,0.0,895104.0,1907248.0,1346800.0
299,0.0,899472.0,2209760.0,1354864.0
300,0.0,899136.0,2241792.0,3294144.0
301,0.0,899136.0,2257920.0,7939008.0
302,0.0,903280.0,2261952.0,7911328.0
303,0.0,911232.0,3100608.0,7455168.0
304,0.0,911344.0,3282160.0,7439040.0
305,0.0,911232.0,3310272.0,8128512.0
306,0.0,903392.0,3653104.0,7810752.0
307,0.0,1044400.0,4274144.0,1794941.3333333333
308,0.0,1920045.3333333333,3861570.6666666665,1802416.0
309,0.0,1911280.0,5011888.0,1806336.0
310,0.0,1931440.0,9922864.0,2395008.0
311,0.0,2141216.0,9874704.0,2705584.0
312,0.0,2487744.0,9898560.0,2713536.0
313,0.0,2512160.0,3649877.3333333335,2737840.0
314,0.0,2745792.0,3261888.0,2701440.0
315,0.0,2923312.0,3253824.0,3145072.0
316,0.0,2935408.0,3265920.0,2532666.6666666665
317,0.0,2931376.0,2681738.6666666665,2362864.0
318,0.0,12322128.0,2258144.0,2375072.0
319,0.0,4520554.666666667,2258144.0,2370928.0
320,0.0,3588592.0,2254000.0,2371040.0
321,0.0,3612672.0,2253888.0,2370816.0
322,0.0,4302368.0,2282224.0,2387056.0
323,0.0,4403056.0,2261952.0,2378992.0
324,0.0,4386816.0,2741760.0,2362752.0
325,0.0,4427136.0,2857818.6666666665,1571722.6666666667
326,0.0,4419184.0,2149168.0,1016064.0
327,0.0,5770016.0,2157232.0,1024240.0
328,0.0,11043760.0,2149056.0,1020208.0
329,0.0,11104464.0,2161376.0,1350832.0
330,0.0,11023898.666666666,2145136.0,2822512.0
331,0.0,11124400.0,2165184.0,2524602.6666666665
332,0.0,11027520.0,2153088.0,2145024.0
333,0.0,16474864.0,2153088.0,2157232.0
334,0.0,19894112.0,2201696.0,2145248.0
335,0.0,19990656.0,2955456.0,2165184.0
336,0.0,8525082.666666666,2963632.0,2169328.0
337,0.0,3709776.0,2927232.0,2262288.0
338,0.0,3721648.0,2931488.0,3245872.0
339,0.0,3729936.0,2931712.0,2761312.0
340,0.0,3713472.0,2927232.0,9499392.0
341,0.0,3778096.0,2979760.0,11648672.0
342,0.0,3729712.0,2935296.0,11543728.0
343,0.0,3762080.0,3116736.0,11612384.0
344,0.0,3729600.0,3169152.0,10330848.0
345,0.0,3709440.0,3144960.0,2467584.0
346,0.0,3745840.0,3177216.0,2499952.0
347,0.0,3737664.0,3173184.0,2491776.0
348,0.0,3750096.0,3181584.0,2500064.0
349,0.0,3629605.3333333335,3161088.0,2608704.0
350,0.0,2967888.0,3205664.0,3306352.0
351,0.0,2935408.0,3153248.0,3086341.333333333
352,0.0,2963520.0,2578085.333333333,2350768.0
353,0.0,2546261.333333333,2395120.0,2508016.0
354,0.0,2173472.0,2399040.0,2790368.0
355,0.0,2140992.0,2370928.0,2822512.0
356,0.0,2145136.0,2366784.0,2822512.0
357,0.0,2161376.0,2391088.0,2838640.0
358,0.0,2145024.0,2370816.0,2830464.0
359,0.0,2149056.0,2370816.0,2748730.6666666665
360,0.0,2165296.0,2391200.0,1939504.0
361,0.0,1860709.3333333333,2390976.0,1939504.0
362,0.0,1065477.3333333333,2383024.0,1935696.0
363,0.0,677488.0,2370816.0,1919344.0
364,0.0,677376.0,3261888.0,1919232.0
365,0.0,850864.0,3443664.0,1911392.0
366,0.0,1250144.0,3512096.0,1927520.0
367,0.0,1757952.0,3507840.0,1919232.0
368,0.0,1935472.0,3511872.0,1501541.3333333333
369,0.0,1951824.0,3564400.0,1613248.0
370,0.0,1927408.0,3503920.0,1584576.0
371,0.0,1923264.0,3142773.333333333,1580544.0
372,0.0,2205616.0,2245216.0,1588608.0
373,0.0,2516080.0,2056432.0,1592640.0
374,0.0,2516080.0,2060464.0,5213376.0
375,0.0,2499840.0,2036160.0,12660480.0
376,0.0,2487856.0,1431904.0,13229216.0
377,0.0,2532208.0,1266272.0,13652688.0
378,0.0,2794288.0,1121440.0,13459040.0
379,0.0,2515472.0,919520.0,9521397.333333334
380,0.0,2262064.0,907200.0,2729776.0
381,0.0,2270240.0,907312.0,2713872.0
382,0.0,2258032.0,904693.3333333334,2717680.0
383,0.0,2278192.0,790384.0,2721600.0
384,0.0,1810912.0,943600.0,2717792.0
385,0.0,1717744.0,1145312.0,2749936.0
386,0.0,1701616.0,1133104.0,2717568.0
387,0.0,1721664.0,1149120.0,2761920.0
388,0.0,1725920.0,1149232.0,2753968.0
389,0.0,1693440.0,1128960.0,2717568.0
390,0.0,1705536.0,1137136.0,2721712.0
391,0.0,1709680.0,1149120.0,2737840.0
392,0.0,1701504.0,1354752.0,2721600.0
393,0.0,1713936.0,1379280.0,2746240.0
394,0.0,2290176.0,1366960.0,2533733.333333333
395,0.0,2391088.0,1366960.0,2378880.0
396,0.0,2163013.333333333,1363040.0,2387056.0
397,0.0,1814512.0,1358784.0,2383024.0
398,0.0,2209648.0,1685488.0,2899008.0
399,0.0,1822464.0,6096384.0,2399040.0
400,0.0,1826496.0,10499328.0,2390976.0
401,0.0,1854720.0,10688944.0,2435440.0
402,0.0,1814624.0,10447248.0,2625168.0
403,0.0,1810480.0,10398640.0,2943360.0
404,0.0,1343797.3333333333,2605216.0,2983904.0
405,0.0,1454944.0,1596784.0,2951648.0
406,0.0,790608.0,1580768.0,3762192.0
407,0.0,806512.0,1798384.0,11999232.0
408,0.0,469349.3333333333,1834784.0,4113210.6666666665
409,0.0,339024.0,1814736.0,2951648.0
410,0.0,923328.0,1854720.0,3015936.0
411,0.0,1447712.0,2306528.0,3749984.0
412,0.0,1963808.0,2383024.0,3682853.3333333335
413,0.0,1733984.0,1850912.0,2770208.0
414,0.0,1721664.0,1834560.0,2753856.0
415,0.0,1701616.0,2066629.3333333333,2709616.0
416,0.0,1725920.0,2181424.0,2328101.333333333
417,0.0,1742048.0,2951424.0,2030165.3333333333
418,0.0,1725696.0,2947616.0,1246112.0
419,0.0,2068640.0,2983904.0,1262240.0
420,0.0,2028208.0,2931376.0,1237824.0
421,0.0,2064608.0,2983904.0,1266048.0
422,0.0,2076592.0,2995888.0,7902720.0
423,0.0,2032240.0,2931264.0,5576826.666666667
424,0.0,2064384.0,2979648.0,1262016.0
425,0.0,2701664.0,2995888.0,1266384.0
426,0.0,2858688.0,3096688.0,1314544.0
427,0.0,2762032.0,2446816.0,1262016.0
428,0.0,4596816.0,2189712.0,1266272.0
429,0.0,9338336.0,2149168.0,1246000.0
430,0.0,9499728.0,2185568.0,1262128.0
431,0.0,9507456.0,2653056.0,1266048.0
432,0.0,9362416.0,2721712.0,1249920.0
433,0.0,9805824.0,2846592.0,1520064.0
434,0.0,14729120.0,2774128.0,1850800.0
435,0.0,16249408.0,2762256.0,1842960.0
436,0.0,14184138.666666666,2761424.0,1871072.0
437,0.0,13769392.0,2604784.0,1810592.0
438,0.0,13987120.0,2593493.333333333,1842624.0
439,0.0,14051520.0,2431296.0,1850688.0
440,0.0,13821808.0,2391200.0,1818544.0
441,0.0,9191109.333333334,2415392.0,1842736.0
442,0.0,3596544.0,2415168.0,1834560.0
443,0.0,3802736.0,2415280.0,1812661.3333333333
444,0.0,3778096.0,3084704.0,1028272.0
445,0.0,3838688.0,3253936.0,1044624.0
446,0.0,3790192.0,3217648.0,1036224.0
447,0.0,4640944.0,3217648.0,1032192.0
448,0.0,4628960.0,3161312.0,1016064.0
449,0.0,4632880.0,3278128.0,1016288.0
450,0.0,4697280.0,4120704.0,1028160.0
451,0.0,4870880.0,4286128.0,1076656.0
452,0.0,4826416.0,4153072.0,867338.6666666666
453,0.0,4818464.0,4132912.0,459984.0
454,0.0,5528320.0,4209744.0,7064400.0
455,0.0,5435248.0,4084416.0,7573733.333333333
456,0.0,4648288.0,4153184.0,463792.0
457,0.0,4608576.0,4398912.0,459648.0
458,0.0,4592448.0,4570101.333333333,467712.0
459,0.0,4515840.0,4177152.0,451584.0
460,0.0,4584720.0,4621120.0,1225840.0
461,0.0,4608912.0,5806304.0,1500240.0
462,0.0,4750144.0,6244810.666666667,1475824.0
463,0.0,5318208.0,6031872.0,1507968.0
464,0.0,5232442.666666667,6535984.0,1516144.0
465,0.0,4612720.0,6459264.0,1030517.3333333334
466,0.0,4685184.0,6431040.0,459648.0
467,0.0,4697728.0,6439328.0,459872.0
468,0.0,5003712.0,6431040.0,459648.0
469,0.0,5290096.0,6069077.333333333,459872.0
470,0.0,4989941.333333333,5782000.0,455616.0
471,0.0,5019952.0,5866672.0,463680.0
472,0.0,5088944.0,5983216.0,451696.0
473,0.0,5229840.0,5838448.0,455840.0
474,0.0,5310368.0,5935216.0,463792.0
475,0.0,5310256.0,6698069.333333333,463680.0
476,0.0,5322464.0,11729770.666666666,463904.0
477,0.0,5247477.333333333,5277392.0,467936.0
478,0.0,4479664.0,4588640.0,496048.0
479,0.0,4483696.0,4616752.0,1036224.0
480,0.0,4411008.0,4515952.0,1016176.0
481,0.0,4411008.0,4246154.666666667,1221696.0
482,0.0,4496016.0,4153184.0,1383088.0
483,0.0,4556496.0,4134437.3333333335,1399328.0
484,0.0,4407312.0,3366336.0,1354976.0
485,0.0,4468485.333333333,3104864.0,1378944.0
486,0.0,3802400.0,3108784.0,1387120.0
487,0.0,3794224.0,3100608.0,1379056.0
488,0.0,3790192.0,3104864.0,1375024.0
489,0.0,3802176.0,3334464.0,1387008.0
490,0.0,3806432.0,3794336.0,1382976.0
491,0.0,3794336.0,3798256.0,1379056.0
492,0.0,3770032.0,3740133.3333333335,1370992.0
493,0.0,3802288.0,3681216.0,2036272.0
494,0.0,3802624.0,3685472.0,2068640.0
495,0.0,2977573.333333333,4350528.0,2044336.0
496,0.0,2709840.0,4519984.0,2036272.0
497,0.0,2753856.0,4608688.0,2298240.0
498,0.0,2778048.0,11108160.0,2496240.0
499,0.0,2810640.0,12097637.333333334,2427712.0
500,0.0,2991856.0,4826528.0,2419312.0
501,0.0,2991968.0,4567162.666666667,2407216.0
502,0.0,3491936.0,3988677.3333333335,2447536.0
503,0.0,4028080.0,3709984.0,2411136.0
504,0.0,4024160.0,3564624.0,2415280.0
505,0.0,4258128.0,3294826.6666666665,2411248.0
506,0.0,4540032.0,4189360.0,2386944.0
507,0.0,4566181.333333333,11847861.333333334,2435328.0
508,0.0,4483808.0,11745440.0,2415168.0
509,0.0,4238549.333333333,11650293.333333334,2439472.0
510,0.0,3854816.0,10995264.0,2379104.0
511,0.0,3959760.0,6173760.0,2443616.0
512,0.0,3911152.0,2181424.0,2376373.333333333
513,0.0,3842608.0,2149168.0,1693440.0
514,0.0,3812821.3333333335,2246048.0,1730064.0
515,0.0,3614533.3333333335,2911328.0,1717744.0
516,0.0,2721712.0,2947616.0,1729840.0
517,0.0,2713536.0,2935296.0,7257600.0
518,0.0,3104640.0,2995776.0,3252037.333333333
519,0.0,5822320.0,2170021.333333333,2544304.0
520,0.0,12016266.666666666,2060688.0,2499952.0
521,0.0,3487792.0,2080512.0,2552368.0
522,0.0,3443552.0,2010517.3333333333,2524144.0
523,0.0,3455424.0,1951488.0,2532096.0
524,0.0,3439408.0,1959664.0,2528064.0
525,0.0,3451392.0,1947456.0,2524032.0
526,0.0,3443552.0,1955632.0,2532208.0
527,0.0,3882816.0,1317744.0,2532096.0
528,0.0,3923360.0,1270304.0,2536352.0
529,0.0,3915184.0,1278144.0,2899120.0
530,0.0,3559760.0,1274112.0,3020192.0
531,0.0,3318560.0,1246000.0,3106325.333333333
532,0.0,3460016.0,1274448.0,12011552.0
533,0.0,3423280.0,1246000.0,4766506.666666667
534,0.0,3459680.0,1544368.0,2991856.0
535,0.0,3443328.0,2374848.0,2991744.0
536,0.0,3394944.0,2378992.0,2935408.0
537,0.0,3291861.333333333,2415280.0,2991856.0
538,0.0,2762352.0,2423232.0,2995776.0
539,0.0,2624944.0,2378992.0,2939328.0
540,0.0,7927456.0,2459632.0,3040352.0
541,0.0,8987786.666666666,2415168.0,2991744.0
542,0.0,2830688.0,2370096.0,8906912.0
543,0.0,2883440.0,2415392.0,5265408.0
544,0.0,2883216.0,2415280.0,3350816.0
545,0.0,2866864.0,2419312.0,3794336.0
546,0.0,2899008.0,2742677.333333333,3818416.0
547,0.0,2834720.0,3060400.0,3745840.0
548,0.0,3007872.0,3108784.0,3802288.0
549,0.0,3745840.0,3157056.0,3858736.0
550,0.0,3899056.0,2737008.0,3540640.0
551,0.0,4116784.0,2072560.0,2482618.6666666665
552,0.0,4145232.0,2064832.0,2524592.0
553,0.0,4177376.0,2088688.0,2661232.0
554,0.0,5128704.0,2072560.0,2653168.0
555,0.0,5177088.0,2072448.0,2649024.0
556,0.0,5291509.333333333,2068416.0,2640960.0
557,0.0,4967424.0,2068874.6666666667,2226096.0
558,0.0,4935616.0,1743797.3333333333,1943872.0
559,0.0,10317738.666666666,1608768.0,1537829.3333333333
560,0.0,4713520.0,1608768.0,1491952.0
561,0.0,4653264.0,9180976.0,1778560.0
562,0.0,4741968.0,13828197.333333334,2532208.0
563,0.0,4689872.0,13767605.333333334,2665264.0
564,0.0,4741744.0,13345920.0,3826480.0
565,0.0,4637024.0,2121376.0,4024048.0
566,0.0,4235957.333333333,1742010.6666666667,4369013.333333333
567,0.0,4024384.0,1725808.0,3342864.0
568,0.0,4116784.0,1738016.0,3370864.0
569,0.0,4148928.0,1733760.0,3338496.0
570,0.0,4076576.0,1701728.0,3286080.0
571,0.0,4114277.3333333335,1729728.0,3342640.0
572,0.0,3963568.0,1697696.0,3286192.0
573,0.0,3983840.0,1709680.0,3298288.0
574,0.0,5185264.0,1025653.3333333334,3346672.0
575,0.0,10632832.0,681632.0,3298400.0
576,0.0,10745392.0,11136496.0,3638464.0
577,0.0,12112128.0,1049210.6666666667,2689344.0
578,0.0,14378682.666666666,342832.0,2499840.0
579,0.0,19273642.666666668,463792.0,3076986.6666666665
580,0.0,11342240.0,463680.0,2653280.0
581,0.0,11184992.0,451696.0,2609002.6666666665
582,0.0,11388437.333333334,552608.0,7882784.0
583,0.0,4620784.0,463680.0,11680816.0
584,0.0,4556496.0,455840.0,11531856.0
585,0.0,4624704.0,463680.0,11688768.0
586,0.0,4640832.0,463792.0,11696944.0
587,0.0,4677120.0,467712.0,11809728.0
588,0.0,4600624.0,463680.0,7678885.333333333
589,0.0,10108448.0,451584.0,2612960.0
590,0.0,15878128.0,463792.0,2653280.0
591,0.0,5628896.0,479920.0,2750160.0
592,0.0,5270048.0,451696.0,2600752.0
593,0.0,5781888.0,471744.0,2717568.0
594,0.0,5644912.0,455616.0,2649136.0
595,0.0,5552064.0,459648.0,2032560.0
596,0.0,5931184.0,463904.0,1866928.0
597,0.0,6580336.0,455616.0,1814512.0
598,0.0,6584592.0,451808.0,1810480.0
599,0.0,6359008.0,459760.0,2020256.0
600,0.0,6380693.333333333,459648.0,2056544.0
601,0.0,6701296.0,496048.0,2157925.333333333
602,0.0,6535984.0,463680.0,1504048.0
603,0.0,6818112.0,451696.0,1475824.0
604,0.0,6915104.0,463792.0,1495984.0
605,0.0,6915685.333333333,467712.0,1520064.0
606,0.0,5262266.666666667,455840.0,1476160.0
607,0.0,4834592.0,459760.0,1495984.0
608,0.0,5326496.0,459760.0,1491952.0
609,0.0,5001541.333333333,463680.0,1500240.0
610,0.0,4489973.333333333,467824.0,1487808.0
611,0.0,4096624.0,451808.0,1487920.0
612,0.0,4149264.0,464016.0,1495872.0
613,0.0,3996517.3333333335,459760.0,1495984.0
614,0.0,3939376.0,463680.0,1487920.0
615,0.0,4136944.0,455728.0,1495872.0
616,0.0,4140976.0,463680.0,1495984.0
617,0.0,4520096.0,451584.0,1471904.0
618,0.0,4809680.0,451696.0,1471792.0
619,0.0,4366656.0,459648.0,1499904.0
620,0.0,4370912.0,459760.0,1786877.3333333333
621,0.0,4306989.333333333,456317.3333333333,1935696.0
622,0.0,4295829.333333333,463792.0,1971760.0
623,0.0,2164090.6666666665,971712.0,1955520.0
624,0.0,1875440.0,1044512.0,1980048.0
625,0.0,2157232.0,1016288.0,1927408.0
626,0.0,2185456.0,1334592.0,1955632.0
627,0.0,2189488.0,1613024.0,1951600.0
628,0.0,2145136.0,1580656.0,1927296.0
629,0.0,2153088.0,1580544.0,2007936.0
630,0.0,2189376.0,1616832.0,2076480.0
631,0.0,2189488.0,1608768.0,2072560.0
632,0.0,2157232.0,1596672.0,2040304.0
633,0.0,2209760.0,1620976.0,2096752.0
634,0.0,2753968.0,1616944.0,2080512.0
635,0.0,3169264.0,1592640.0,2209648.0
636,0.0,3233888.0,1600928.0,2560976.0
637,0.0,4249952.0,1608880.0,2080624.0
638,0.0,4596592.0,1616832.0,2072560.0
639,0.0,7923440.0,1597008.0,2056768.0
640,0.0,12056896.0,1539504.0,1800229.3333333333
641,0.0,4395104.0,1040704.0,1729952.0
642,0.0,4279909.333333333,1032304.0,1729728.0
643,0.0,4648896.0,1052352.0,1753920.0
644,0.0,4838624.0,1036224.0,1383658.6666666667
645,0.0,4489973.333333333,1040256.0,2645104.0
646,0.0,3707365.3333333335,4302144.0,8052016.0
647,0.0,3364549.333333333,3252037.333333333,4077146.6666666665
648,0.0,2596224.0,1040592.0,1266048.0
649,0.0,2278304.0,1060528.0,1254064.0
650,0.0,5076288.0,1149120.0,1274112.0
651,0.0,11338208.0,1524320.0,1282400.0
652,0.0,4123024.0,2080624.0,1270304.0
653,0.0,1612800.0,2068528.0,1270192.0
654,0.0,1816261.3333333333,2076704.0,1262128.0
655,0.0,1697584.0,2032240.0,1242080.0
656,0.0,1725920.0,2072560.0,1266160.0
657,0.0,2032128.0,2076480.0,1270080.0
658,0.0,2036272.0,2032240.0,1245888.0
659,0.0,2076704.0,2080624.0,1118501.3333333333
660,0.0,2048256.0,2084544.0,907200.0
661,0.0,2080512.0,2310336.0,923328.0
662,0.0,2411248.0,2330720.0,935536.0
663,0.0,2488080.0,1863466.6666666667,907312.0
664,0.0,2528288.0,1387008.0,923552.0
665,0.0,2560320.0,1713712.0,931504.0
666,0.0,2536240.0,1721664.0,919408.0
667,0.0,2745904.0,1842624.0,919408.0
668,0.0,2996112.0,2086725.3333333333,919296.0
669,0.0,3000144.0,2076704.0,931504.0
670,0.0,2995776.0,1994858.6666666667,1012144.0
671,0.0,3032064.0,1512000.0,1165248.0
672,0.0,3645040.0,1653232.0,1266048.0
673,0.0,3915296.0,1492064.0,1149344.0
674,0.0,3915184.0,1495984.0,1157408.0
675,0.0,8217216.0,1503936.0,1149120.0
676,0.0,10697008.0,1499904.0,1153264.0
677,0.0,10689280.0,1500128.0,1157408.0
678,0.0,7631706.666666667,1504048.0,1975680.0
679,0.0,2995888.0,1495984.0,2076704.0
680,0.0,2942640.0,1495872.0,2068416.0
681,0.0,2673216.0,1516032.0,2677248.0
682,0.0,2653280.0,1499904.0,11168864.0
683,0.0,2621024.0,1475936.0,11583936.0
684,0.0,2653056.0,1508192.0,11809952.0
685,0.0,2661120.0,1499904.0,4018810.6666666665
686,0.0,2629088.0,1496208.0,2871120.0
687,0.0,2653168.0,1786288.0,2870784.0
688,0.0,2616880.0,2161152.0,8378608.0
689,0.0,2657424.0,2197552.0,10770378.666666666
690,0.0,2693376.0,2221632.0,11932533.333333334
691,0.0,2262746.6666666665,2161264.0,11596480.0
692,0.0,2314592.0,2193520.0,9776618.666666666
693,0.0,2427488.0,2189488.0,2761920.0
694,0.0,2383136.0,2165520.0,2578917.333333333
695,0.0,2427376.0,2189376.0,2536240.0
696,0.0,2439360.0,2071840.0,4181296.0
697,0.0,2641184.0,1975792.0,9366448.0
698,0.0,7715461.333333333,1975680.0,9745344.0
699,0.0,2459856.0,1988000.0,10225488.0
700,0.0,2423568.0,1959552.0,9389658.666666666
701,0.0,2423232.0,1963696.0,3956421.3333333335
702,0.0,2391088.0,1927296.0,3052336.0
703,0.0,2415504.0,1964032.0,3245872.0
704,0.0,5366816.0,1963696.0,3358992.0
705,0.0,11293632.0,1947456.0,3310272.0
706,0.0,11434864.0,1959552.0,3350704.0
707,0.0,11612272.0,1559514.6666666667,3350704.0
708,0.0,11878496.0,1266160.0,3071776.0
709,0.0,12156704.0,1282400.0,2471840.0
710,0.0,9989109.333333334,1270080.0,2540160.0
711,0.0,2894106.6666666665,1245888.0,2504096.0
712,0.0,2875264.0,1350832.0,2540496.0
713,0.0,2879072.0,1379168.0,2943584.0
714,0.0,2879072.0,1383088.0,3463600.0
715,0.0,2894976.0,2253888.0,3463488.0
716,0.0,3028032.0,2302272.0,3467520.0
717,0.0,3221680.0,2310448.0,3060970.6666666665
718,0.0,3262112.0,2326688.0,3221792.0
719,0.0,3193568.0,2278192.0,3189424.0
720,0.0,3229744.0,2314592.0,3221680.0
721,0.0,8573408.0,1287733.3333333333,3209696.0
722,0.0,1977029.3333333333,1270304.0,3229856.0
723,0.0,1496096.0,1613024.0,3233664.0
724,0.0,1604848.0,2161264.0,3181248.0
725,0.0,2520336.0,2197552.0,3241952.0
726,0.0,3258080.0,2213792.0,3274208.0
727,0.0,3185616.0,7146080.0,4096624.0
728,0.0,3274096.0,1520176.0,4205376.0
729,0.0,3197376.0,1475824.0,4084528.0
730,0.0,3181472.0,1487920.0,4068832.0
731,0.0,3225600.0,1495872.0,3927168.0
732,0.0,3233664.0,1504048.0,3919216.0
733,0.0,3237696.0,1495872.0,4398912.0
734,0.0,3230080.0,1504160.0,12277888.0
735,0.0,3209584.0,1484000.0,15833776.0
736,0.0,2479680.0,1725696.0,8193829.333333333
737,0.0,2338672.0,2104928.0,4798192.0
738,0.0,3205552.0,1598197.3333333333,5100592.0
739,0.0,3241840.0,1157296.0,5427296.0
740,0.0,3237920.0,1149456.0,5173600.0
741,0.0,3503920.0,1141056.0,4624096.0
742,0.0,4036256.0,1153152.0,4378976.0
743,0.0,3681648.0,1153152.0,4382784.0
744,0.0,3568432.0,6716218.666666667,4370800.0
745,0.0,4266080.0,9874592.0,4423104.0
746,0.0,4564336.0,7450154.666666667,4443376.0
747,0.0,4660992.0,242032.0,4524016.0
748,0.0,4512032.0,226016.0,4403168.0
749,0.0,3960453.3333333335,234080.0,4322528.0
750,0.0,3584784.0,230160.0,4394880.0
751,0.0,3561285.333333333,238112.0,4407200.0
752,0.0,3338608.0,225792.0,4314352.0
753,0.0,3584672.0,233968.0,4407088.0
754,0.0,2801632.0,229936.0,4411232.0
755,0.0,2620912.0,229824.0,5253808.0
756,0.0,2822624.0,233968.0,5378800.0
757,0.0,3354736.0,229824.0,5310256.0
758,0.0,3625573.3333333335,234080.0,4460048.0
759,0.0,4737600.0,233968.0,4399024.0
760,0.0,4963840.0,230048.0,4378976.0
761,0.0,4987696.0,229936.0,4398912.0
762,0.0,5443312.0,234080.0,4403056.0
763,0.0,5419232.0,229824.0,4378976.0
764,0.0,5451264.0,229824.0,4411008.0
765,0.0,5495616.0,233856.0,4443264.0
766,0.0,5354496.0,229824.0,4189706.6666666665
767,0.0,6056288.0,258272.0,3115866.6666666665
768,0.0,8971509.333333334,225792.0,2673440.0
769,0.0,13309856.0,346976.0,2665376.0
770,0.0,13176800.0,455728.0,7709520.0
771,0.0,10151930.666666666,1068816.0,11700976.0
772,0.0,4209520.0,1367184.0,10456005.333333334
773,0.0,6421525.333333333,1394090.6666666667,2846816.0
774,0.0,10733408.0,1286432.0,2697632.0
775,0.0,10454976.0,1257984.0,2632896.0
776,0.0,10242197.333333334,1262016.0,3132976.0
777,0.0,3818528.0,1270192.0,3141472.0
778,0.0,3802176.0,1270080.0,2987712.0
779,0.0,3194261.333333333,1270192.0,3008096.0
780,0.0,2999920.0,1270080.0,3012016.0
781,0.0,3000032.0,1270304.0,3120768.0
782,0.0,8027824.0,1274224.0,3354624.0
783,0.0,8963706.666666666,1317968.0,3366832.0
784,0.0,3060624.0,1637216.0,3386992.0
785,0.0,3467456.0,1621200.0,3334576.0
786,0.0,3177552.0,1596784.0,2554325.333333333
787,0.0,3233888.0,1613136.0,2495920.0
788,0.0,3233776.0,1620864.0,2552368.0
789,0.0,3269952.0,1632960.0,2927232.0
790,0.0,3159301.333333333,1612912.0,3338608.0
791,0.0,2306416.0,1612800.0,3346672.0
792,0.0,2310560.0,1620976.0,3342640.0
793,0.0,2302384.0,1608992.0,3338608.0
794,0.0,2306304.0,1616832.0,3358656.0
795,0.0,2310448.0,722645.3333333334,3342528.0
796,0.0,2282336.0,685552.0,3302320.0
797,0.0,2584736.0,697760.0,3030933.333333333
798,0.0,3120880.0,697648.0,2161957.333333333
799,0.0,3084704.0,685664.0,2060576.0
800,0.0,3520048.0,685440.0,2040304.0
801,0.0,4165168.0,689584.0,2084768.0
802,0.0,4144896.0,693504.0,2080512.0
803,0.0,3891536.0,705824.0,1427786.6666666667
804,0.0,3677296.0,693728.0,1238618.6666666667
805,0.0,4165168.0,693616.0,1262016.0
806,0.0,4104800.0,685440.0,1254176.0
807,0.0,4149040.0,689584.0,1266048.0
808,0.0,3725072.0,697648.0,1266160.0
809,0.0,3245872.0,697648.0,1282176.0
810,0.0,3233776.0,689584.0,1266048.0
811,0.0,3031082.6666666665,689584.0,1250144.0
812,0.0,12829936.0,701680.0,1286208.0
813,0.0,14014848.0,693616.0,1278368.0
814,0.0,3387797.333333333,685552.0,1258208.0
815,0.0,2302384.0,689472.0,1274224.0
816,0.0,2306528.0,693504.0,1266272.0
817,0.0,2310448.0,689472.0,1266048.0
818,0.0,2310336.0,697648.0,1266048.0
819,0.0,2459632.0,689472.0,1274224.0
820,0.0,3137008.0,693616.0,1270080.0
821,0.0,3027536.0,705712.0,1290352.0
822,0.0,2842896.0,681744.0,1242080.0
823,0.0,3282160.0,681408.0,1254064.0
824,0.0,3693536.0,693728.0,1274112.0
825,0.0,3661168.0,681632.0,1246000.0
826,0.0,3935456.0,693504.0,1274336.0
827,0.0,3723173.3333333335,697536.0,1971760.0
828,0.0,3435376.0,670949.3333333334,2044224.0
829,0.0,8358448.0,463680.0,2092720.0
830,0.0,10249344.0,459648.0,2076480.0
831,0.0,5549893.333333333,475776.0,2629200.0
832,0.0,4205600.0,459760.0,2673552.0
833,0.0,12350128.0,459760.0,2620800.0
834,0.0,4798762.666666667,463792.0,12305776.0
835,0.0,3445285.333333333,467824.0,13975136.0
836,0.0,3093114.6666666665,508256.0,15140272.0
837,0.0,2250304.0,471968.0,3520048.0
838,0.0,2520112.0,463904.0,2657088.0
839,0.0,2995888.0,459760.0,2649248.0
840,0.0,3036320.0,467712.0,2689568.0
841,0.0,9616544.0,463904.0,2653280.0
842,0.0,9834384.0,463680.0,2681616.0
843,0.0,9757440.0,459648.0,2644992.0
844,0.0,9652720.0,455728.0,2633120.0
845,0.0,9793952.0,524384.0,2657088.0
846,0.0,9664816.0,1028160.0,2628976.0
847,0.0,3774496.0,1036336.0,10507328.0
848,0.0,3004064.0,1036336.0,2084656.0
849,0.0,2885461.333333333,1149344.0,2072560.0
850,0.0,2737952.0,2048368.0,2044560.0
851,0.0,3475696.0,2080512.0,2076592.0
852,0.0,3661168.0,2124976.0,2128896.0
853,0.0,3584560.0,2407216.0,2080512.0
854,0.0,3592624.0,8979376.0,2088576.0
855,0.0,3745232.0,14777392.0,2189488.0
856,0.0,3358992.0,12147322.666666666,2419536.0
857,0.0,3358768.0,2782192.0,2778048.0
858,0.0,3346560.0,2762144.0,2770208.0
859,0.0,2821418.6666666665,3128832.0,2766064.0
860,0.0,2665712.0,2940122.6666666665,2778496.0
861,0.0,2608928.0,2504096.0,2729664.0
862,0.0,2661344.0,2540272.0,2935408.0
863,0.0,3032400.0,2544304.0,3004064.0
864,0.0,3431232.0,2520000.0,2975616.0
865,0.0,3802176.0,2544192.0,3007872.0
866,0.0,4519872.0,2544192.0,2978554.6666666665
867,0.0,4560304.0,2580592.0,3770144.0
868,0.0,4516288.0,2540496.0,3935568.0
869,0.0,4511920.0,2552368.0,3931200.0
870,0.0,4454021.333333333,2540272.0,3939600.0
871,0.0,3267557.333333333,2544192.0,3935344.0
872,0.0,2562650.6666666665,2524144.0,3895136.0
873,0.0,2209760.0,2552368.0,4044208.0
874,0.0,2219557.333333333,2552256.0,4859477.333333333
875,0.0,2068416.0,2520112.0,4701424.0
876,0.0,2108736.0,2564352.0,4712688.0
877,0.0,2080848.0,2536352.0,4528506.666666667
878,0.0,1404165.3333333333,2524144.0,3778096.0
879,0.0,1274560.0,2548336.0,3818640.0
880,0.0,860453.3333333334,2548224.0,3806320.0
881,0.0,794416.0,2511936.0,3778096.0
882,0.0,1157296.0,2548336.0,3826368.0
883,0.0,1149344.0,2520112.0,3774288.0
884,0.0,1137024.0,2520000.0,3782016.0
885,0.0,1165248.0,2548336.0,3826480.0
886,0.0,1157296.0,2331301.333333333,3810240.0
887,0.0,1435728.0,1709568.0,4141312.0
888,0.0,1971760.0,2709728.0,4407088.0
889,0.0,1987888.0,8600368.0,4443264.0
890,0.0,2459856.0,8564192.0,4354672.0
891,0.0,2790256.0,17632160.0,4419184.0
892,0.0,3012016.0,2512741.333333333,4580464.0
893,0.0,3407152.0,1096704.0,4636912.0
894,0.0,3326624.0,1721776.0,4283941.333333333
895,0.0,3290224.0,1761984.0,3889898.6666666665
896,0.0,3225936.0,1733872.0,3759893.3333333335
897,0.0,3205664.0,1709904.0,3149413.333333333
898,0.0,3233776.0,1741824.0,2887024.0
899,0.0,3356224.0,8265824.0,2975840.0
900,0.0,2729056.0,6234042.666666667,2862720.0
901,0.0,2927568.0,1733872.0,2231445.333333333
902,0.0,3362800.0,1417301.3333333333,1387120.0
903,0.0,3330656.0,1266160.0,1379056.0
904,0.0,3354624.0,1387008.0,1391040.0
905,0.0,3350592.0,1499904.0,1778112.0
906,0.0,3347008.0,1500240.0,2395344.0
907,0.0,3378816.0,1507968.0,3015936.0
908,0.0,9084208.0,1556352.0,3012016.0
909,0.0,8838714.666666666,1738016.0,3007984.0
910,0.0,3467632.0,1733984.0,2999920.0
911,0.0,3472000.0,1737792.0,3008320.0
912,0.0,3523968.0,1757952.0,3338496.0
913,0.0,3423168.0,1713600.0,3999744.0
914,0.0,3105781.333333333,1721888.0,3995824.0
915,0.0,2665264.0,1733872.0,5551568.0
916,0.0,2632896.0,1713600.0,12027456.0
917,0.0,2689456.0,1753920.0,12285616.0
918,0.0,2677472.0,1741936.0,12192880.0
919,0.0,2677360.0,1753920.0,13067824.0
920,0.0,2669296.0,2415168.0,7129120.0
921,0.0,2701664.0,2467696.0,4391418.666666667
922,0.0,2753968.0,2399488.0,4121040.0
923,0.0,2899456.0,2435552.0,4153072.0
924,0.0,2895200.0,2459632.0,4189472.0
925,0.0,2121637.333333333,2737728.0,3977397.3333333335
926,0.0,1955632.0,2899120.0,3588480.0
927,0.0,2048480.0,2991856.0,3717616.0
928,0.0,2390976.0,2874816.0,3564288.0
929,0.0,2866976.0,2871008.0,4169312.0
930,0.0,2931600.0,2923424.0,4814544.0
931,0.0,2891168.0,2797488.0,5443424.0
932,0.0,2907296.0,1808517.3333333333,5447344.0
933,0.0,8286096.0,1491952.0,5386864.0
934,0.0,8455674.666666666,1504048.0,5459440.0
935,0.0,2895088.0,1512112.0,5368837.333333333
936,0.0,2895200.0,1504160.0,4398912.0
937,0.0,2988048.0,1512224.0,4407536.0
938,0.0,3209584.0,1503936.0,4411120.0
939,0.0,3721760.0,1512112.0,4423216.0
940,0.0,2867866.6666666665,1296341.3333333333,4415040.0
941,0.0,2096752.0,923328.0,4503856.0
942,0.0,2044448.0,915600.0,5241712.0
943,0.0,2117136.0,935424.0,5007360.0
944,0.0,2088688.0,927360.0,5475568.0
945,0.0,2072784.0,915600.0,15886304.0
946,0.0,2068528.0,919296.0,6541541.333333333
947,0.0,2092720.0,1056384.0,4606901.333333333
948,0.0,2124976.0,9063440.0,3911152.0
949,0.0,2097088.0,923664.0,4298448.0
950,0.0,2052288.0,915376.0,4338544.0
951,0.0,2092720.0,899706.6666666666,4411008.0
952,0.0,2060464.0,689584.0,3520592.0
953,0.0,2060688.0,689584.0,3131301.333333333
954,0.0,2101008.0,689696.0,2966570.6666666665
955,0.0,2850736.0,689584.0,2282112.0
956,0.0,9547168.0,701568.0,2350768.0
957,0.0,2076704.0,1306480.0,2318512.0
958,0.0,2064608.0,1375024.0,2290288.0
959,0.0,2395120.0,1395184.0,2310336.0
960,0.0,2782304.0,1383088.0,2322768.0
961,0.0,2746128.0,1375136.0,2282224.0
962,0.0,2775765.333333333,1387008.0,2314592.0
963,0.0,2423344.0,1399216.0,2314368.0
964,0.0,2407216.0,7652960.0,2298352.0
965,0.0,2487744.0,12906432.0,2346624.0
966,0.0,2423344.0,12692848.0,2326464.0
967,0.0,2411248.0,12608288.0,2302384.0
968,0.0,2451904.0,2234384.0,2306528.0
969,0.0,2423456.0,1471904.0,2322432.0
970,0.0,2435552.0,1508080.0,2310448.0
971,0.0,2431408.0,3447360.0,2334640.0
972,0.0,2411248.0,8189104.0,2282112.0
973,0.0,2427488.0,8302224.0,2491888.0
974,0.0,2709952.0,8040725.333333333,2584848.0
975,0.0,3306352.0,1487920.0,2520224.0
976,0.0,3358992.0,1500240.0,2548448.0
977,0.0,3427312.0,1512000.0,7104496.0
978,0.0,3684528.0,1495984.0,10916581.333333334
979,0.0,9102581.333333334,1516032.0,10068821.333333334
980,0.0,3588928.0,1508304.0,1616944.0
981,0.0,3584992.0,1604960.0,2012080.0
982,0.0,3124912.0,1504272.0,2084768.0
983,0.0,3330880.0,1520288.0,2108960.0
984,0.0,3616816.0,2395008.0,2048368.0
985,0.0,3822336.0,2540272.0,2084656.0
986,0.0,3823008.0,2556736.0,2084768.0
987,0.0,3802176.0,2532096.0,2072448.0
988,0.0,3891216.0,2592688.0,9213344.0
989,0.0,4116896.0,2733920.0,14688800.0
990,0.0,3931312.0,2632896.0,3681328.0
991,0.0,3838576.0,2454880.0,2786336.0
992,0.0,3914314.6666666665,1568784.0,2903264.0
993,0.0,7644784.0,1491952.0,2750048.0
994,0.0,10418912.0,1504048.0,2790256.0
995,0.0,6360213.333333333,1528352.0,2619706.6666666665
996,0.0,3580416.0,1733872.0,2548336.0
997,0.0,3438912.0,1746080.0,2548560.0
998,0.0,3220698.6666666665,1705648.0,2616880.0
999,0.0,2665488.0,5189296.0,3483872.0
1000,0.0,2661568.0,3776421.3333333335,3471776.0
1001,0.0,2661344.0,1742160.0,3471888.0
1002,0.0,2661232.0,1733760.0,3479728.0
1003,0.0,2665152.0,1741824.0,3475584.0
1004,0.0,1910074.6666666667,10265584.0,3459568.0
1005,0.0,1754480.0,10874752.0,3508176.0
1006,0.0,1733760.0,10785600.0,3475584.0
1007,0.0,1741824.0,10821888.0,3483648.0
1008,0.0,1738016.0,7096864.0,3467632.0
1009,0.0,2133152.0,1766240.0,3528000.0
1010,0.0,2205728.0,1733984.0,3463712.0
1011,0.0,2161488.0,1774304.0,3431344.0
1012,0.0,2177392.0,2999920.0,3431456.0
1013,0.0,2205616.0,3132864.0,3467632.0
1014,0.0,2185456.0,3100608.0,3451504.0
1015,0.0,2278416.0,3241840.0,4443488.0
1016,0.0,2185456.0,3084592.0,3836277.3333333335
1017,0.0,2169328.0,3104640.0,3774064.0
1018,0.0,2455488.0,3161200.0,3866800.0
1019,0.0,2423344.0,2954736.0,3830512.0
1020,0.0,2407104.0,2056320.0,3773952.0
1021,0.0,2431296.0,2088576.0,3814272.0
1022,0.0,2443840.0,10338272.0,3842720.0
1023,0.0,2348261.333333333,13289696.0,3802512.0
1024,0.0,2167029.333333333,10066810.666666666,3846528.0
1025,0.0,2209872.0,2088912.0,3120272.0
1026,0.0,2169440.0,2048480.0,2971808.0
1027,0.0,2230144.0,2124976.0,3056592.0
1028,0.0,2278192.0,2080624.0,2839333.333333333
1029,0.0,2286368.0,2060464.0,2508016.0
1030,0.0,2310336.0,2076480.0,2548224.0
1031,0.0,2314368.0,2644992.0,2552256.0
1032,0.0,3088624.0,3007984.0,2544416.0
1033,0.0,11378528.0,3032176.0,2556400.0
1034,0.0,6207109.333333333,3000032.0,2552368.0
1035,0.0,2628864.0,2953269.333333333,2536128.0
1036,0.0,2806608.0,2338672.0,2576448.0
1037,0.0,2750160.0,2298576.0,2834720.0
1038,0.0,2798320.0,2326464.0,3132976.0
1039,0.0,3709552.0,2306416.0,3125024.0
1040,0.0,3595786.6666666665,2294432.0,3088848.0
1041,0.0,3488016.0,8257648.0,3133088.0
1042,0.0,3491712.0,9112320.0,3132864.0
1043,0.0,3443552.0,8825178.666666666,2373093.333333333
1044,0.0,3491824.0,8906688.0,1625008.0
1045,0.0,3516128.0,3297306.6666666665,1657376.0
1046,0.0,3303013.333333333,2064384.0,2046469.3333333333
1047,0.0,3125136.0,2084656.0,7092512.0
1048,0.0,3002501.333333333,2092720.0,12616896.0
1049,0.0,2875152.0,2064384.0,11991504.0
1050,0.0,2907184.0,2100784.0,15680448.0
1051,0.0,2983792.0,2145136.0,20401920.0
1052,0.0,2991744.0,2136960.0,19923552.0
1053,0.0,3741808.0,2149168.0,840229.3333333334
1054,0.0,3875200.0,2112992.0,827008.0
1055,0.0,3777984.0,2056320.0,1483776.0
1056,0.0,3814832.0,2084768.0,2221968.0
1057,0.0,3826592.0,9878512.0,2435440.0
1058,0.0,3798256.0,11039728.0,2415168.0
1059,0.0,3834768.0,11180960.0,2443504.0
1060,0.0,3794224.0,11035584.0,2411248.0
1061,0.0,3846528.0,8564400.0,2443392.0
1062,0.0,3866800.0,2342704.0,2455712.0
1063,0.0,3898944.0,2370816.0,2491776.0
1064,0.0,3759797.3333333335,2330608.0,2431632.0
1065,0.0,3189770.6666666665,2306304.0,2435328.0
1066,0.0,3129056.0,2330608.0,2439472.0
1067,0.0,3114341.333333333,2838640.0,2455488.0
1068,0.0,1890026.6666666667,2903152.0,1536650.6666666667
1069,0.0,1746192.0,2915248.0,1516480.0
1070,0.0,2431520.0,2891056.0,1504048.0
1071,0.0,2589104.0,2971920.0,1528352.0
1072,0.0,2548336.0,3467632.0,1709568.0
1073,0.0,2560544.0,3487792.0,1975792.0
1074,0.0,2564352.0,3495856.0,1983856.0
1075,0.0,3366720.0,3479616.0,1711093.3333333333
1076,0.0,3374896.0,3487680.0,1504048.0
1077,0.0,3322480.0,3443552.0,1495984.0
1078,0.0,4128992.0,3471776.0,1507968.0
1079,0.0,4257904.0,3455536.0,1491840.0
1080,0.0,4330480.0,3511984.0,1520064.0
1081,0.0,4306288.0,3151349.333333333,1516032.0
1082,0.0,4947712.0,2943472.0,1524432.0
1083,0.0,4564992.0,2895200.0,1512336.0
1084,0.0,4943680.0,2875040.0,8269856.0
1085,0.0,4951408.0,2874816.0,5697786.666666667
1086,0.0,4919376.0,2858912.0,1158101.3333333333
1087,0.0,4995760.0,2899120.0,810432.0
1088,0.0,4999680.0,2911104.0,814464.0
1089,0.0,5975536.0,2927456.0,822640.0
1090,0.0,11826080.0,2400997.333333333,814576.0
1091,0.0,11697168.0,1624138.6666666667,802592.0
1092,0.0,11676896.0,1608880.0,806512.0
1093,0.0,11110714.666666666,1608880.0,810656.0
1094,0.0,4608576.0,1596672.0,806400.0
1095,0.0,4753952.0,1741824.0,810656.0
1096,0.0,4705344.0,1947456.0,798336.0
1097,0.0,4737824.0,1967952.0,810544.0
1098,0.0,4838848.0,2008048.0,826896.0
1099,0.0,4737600.0,1959552.0,9817920.0
1100,0.0,4778144.0,1983968.0,2778506.6666666665
1101,0.0,4741968.0,1963808.0,810544.0
1102,0.0,4701424.0,1923808.0,428917.3333333333
1103,0.0,4538469.333333333,1754144.0,346752.0
1104,0.0,4169200.0,1725696.0,1121008.0
1105,0.0,4362960.0,1822912.0,1330896.0
1106,0.0,4198000.0,1741824.0,1689408.0
1107,0.0,4229680.0,1766016.0,2237872.0
1108,0.0,4189472.0,1661754.6666666667,2209648.0
1109,0.0,4181184.0,1507968.0,2213568.0
1110,0.0,4165056.0,1507968.0,2193408.0
1111,0.0,4177264.0,1500128.0,2197552.0
1112,0.0,4173344.0,1512112.0,2213680.0
1113,0.0,4177488.0,1508080.0,2205952.0
1114,0.0,3963168.0,1301242.6666666667,2201472.0
1115,0.0,3717728.0,1286432.0,2137418.6666666665
1116,0.0,3442794.6666666665,1274560.0,1282288.0
1117,0.0,4294192.0,1274224.0,1274336.0
1118,0.0,4270000.0,1270192.0,1274112.0
1119,0.0,4669168.0,1257984.0,1257984.0
1120,0.0,5125216.0,1258320.0,1250032.0
1121,0.0,4524240.0,1278144.0,687301.3333333334
1122,0.0,4508000.0,1278442.6666666667,346864.0
1123,0.0,4475632.0,1302448.0,342720.0
1124,0.0,4507776.0,1620864.0,350784.0
1125,0.0,4564336.0,1637104.0,350784.0
1126,0.0,4451440.0,1600704.0,338800.0
1127,0.0,4524016.0,1620976.0,350784.0
1128,0.0,4340677.333333333,1600704.0,338688.0
1129,0.0,4056528.0,1629264.0,351008.0
1130,0.0,3999968.0,1604736.0,342944.0
1131,0.0,3525829.333333333,1625120.0,350896.0
1132,0.0,3088512.0,1612800.0,1173312.0
1133,0.0,3120880.0,1620864.0,1274224.0
1134,0.0,3169264.0,1637104.0,1290240.0
1135,0.0,3308197.333333333,1498970.6666666667,1447600.0
1136,0.0,2750048.0,1262240.0,1266048.0
1137,0.0,2782192.0,1282400.0,1810480.0
1138,0.0,2766064.0,689904.0,2185456.0
1139,0.0,2778496.0,742112.0,2201920.0
1140,0.0,2327269.333333333,1044288.0,2201472.0
1141,0.0,5402992.0,1121008.0,2366784.0
1142,0.0,10465221.333333334,1060640.0,2206048.0
1143,0.0,9995440.0,1044288.0,2318512.0
1144,0.0,6655962.666666667,1032192.0,2298464.0
1145,0.0,1971648.0,848565.3333333334,7386624.0
1146,0.0,1975904.0,814912.0,11477045.333333334
1147,0.0,1947568.0,802368.0,3205552.0
1148,0.0,1967840.0,814464.0,3254048.0
1149,0.0,1975792.0,810544.0,3245760.0
1150,0.0,1943424.0,802368.0,3044592.0
1151,0.0,1991920.0,818496.0,3092656.0
1152,0.0,1971648.0,810432.0,2352181.333333333
1153,0.0,1971760.0,810656.0,2193520.0
1154,0.0,1963584.0,1181488.0,2205616.0
1155,0.0,1972096.0,1395408.0,2201584.0
1156,0.0,1977637.3333333333,1382976.0,2205616.0
1157,0.0,2088800.0,1391152.0,2201584.0
1158,0.0,2064496.0,1291157.3333333333,2181312.0
1159,0.0,2092608.0,1278144.0,2205504.0
1160,0.0,2104704.0,1741824.0,2229696.0
1161,0.0,2060352.0,2169328.0,2169328.0
1162,0.0,2084544.0,2209648.0,2201584.0
1163,0.0,2088688.0,3612672.0,2197552.0
1164,0.0,2072560.0,8967280.0,2197440.0
1165,0.0,2097088.0,16507232.0,2213792.0
1166,0.0,2059632.0,9813168.0,2213568.0
1167,0.0,1346800.0,9463216.0,2318400.0
1168,0.0,1629040.0,9011632.0,2209536.0
1169,0.0,1641136.0,9116576.0,2225776.0
1170,0.0,1613024.0,8919008.0,1347717.3333333333
1171,0.0,797354.6666666666,7662869.333333333,1274224.0
1172,0.0,742000.0,2201472.0,1278256.0
1173,0.0,1540448.0,10547824.0,1310512.0
1174,0.0,1512112.0,8678501.333333334,1504160.0
1175,0.0,1487920.0,2979648.0,1491952.0
1176,0.0,1504048.0,3008096.0,1943536.0
1177,0.0,1516032.0,3015936.0,2318400.0
1178,0.0,1540448.0,3020080.0,2322768.0
1179,0.0,1858976.0,2964202.6666666665,2314368.0
1180,0.0,1862896.0,2782304.0,2326576.0
1181,0.0,1830752.0,2758112.0,2294208.0
1182,0.0,10519600.0,2786112.0,2326576.0
1183,0.0,6920773.333333333,2786112.0,2326800.0
1184,0.0,2117024.0,2762032.0,2294320.0
1185,0.0,2661344.0,2782192.0,2326576.0
1186,0.0,2665376.0,2794288.0,2314480.0
1187,0.0,3287605.333333333,2806384.0,2346736.0
1188,0.0,2814560.0,2810416.0,2346736.0
1189,0.0,2771360.0,4435312.0,2306416.0
1190,0.0,2765952.0,11769408.0,2304117.333333333
1191,0.0,3120608.0,11914896.0,1395296.0
1192,0.0,2919392.0,17963365.333333332,1395296.0
1193,0.0,2911440.0,18873194.666666668,1971648.0
1194,0.0,2866256.0,11564000.0,2455600.0
1195,0.0,1867040.0,10348181.333333334,2439472.0
1196,0.0,1838704.0,2415280.0,2415392.0
1197,0.0,2499840.0,2435328.0,2439360.0
1198,0.0,2874928.0,2419312.0,2411136.0
1199,0.0,2858688.0,2403072.0,2411136.0
1200,0.0,2899008.0,2250773.333333333,2435440.0
1201,0.0,2911216.0,1633072.0,2439546.6666666665
1202,0.0,2907296.0,1470810.6666666667,2705696.0
1203,0.0,8040368.0,3911152.0,6425802.666666667
1204,0.0,3479840.0,1274336.0,1967616.0
1205,0.0,3504032.0,4508000.0,1983968.0
1206,0.0,3455536.0,8035888.0,1971648.0
1207,0.0,3491936.0,8540000.0,1745360.0
1208,0.0,3499888.0,8806000.0,1749888.0
1209,0.0,3463488.0,5772730.666666667,1725696.0
1210,0.0,3435264.0,2580480.0,1721664.0
1211,0.0,3443440.0,2640960.0,1717744.0
1212,0.0,3447584.0,2602997.333333333,1725808.0
1213,0.0,3026245.333333333,2447424.0,1745856.0
1214,0.0,2866976.0,2411248.0,1721776.0
1215,0.0,3233776.0,1925621.3333333333,1586821.3333333333
1216,0.0,3326512.0,1717744.0,1374912.0
1217,0.0,2757018.6666666665,1717856.0,1375136.0
1218,0.0,2528288.0,1725808.0,1709680.0
1219,0.0,2548224.0,1733760.0,8164800.0
1220,0.0,2558085.333333333,2608704.0,2515472.0
1221,0.0,2536464.0,2597749.333333333,1548288.0
1222,0.0,8054261.333333333,2443504.0,1858752.0
1223,0.0,2552592.0,2439584.0,1859312.0
1224,0.0,10527776.0,2411248.0,1838704.0
1225,0.0,2769264.0,2423232.0,1846656.0
1226,0.0,2560320.0,2435328.0,4931136.0
1227,0.0,2516080.0,2419312.0,7002864.0
1228,0.0,2536128.0,2411136.0,1834560.0
1229,0.0,2552368.0,2431520.0,2080624.0
1230,0.0,2560432.0,2443504.0,2447424.0
1231,0.0,2544304.0,2435440.0,2536128.0
1232,0.0,2528288.0,2415392.0,2757888.0
1233,0.0,2524144.0,2403072.0,2749936.0
1234,0.0,2576560.0,2491776.0,2806384.0
1235,0.0,2528288.0,2524032.0,2758112.0
1236,0.0,2516192.0,2524144.0,2753968.0
1237,0.0,2540384.0,2713760.0,2761920.0
1238,0.0,2515968.0,3556224.0,2753856.0
1239,0.0,2988600.0,3569245.333333333,2653149.333333333
1240,0.0,3257856.0,3608640.0,2677248.0
1241,0.0,3221680.0,3572464.0,2649248.0
1242,0.0,3358656.0,3564288.0,2640960.0
1243,0.0,3677296.0,3560368.0,2878848.0
1244,0.0,3685360.0,3580640.0,2493733.333333333
1245,0.0,4318608.0,4177600.0,2290288.0
1246,0.0,3729936.0,3620848.0,1988000.0
1247,0.0,3745728.0,3624768.0,1949701.3333333333
1248,0.0,3142997.333333333,2750282.6666666665,2185568.0
1249,0.0,2709616.0,2248874.6666666665,2237984.0
1250,0.0,2673440.0,1854832.0,2205616.0
1251,0.0,2637152.0,1838816.0,2185344.0
1252,0.0,2681392.0,1863008.0,2213680.0
1253,0.0,2669184.0,1858752.0,2205504.0
1254,0.0,2826544.0,1943536.0,2314368.0
1255,0.0,3140928.0,1797178.6666666667,2197440.0
1256,0.0,6850480.0,1504048.0,2205728.0
1257,0.0,10430784.0,1588608.0,2314368.0
1258,0.0,9819781.333333334,1508192.0,2213680.0
1259,0.0,6714197.333333333,1915424.0,2213680.0
1260,0.0,2439472.0,1975792.0,2201472.0
1261,0.0,2415616.0,1947568.0,2181648.0
1262,0.0,2178085.333333333,1979712.0,2233728.0
1263,0.0,2020032.0,2020032.0,2043504.0
1264,0.0,2016112.0,1947568.0,2375072.0
1265,0.0,2552256.0,2185344.0,2540160.0
1266,0.0,6677216.0,3052448.0,2306762.6666666665
1267,0.0,6882240.0,3238032.0,2117248.0
1268,0.0,2552256.0,3015936.0,1975680.0
1269,0.0,2658688.0,11353504.0,2040304.0
1270,0.0,2544416.0,2953781.333333333,1979824.0
1271,0.0,2568496.0,1971648.0,1971760.0
1272,0.0,3253936.0,1405205.3333333333,2024176.0
1273,0.0,3479840.0,923552.0,1971648.0
1274,0.0,9697296.0,951888.0,1811050.6666666667
1275,0.0,9197674.666666666,971824.0,1693776.0
1276,0.0,3963568.0,3052336.0,1628928.0
1277,0.0,3963456.0,7051248.0,1628928.0
1278,0.0,3824293.3333333335,911344.0,1616832.0
1279,0.0,3891104.0,927472.0,1625008.0
1280,0.0,7882672.0,935536.0,1620864.0
1281,0.0,8853776.0,917733.3333333334,1681344.0
1282,0.0,4189248.0,814464.0,1632960.0
1283,0.0,3931882.6666666665,1024352.0,1628928.0
1284,0.0,3705408.0,1669248.0,1673280.0
1285,0.0,3608752.0,1633184.0,1620976.0
1286,0.0,3596656.0,1624896.0,2080624.0
1287,0.0,3608640.0,1628928.0,2447536.0
1288,0.0,4826752.0,1629040.0,2443616.0
1289,0.0,12455653.333333334,1632960.0,2439360.0
1290,0.0,12951008.0,1673280.0,2629088.0
1291,0.0,11498282.666666666,1971648.0,2806384.0
1292,0.0,3717616.0,2100672.0,2790256.0
1293,0.0,3912528.0,7671109.333333333,2195765.333333333
1294,0.0,3713920.0,2096864.0,1975904.0
1295,0.0,3277034.6666666665,1844469.3333333333,1971648.0
1296,0.0,2479904.0,1766240.0,2003904.0
1297,0.0,2697520.0,1741936.0,1971648.0
1298,0.0,2983680.0,1721664.0,1947456.0
1299,0.0,3040352.0,1746192.0,1960096.0
1300,0.0,3024112.0,1749888.0,4157104.0
1301,0.0,2996224.0,1725808.0,8149008.0
1302,0.0,3068576.0,1770160.0,8322384.0
1303,0.0,3032064.0,5257728.0,6915685.333333333
1304,0.0,2704864.0,6470640.0,1399216.0
1305,0.0,2439472.0,1750112.0,1395184.0
1306,0.0,2336597.333333333,1745968.0,3615029.3333333335
1307,0.0,1975680.0,1745856.0,7866432.0
1308,0.0,1975904.0,1741936.0,5493221.333333333
1309,0.0,1959664.0,2020032.0,1032304.0
1310,0.0,1971760.0,2205616.0,1040256.0
1311,0.0,1999984.0,2233840.0,571450.6666666666
1312,0.0,1951712.0,2181536.0,459648.0
1313,0.0,1777018.6666666667,2209536.0,467712.0
1314,0.0,2237872.0,2201696.0,463792.0
1315,0.0,2750384.0,2491888.0,524608.0
1316,0.0,2443504.0,2572416.0,463792.0
1317,0.0,2439360.0,2669296.0,463792.0
1318,0.0,2399040.0,2636928.0,915264.0
1319,0.0,2447648.0,2669184.0,1165472.0
1320,0.0,2463664.0,2701552.0,1173312.0
1321,0.0,2503872.0,2745792.0,1189440.0
1322,0.0,2407104.0,2640960.0,1149120.0
1323,0.0,2419424.0,2640960.0,1149344.0
1324,0.0,2407104.0,2745792.0,1499904.0
1325,0.0,2419200.0,4024048.0,1725808.0
1326,0.0,2435664.0,4039680.0,1733760.0
1327,0.0,2669184.0,3560256.0,1725696.0
1328,0.0,3376757.333333333,3600912.0,1745968.0
1329,0.0,2697744.0,7068320.0,1842960.0
1330,0.0,2552368.0,10398528.0,1741936.0
1331,0.0,2548448.0,10608304.0,1737904.0
1332,0.0,2584624.0,10556000.0,1729840.0
1333,0.0,2274800.0,7627450.666666667,1725696.0
1334,0.0,2076704.0,3068784.0,1733984.0
1335,0.0,6749680.0,2996000.0,2653168.0
1336,0.0,5644304.0,3024224.0,2669184.0
1337,0.0,2092608.0,3024000.0,2681280.0
1338,0.0,2124976.0,3064320.0,2621717.333333333
1339,0.0,2076704.0,3000032.0,2524256.0
1340,0.0,1920757.3333333333,2983680.0,2532096.0
1341,0.0,1036224.0,11354112.0,2524032.0
1342,0.0,1032640.0,8352021.333333333,2540384.0
1343,0.0,1048320.0,3189312.0,2548224.0
1344,0.0,1032192.0,3907008.0,6398784.0
1345,0.0,1044512.0,3955616.0,9362304.0
1346,0.0,6282192.0,2980677.333333333,9467248.0
1347,0.0,4055472.0,2882992.0,9310000.0
1348,0.0,929605.3333333334,2911104.0,9339637.333333334
1349,0.0,701792.0,2899120.0,9504565.333333334
1350,0.0,693616.0,2890944.0,5286496.0
1351,0.0,693616.0,2878960.0,2072672.0
1352,0.0,697760.0,2899120.0,2092720.0
1353,0.0,693616.0,2899120.0,2084544.0
1354,0.0,693504.0,2812549.333333333,2064384.0
1355,0.0,705600.0,2705584.0,2242016.0
1356,0.0,690032.0,2641072.0,2411248.0
1357,0.0,689584.0,2645216.0,6451312.0
1358,0.0,693616.0,2649024.0,9886576.0
1359,0.0,693616.0,2657088.0,6597989.333333333
1360,0.0,2487968.0,2653168.0,3560256.0
1361,0.0,11955104.0,2661232.0,3701600.0
1362,0.0,1356277.3333333333,2649136.0,3842608.0
1363,0.0,693616.0,2669184.0,3951472.0
1364,0.0,701568.0,2396533.333333333,3599482.6666666665
1365,0.0,697760.0,2302384.0,7819909.333333333
1366,0.0,689584.0,2306416.0,11241440.0
1367,0.0,693728.0,2310560.0,11337984.0
1368,0.0,351216.0,2318512.0,11342128.0
1369,0.0,117152.0,2318512.0,11191157.333333334
1370,0.0,1447600.0,2310336.0,10769584.0
1371,0.0,11374384.0,2306304.0,6078181.333333333
1372,0.0,1513637.3333333333,2314480.0,1729952.0
1373,0.0,1056608.0,11273584.0,1766128.0
1374,0.0,1072736.0,11644640.0,1782144.0
1375,0.0,1040480.0,6065045.333333333,1737904.0
1376,0.0,1060528.0,2263909.333333333,2134773.333333333
1377,0.0,1036336.0,1838704.0,2060576.0
1378,0.0,1040368.0,1848341.3333333333,2213568.0
1379,0.0,1072512.0,1838704.0,2641072.0
1380,0.0,1165472.0,1911280.0,2677360.0
1381,0.0,1169392.0,1987776.0,2693488.0
1382,0.0,1145312.0,7445653.333333333,2653168.0
1383,0.0,1165472.0,1975792.0,2661456.0
1384,0.0,1153152.0,1959552.0,2657088.0
1385,0.0,1943424.0,1959552.0,2657088.0
1386,0.0,2608704.0,1971648.0,2661120.0
1387,0.0,2887136.0,8483552.0,2657312.0
1388,0.0,2895424.0,5710762.666666667,2496725.333333333
1389,0.0,2875040.0,1032416.0,1947456.0
1390,0.0,2911328.0,1052464.0,1559776.0
1391,0.0,2874816.0,1036224.0,1503936.0
1392,0.0,2891168.0,1040368.0,1996176.0
1393,0.0,3145184.0,1036336.0,2415280.0
1394,0.0,3685248.0,1040368.0,2516080.0
1395,0.0,3685248.0,1036224.0,3342528.0
1396,0.0,3689616.0,1036336.0,3350816.0
1397,0.0,3709440.0,1415232.0,3209930.6666666665
1398,0.0,3701376.0,2084656.0,2782192.0
1399,0.0,3766000.0,2374960.0,2822400.0
1400,0.0,3705744.0,3125024.0,2778160.0
1401,0.0,3721760.0,3141152.0,2184848.0
1402,0.0,3907232.0,3018293.333333333,1854832.0
1403,0.0,4629072.0,2076704.0,1846768.0
1404,0.0,4608688.0,2072992.0,1846656.0
1405,0.0,4612608.0,1612800.0,2205504.0
1406,0.0,4604656.0,1617168.0,2298464.0
1407,0.0,6902896.0,1625008.0,2326464.0
1408,0.0,11584048.0,2096640.0,2346736.0
1409,0.0,11471264.0,2396965.333333333,2411248.0
1410,0.0,11451104.0,2205616.0,3241840.0
1411,0.0,11447072.0,2201472.0,8398880.0
1412,0.0,11455024.0,2213568.0,10414768.0
1413,0.0,14446992.0,2286480.0,10906672.0
1414,0.0,6740981.333333333,2322432.0,18991525.33333333
1415,0.0,2818368.0,2229808.0,13536341.333333334
1416,0.0,2851616.0,2431632.0,2945829.333333333
1417,0.0,1842848.0,2540272.0,2657200.0
1418,0.0,1854720.0,2540272.0,2125781.333333333
1419,0.0,1963696.0,2544304.0,1733984.0
1420,0.0,1971760.0,2560432.0,1745856.0
1421,0.0,1955520.0,2532096.0,1725696.0
1422,0.0,1959664.0,3165120.0,1729840.0
1423,0.0,1959776.0,3233888.0,1733984.0
1424,0.0,1967840.0,3217536.0,1887200.0
1425,0.0,1983856.0,3274096.0,2100672.0
1426,0.0,1971760.0,3257968.0,2096640.0
1427,0.0,1963584.0,3233776.0,2080624.0
1428,0.0,1979712.0,3257856.0,2104704.0
1429,0.0,1971760.0,3237920.0,2072560.0
1430,0.0,1959664.0,3241840.0,2080512.0
1431,0.0,2165296.0,3237920.0,2088688.0
1432,0.0,3012016.0,3233664.0,2076592.0
1433,0.0,3798256.0,3245264.0,2124976.0
1434,0.0,12229168.0,2289082.6666666665,1766560.0
1435,0.0,12112352.0,1508080.0,1278256.0
1436,0.0,12358304.0,1544368.0,1302448.0
1437,0.0,11155093.333333334,1512336.0,1278368.0
1438,0.0,5919632.0,1500016.0,1266160.0
1439,0.0,2536240.0,492448.0,1274112.0
1440,0.0,2838752.0,467824.0,1018421.3333333334
1441,0.0,3225600.0,814464.0,1294272.0
1442,0.0,3233776.0,1157184.0,1387120.0
1443,0.0,3282272.0,1177680.0,1407280.0
1444,0.0,3322592.0,1334704.0,1387120.0
1445,0.0,3552192.0,2322432.0,1463616.0
1446,0.0,3334576.0,2193632.0,1548400.0
1447,0.0,5072368.0,2193408.0,1616944.0
1448,0.0,9501253.333333334,2225664.0,1653456.0
1449,0.0,2649136.0,2193408.0,1616944.0
1450,0.0,2673664.0,2350880.0,1633184.0
1451,0.0,2665152.0,2999808.0,1612800.0
1452,0.0,2701440.0,3056368.0,1619189.3333333333
1453,0.0,2481525.333333333,2999808.0,1153152.0
1454,0.0,1838928.0,3003952.0,1161440.0
1455,0.0,1846880.0,2987936.0,1145312.0
1456,0.0,1867040.0,3020192.0,1125957.3333333333
1457,0.0,1838704.0,3003952.0,923328.0
1458,0.0,1846880.0,2987824.0,1185520.0
1459,0.0,1887200.0,7386736.0,1383088.0
1460,0.0,2887136.0,9765616.0,1387344.0
1461,0.0,2425301.333333333,9878400.0,1303018.6666666667
1462,0.0,2564576.0,6988485.333333333,1282176.0
1463,0.0,2536352.0,3003952.0,1266384.0
1464,0.0,2745904.0,3238032.0,1371104.0
1465,0.0,1651445.3333333333,3011904.0,1278256.0
1466,0.0,1500128.0,2995776.0,1274336.0
1467,0.0,1516032.0,3024000.0,1753920.0
1468,0.0,1492064.0,3008096.0,1850912.0
1469,0.0,1520176.0,3028032.0,1862896.0
1470,0.0,1500016.0,2995888.0,1850688.0
1471,0.0,1507968.0,3024000.0,1854720.0
1472,0.0,1524208.0,3040240.0,1870848.0
1473,0.0,1495984.0,3007984.0,1854944.0
1474,0.0,1666122.6666666667,3016272.0,1859088.0
1475,0.0,1867040.0,3036208.0,1870960.0
1476,0.0,1863120.0,2999920.0,1627589.3333333333
1477,0.0,1830864.0,2867669.333333333,1282400.0
1478,0.0,2616880.0,2213568.0,1274224.0
1479,0.0,2269408.0,2435552.0,1278256.0
1480,0.0,2612848.0,2418218.6666666665,1278144.0
1481,0.0,3015936.0,1854720.0,1278144.0
1482,0.0,2991968.0,1850912.0,1274336.0
1483,0.0,3012128.0,1842848.0,1262240.0
1484,0.0,2917605.333333333,1862896.0,1286320.0
1485,0.0,3322592.0,2362864.0,1282288.0
1486,0.0,3423392.0,2701664.0,1286208.0
1487,0.0,3391136.0,2689344.0,1286432.0
1488,0.0,3338496.0,2657088.0,1274112.0
1489,0.0,3451728.0,2653280.0,1266160.0
1490,0.0,4423328.0,2681392.0,1282400.0
1491,0.0,4423328.0,2673440.0,1278480.0
1492,0.0,4443264.0,3596544.0,1286208.0
1493,0.0,4495792.0,3588592.0,1362816.0
1494,0.0,4624816.0,3576496.0,1854720.0
1495,0.0,4669504.0,3625104.0,1866928.0
1496,0.0,4681152.0,3624768.0,2128896.0
1497,0.0,4614565.333333333,2804197.333333333,2193408.0
1498,0.0,4100122.6666666665,2460650.6666666665,2222080.0
1499,0.0,4084752.0,1866928.0,2217824.0
1500,0.0,4056416.0,1846768.0,2201584.0
1501,0.0,4052160.0,2016000.0,2189376.0
1502,0.0,4056304.0,2431296.0,2201584.0
1503,0.0,4048240.0,2435328.0,2197552.0
1504,0.0,4048240.0,2423344.0,2201472.0
1505,0.0,4096848.0,2463888.0,2066133.3333333333
1506,0.0,4786208.0,2443616.0,1988000.0
1507,0.0,4581493.333333333,2447648.0,1975792.0
1508,0.0,4153072.0,2435328.0,1967728.0
1509,0.0,4185328.0,10422832.0,1971648.0
1510,0.0,4189472.0,14237216.0,1975680.0
1511,0.0,4185328.0,11478010.666666666,1975792.0
1512,0.0,4197424.0,3366832.0,1632746.6666666667
1513,0.0,4326784.0,3391136.0,1637440.0
1514,0.0,4274032.0,3366832.0,1625120.0
1515,0.0,4314576.0,3987760.0,1625120.0
1516,0.0,4290384.0,4290496.0,1645168.0
1517,0.0,4290048.0,4281984.0,1474618.6666666667
1518,0.0,4322416.0,4194805.333333333,1471792.0
1519,0.0,4278288.0,3947552.0,1858864.0
1520,0.0,4294416.0,3935456.0,7334544.0
1521,0.0,4154101.3333333335,3252149.333333333,8648864.0
1522,0.0,3895024.0,3076752.0,8814176.0
1523,0.0,3830512.0,3294144.0,8656816.0
1524,0.0,3854704.0,3391024.0,8817984.0
1525,0.0,3854704.0,3378928.0,9055872.0
1526,0.0,3839024.0,3375232.0,3802944.0
1527,0.0,3870832.0,3394944.0,2226208.0
1528,0.0,3565056.0,3387104.0,2221968.0
1529,0.0,2876069.333333333,3382960.0,2330832.0
1530,0.0,2278080.0,3354736.0,2318512.0
1531,0.0,2350880.0,3411184.0,2346736.0
1532,0.0,2366896.0,3354736.0,2314368.0
1533,0.0,2447648.0,3375008.0,2326464.0
1534,0.0,2431632.0,3222224.0,2314704.0
1535,0.0,2455936.0,3036432.0,2834832.0
1536,0.0,2415168.0,3007984.0,3076528.0
1537,0.0,2435664.0,3008096.0,3112704.0
1538,0.0,2431408.0,3007872.0,3125024.0
1539,0.0,2423456.0,2702245.333333333,3443552.0
1540,0.0,2423802.6666666665,2479680.0,3886960.0
1541,0.0,2665600.0,2447984.0,3842608.0
1542,0.0,2195701.333333333,2431632.0,3830736.0
1543,0.0,2439584.0,2455488.0,3858848.0
1544,0.0,2849642.6666666665,2459632.0,3858624.0
1545,0.0,7558437.333333333,2435440.0,3830512.0
1546,0.0,2435440.0,2431408.0,3822560.0
1547,0.0,2423344.0,2435440.0,3184560.0
1548,0.0,2431408.0,2427376.0,3133088.0
1549,0.0,2512384.0,2508352.0,3213728.0
1550,0.0,9358608.0,2445349.333333333,3177664.0
1551,0.0,13854176.0,1524208.0,5874016.0
1552,0.0,4036592.0,1629264.0,10991456.0
1553,0.0,2455600.0,1520064.0,10358320.0
1554,0.0,3338608.0,1556464.0,10563840.0
1555,0.0,3475696.0,1507968.0,10269616.0
1556,0.0,11724448.0,1520288.0,10338160.0
1557,0.0,3653328.0,1548624.0,7221968.0
1558,0.0,3467856.0,1737904.0,3471776.0
1559,0.0,3596656.0,2117024.0,3584560.0
1560,0.0,3519936.0,2116800.0,9410688.0
1561,0.0,3491712.0,2096640.0,6712560.0
1562,0.0,3503808.0,2100784.0,4084528.0
1563,0.0,3786384.0,2096752.0,4062693.3333333335
1564,0.0,3947664.0,2161152.0,4072656.0
1565,0.0,3846752.0,2104704.0,3724698.6666666665
1566,0.0,3891104.0,2112768.0,3407264.0
1567,0.0,3955616.0,2113104.0,3407152.0
1568,0.0,3963456.0,2100672.0,3382848.0
1569,0.0,3963456.0,1324453.3333333333,3475696.0
1570,0.0,4080496.0,1201648.0,3608640.0
1571,0.0,3963792.0,1169504.0,3919216.0
1572,0.0,3967712.0,1161328.0,4072432.0
1573,0.0,4201344.0,1173312.0,4112640.0
1574,0.0,4690245.333333333,1181600.0,3846032.0
1575,0.0,3637200.0,1165360.0,3495968.0
1576,0.0,3769920.0,1177456.0,3528112.0
1577,0.0,3705632.0,1161216.0,4197536.0
1578,0.0,3846640.0,1193472.0,10644592.0
1579,0.0,4016096.0,1181600.0,10398752.0
1580,0.0,12829936.0,1086245.3333333333,10326176.0
1581,0.0,12862080.0,685440.0,3984421.3333333335
1582,0.0,12096656.0,806736.0,3487792.0
1583,0.0,12483408.0,866992.0,3709664.0
1584,0.0,6661408.0,814464.0,3495856.0
1585,0.0,2661344.0,810544.0,3487792.0
1586,0.0,2673440.0,810768.0,3467632.0
1587,0.0,2697632.0,818608.0,3356581.333333333
1588,0.0,2598133.333333333,818496.0,2915136.0
1589,0.0,2447648.0,814464.0,2923424.0
1590,0.0,2459632.0,822752.0,3056368.0
1591,0.0,2439360.0,814576.0,3012016.0
1592,0.0,2471952.0,806970.6666666666,3060736.0
1593,0.0,2435440.0,693504.0,3016048.0
1594,0.0,2427376.0,693616.0,3011904.0
1595,0.0,2443504.0,701568.0,3020080.0
1596,0.0,2435328.0,693616.0,3229744.0
1597,0.0,2511936.0,717696.0,3580848.0
1598,0.0,2588880.0,705824.0,2814448.0
1599,0.0,2540496.0,693728.0,3003952.0
1600,0.0,2572416.0,701568.0,3273984.0
1601,0.0,2604896.0,1403136.0,3302432.0
1602,0.0,2535744.0,8241024.0,3274208.0
1603,0.0,2483712.0,713888.0,3087642.6666666665
1604,0.0,3169152.0,701792.0,2919392.0
1605,0.0,3467632.0,693504.0,2899120.0
1606,0.0,3588704.0,717696.0,2938832.0
1607,0.0,3507952.0,697648.0,2806496.0
1608,0.0,3503808.0,697536.0,2661925.333333333
1609,0.0,3721648.0,745920.0,2342704.0
1610,0.0,4241664.0,705600.0,1915632.0
1611,0.0,4161248.0,693728.0,1507968.0
1612,0.0,4326560.0,1165360.0,1580656.0
1613,0.0,4201792.0,1169616.0,2105040.0
1614,0.0,3847098.6666666665,1157184.0,1632352.0
1615,0.0,3201744.0,1189664.0,8040800.0
1616,0.0,3145072.0,1161216.0,3341920.0
1617,0.0,3125136.0,1157408.0,1674074.6666666667
1618,0.0,3245760.0,1205568.0,2403072.0
1619,0.0,2578293.333333333,1161216.0,2310336.0
1620,0.0,2427488.0,1153264.0,2314480.0
1621,0.0,2560320.0,1209600.0,2419200.0
1622,0.0,3423168.0,1459584.0,2258378.6666666665
1623,0.0,3734080.0,1931664.0,1927408.0
1624,0.0,3584560.0,1850912.0,1850800.0
1625,0.0,3624880.0,6874672.0,1866816.0
1626,0.0,3624992.0,13285552.0,1874992.0
1627,0.0,4245920.0,7436037.333333333,1903328.0
1628,0.0,4403280.0,1837141.3333333333,1859200.0
1629,0.0,11999344.0,1741936.0,1355210.6666666667
1630,0.0,5121557.333333333,1810368.0,975856.0
1631,0.0,4290384.0,1737904.0,992554.6666666666
1632,0.0,4290160.0,1733760.0,725872.0
1633,0.0,4411120.0,1794240.0,834736.0
1634,0.0,4326560.0,1754256.0,818832.0
1635,0.0,4282096.0,1737904.0,2971584.0
1636,0.0,4435424.0,1790432.0,4167301.3333333335
1637,0.0,4302480.0,1745968.0,850976.0
1638,0.0,4281984.0,1737904.0,1044400.0
1639,0.0,4265136.0,1834672.0,1567840.0
1640,0.0,4217696.0,1456208.0,7753760.0
1641,0.0,4278176.0,1391152.0,4532538.666666667
1642,0.0,4326448.0,1407168.0,935536.0
1643,0.0,4281984.0,1387120.0,923440.0
1644,0.0,4281984.0,2939328.0,927360.0
1645,0.0,4338432.0,8285984.0,935648.0
1646,0.0,4318608.0,6686917.333333333,935424.0
1647,0.0,4314352.0,1403248.0,931392.0
1648,0.0,4946618.666666667,1411648.0,935648.0
1649,0.0,4306288.0,1629040.0,931392.0
1650,0.0,4318496.0,1633072.0,935536.0
1651,0.0,4070133.3333333335,2048368.0,931504.0
1652,0.0,3620848.0,2334752.0,931504.0
1653,0.0,3599482.6666666665,7729344.0,927360.0
1654,0.0,3536064.0,10666165.333333334,947520.0
1655,0.0,3495968.0,3177440.0,931616.0
1656,0.0,3488016.0,9704528.0,935536.0
1657,0.0,3422448.0,10064096.0,927584.0
1658,0.0,3282384.0,5568986.666666667,931616.0
1659,0.0,3713696.0,2326688.0,931392.0
1660,0.0,3821354.6666666665,2338560.0,935536.0
1661,0.0,2801482.6666666665,2330944.0,927472.0
1662,0.0,2572416.0,2338560.0,1040256.0
1663,0.0,2552256.0,2306416.0,1858864.0
1664,0.0,2560432.0,2330720.0,1858864.0
1665,0.0,2544416.0,2322656.0,1854720.0
1666,0.0,2552480.0,2314592.0,1854944.0
1667,0.0,2372341.333333333,2342592.0,2068416.0
1668,0.0,1943536.0,2435328.0,2318512.0
1669,0.0,1870960.0,2326576.0,2209760.0
1670,0.0,1442736.0,2338672.0,2217712.0
1671,0.0,1173312.0,2346624.0,2225664.0
1672,0.0,1165472.0,2443616.0,2217824.0
1673,0.0,1165360.0,2903152.0,2213568.0
1674,0.0,1161664.0,2903488.0,1847338.6666666667
1675,0.0,1153152.0,2890944.0,1274112.0
1676,0.0,1370880.0,2919280.0,1286320.0
1677,0.0,1399216.0,2903040.0,1278256.0
1678,0.0,1391040.0,2899120.0,1274224.0
1679,0.0,1395184.0,2907072.0,1282288.0
1680,0.0,1169712.0,2947392.0,1298304.0
1681,0.0,1044400.0,2367328.0,1270304.0
1682,0.0,1040704.0,2197776.0,1274448.0
1683,0.0,1040256.0,2197552.0,1234362.6666666667
1684,0.0,1040480.0,2197552.0,1153264.0
1685,0.0,1040368.0,2201696.0,1157296.0
1686,0.0,1056384.0,2208816.0,1169280.0
1687,0.0,1088640.0,1697584.0,1213744.0
1688,0.0,1044512.0,1621200.0,1157296.0
1689,0.0,1052464.0,1636992.0,1169392.0
1690,0.0,1056496.0,1637104.0,1169504.0
1691,0.0,988522.6666666666,1641136.0,1169392.0
1692,0.0,695029.3333333334,1625008.0,1161328.0
1693,0.0,584752.0,1633072.0,1165248.0
1694,0.0,580608.0,1624896.0,1161216.0
1695,0.0,576800.0,1633296.0,1161552.0
1696,0.0,580720.0,1628928.0,1078181.3333333333
1697,0.0,580608.0,1620864.0,931392.0
1698,0.0,584864.0,1633296.0,931728.0
1699,0.0,576576.0,1612800.0,919296.0
1700,0.0,576576.0,1617056.0,927584.0
1701,0.0,580720.0,1624896.0,931504.0
1702,0.0,580720.0,1616944.0,923328.0
1703,0.0,576688.0,1628928.0,927472.0
1704,0.0,580608.0,1620864.0,927360.0
1705,0.0,580608.0,1624896.0,927360.0
1706,0.0,592928.0,1649200.0,828197.3333333334
1707,0.0,576688.0,1604960.0,572880.0
1708,0.0,576576.0,1624896.0,576576.0
1709,0.0,580608.0,1625008.0,584752.0
1710,0.0,584752.0,1637104.0,584640.0
1711,0.0,584640.0,1636992.0,584640.0
1712,0.0,580608.0,1624896.0,580608.0
1713,0.0,584752.0,1625008.0,580832.0
1714,0.0,580832.0,1628928.0,580720.0
1715,0.0,576688.0,1633072.0,580720.0
1716,0.0,580608.0,1616944.0,580720.0
1717,0.0,576688.0,1604848.0,572544.0
1718,0.0,572544.0,1620976.0,576688.0
1719,0.0,580720.0,1616944.0,576800.0
1720,0.0,576576.0,1616832.0,576576.0
1721,0.0,580608.0,1624896.0,580608.0
1722,0.0,580720.0,1624896.0,584752.0
1723,0.0,580720.0,1629040.0,580608.0
1724,0.0,588784.0,1645168.0,584864.0
1725,0.0,576576.0,1604848.0,576688.0
1726,0.0,576688.0,1633072.0,580832.0
1727,0.0,580608.0,1616832.0,580608.0
1728,0.0,580720.0,1625008.0,576576.0
1729,0.0,580720.0,1467418.6666666667,584640.0
1730,0.0,576688.0,467712.0,580720.0
1731,0.0,576688.0,459648.0,580720.0
1732,0.0,576576.0,459760.0,576688.0
1733,0.0,580608.0,467712.0,580608.0
1734,0.0,576576.0,459648.0,576576.0
1735,0.0,580720.0,459872.0,576688.0
1736,0.0,608944.0,487872.0,608944.0
1737,0.0,580608.0,463792.0,580720.0
1738,0.0,572768.0,467712.0,576800.0
1739,0.0,584752.0,463792.0,584640.0
1740,0.0,580608.0,463680.0,576576.0
1741,0.0,576576.0,459648.0,576576.0
1742,0.0,588784.0,467824.0,588672.0
1743,0.0,576576.0,467712.0,580608.0
1744,0.0,584640.0,467824.0,584752.0
1745,0.0,580720.0,463680.0,576688.0
1746,0.0,576688.0,455616.0,576688.0
1747,0.0,572656.0,463904.0,576688.0
1748,0.0,580608.0,463680.0,580608.0
1749,0.0,580608.0,459648.0,576576.0
1750,0.0,584864.0,467936.0,584864.0
1751,0.0,576576.0,467712.0,580608.0
1752,0.0,580832.0,463792.0,580720.0
1753,0.0,580608.0,463680.0,576576.0
1754,0.0,572656.0,459760.0,576800.0
1755,0.0,580608.0,463680.0,580608.0
1756,0.0,580608.0,463680.0,576576.0
1757,0.0,580720.0,459760.0,580608.0
1758,0.0,572544.0,463680.0,576576.0
1759,0.0,588784.0,471856.0,584864.0
1760,0.0,580608.0,463792.0,584752.0
1761,0.0,621040.0,496048.0,616896.0
1762,0.0,572768.0,459760.0,576688.0
1763,0.0,580608.0,463792.0,580720.0
1764,0.0,576576.0,455616.0,572544.0
1765,0.0,576688.0,467712.0,580720.0
1766,0.0,584752.0,467824.0,580608.0
1767,0.0,576688.0,459648.0,576688.0
1768,0.0,588672.0,471856.0,592816.0
1769,0.0,576576.0,455616.0,572544.0
1770,0.0,476805.3333333333,467824.0,584752.0
1771,0.0,346752.0,463680.0,580608.0
1772,0.0,346864.0,455840.0,572880.0
1773,0.0,342944.0,463792.0,576688.0
1774,0.0,350784.0,463680.0,580608.0
1775,0.0,342832.0,459760.0,572544.0
1776,0.0,350784.0,467712.0,580608.0
1777,0.0,354816.0,467712.0,592704.0
1778,0.0,342832.0,463792.0,576800.0
1779,0.0,350784.0,459648.0,576576.0
1780,0.0,342832.0,463792.0,576576.0
1781,0.0,371056.0,492016.0,613088.0
1782,0.0,342720.0,459648.0,576576.0
1783,0.0,350784.0,467712.0,580608.0
1784,0.0,346976.0,459984.0,580720.0
1785,0.0,350784.0,467712.0,580608.0
1786,0.0,346864.0,459648.0,580720.0
1787,0.0,350784.0,467824.0,584752.0
1788,0.0,346864.0,463680.0,364837.3333333333
1789,0.0,351008.0,455728.0,229824.0
1790,0.0,342720.0,467712.0,229936.0
1791,0.0,346752.0,459760.0,233968.0
1792,0.0,342720.0,459648.0,225792.0
1793,0.0,346752.0,463680.0,233856.0
1794,0.0,350896.0,467824.0,233856.0
1795,0.0,351008.0,455728.0,229936.0
1796,0.0,346752.0,467824.0,233968.0
1797,0.0,346752.0,467824.0,229936.0
1798,0.0,346864.0,463792.0,233856.0
1799,0.0,346752.0,455616.0,229824.0
1800,0.0,342720.0,463792.0,229936.0
1801,0.0,350784.0,463680.0,233856.0
1802,0.0,350896.0,467712.0,229936.0
1803,0.0,346864.0,459760.0,233856.0
1804,0.0,342720.0,467712.0,229824.0
1805,0.0,350784.0,463680.0,233856.0
1806,0.0,346864.0,455840.0,229936.0
1807,0.0,342832.0,463792.0,229824.0
1808,0.0,350784.0,463680.0,229824.0
1809,0.0,354928.0,476000.0,238224.0
1810,0.0,358848.0,475776.0,237888.0
1811,0.0,342720.0,459648.0,229824.0
1812,0.0,354928.0,467824.0,237888.0
1813,0.0,342720.0,463680.0,229824.0
1814,0.0,350784.0,455616.0,229824.0
1815,0.0,342720.0,467824.0,229936.0
1816,0.0,350896.0,467712.0,233968.0
1817,0.0,346976.0,459872.0,229824.0
1818,0.0,342720.0,459648.0,229824.0
1819,0.0,346752.0,463792.0,233968.0
1820,0.0,346752.0,455616.0,229824.0
1821,0.0,354816.0,475776.0,233856.0
1822,0.0,342832.0,459872.0,229936.0
1823,0.0,358848.0,475776.0,241920.0
1824,0.0,346864.0,459760.0,230048.0
1825,0.0,342720.0,464112.0,229824.0
1826,0.0,354928.0,233968.0,233856.0
1827,0.0,350896.0,233968.0,229824.0
1828,0.0,342720.0,229936.0,229936.0
1829,0.0,346752.0,233856.0,233856.0
1830,0.0,350896.0,233856.0,233968.0
1831,0.0,350896.0,225904.0,229824.0
1832,0.0,346752.0,233856.0,233856.0
1833,0.0,346752.0,233856.0,229824.0
1834,0.0,346752.0,229936.0,233968.0
1835,0.0,346752.0,229824.0,229824.0
1836,0.0,342720.0,233968.0,229936.0
1837,0.0,350784.0,229824.0,229824.0
1838,0.0,350896.0,233856.0,238000.0
1839,0.0,346864.0,230048.0,229936.0
1840,0.0,370944.0,249984.0,245952.0
1841,0.0,346752.0,233968.0,233968.0
1842,0.0,346752.0,225792.0,229824.0
1843,0.0,346864.0,233968.0,229824.0
1844,0.0,350896.0,233856.0,233968.0
1845,0.0,346752.0,229824.0,233856.0
1846,0.0,346752.0,229824.0,229824.0
1847,0.0,350784.0,233856.0,233856.0
1848,0.0,346752.0,234080.0,230048.0
1849,0.0,346752.0,233856.0,233856.0
1850,0.0,350784.0,229824.0,229824.0
1851,0.0,371056.0,191461.3333333333,246176.0
1852,0.0,358848.0,116928.0,241920.0
1853,0.0,346976.0,117152.0,229824.0
1854,0.0,383152.0,129248.0,254128.0
1855,0.0,346752.0,112896.0,233856.0
1856,0.0,350784.0,116928.0,229824.0
1857,0.0,342832.0,116928.0,229936.0
1858,0.0,350784.0,116928.0,233856.0
1859,0.0,346752.0,113008.0,233968.0
1860,0.0,350784.0,116928.0,229824.0
1861,0.0,342720.0,121072.0,199525.3333333333
1862,0.0,350784.0,116928.0,116928.0
1863,0.0,346752.0,113120.0,113120.0
1864,0.0,346752.0,116928.0,116928.0
1865,0.0,346864.0,116928.0,117040.0
1866,0.0,350896.0,117040.0,116928.0
1867,0.0,346752.0,116928.0,116928.0
1868,0.0,350784.0,117040.0,59498.66666666666
1869,0.0,350784.0,116928.0,0.0
1870,0.0,350784.0,121072.0,112.0
1871,0.0,350896.0,116928.0,112.0
1872,0.0,350784.0,112896.0,0.0
1873,0.0,346752.0,116928.0,0.0
1874,0.0,346752.0,116928.0,0.0
1875,0.0,346752.0,117040.0,112.0
1876,0.0,350784.0,112896.0,0.0
1877,0.0,342720.0,116928.0,0.0
1878,0.0,351008.0,117040.0,112.0
1879,0.0,346752.0,112896.0,0.0
1880,0.0,350784.0,116928.0,0.0
1881,0.0,346752.0,116928.0,0.0
1882,0.0,350784.0,117040.0,112.0
1883,0.0,342720.0,116928.0,0.0
1884,0.0,350784.0,112896.0,0.0
1885,0.0,346864.0,116928.0,112.0
1886,0.0,346752.0,116928.0,0.0
1887,0.0,350784.0,116928.0,0.0
1888,0.0,346752.0,113008.0,112.0
1889,0.0,350784.0,116928.0,0.0
1890,0.0,342832.0,117040.0,0.0
1891,0.0,346752.0,116928.0,0.0
1892,0.0,350896.0,116928.0,112.0
1893,0.0,346752.0,112896.0,0.0
1894,0.0,354816.0,120960.0,0.0
1895,0.0,346752.0,113008.0,112.0
1896,0.0,346752.0,116928.0,0.0
1897,0.0,362880.0,120960.0,0.0
1898,0.0,350896.0,116928.0,112.0
1899,0.0,346752.0,116928.0,0.0
1900,0.0,350784.0,116928.0,0.0
1901,0.0,350896.0,113008.0,0.0
1902,0.0,350784.0,117040.0,112.0
1903,0.0,342720.0,116928.0,0.0
1904,0.0,346752.0,112896.0,0.0
1905,0.0,346752.0,116928.0,0.0
1906,0.0,346864.0,116928.0,112.0
1907,0.0,346752.0,116928.0,0.0
1908,0.0,350784.0,112896.0,0.0
1909,0.0,350784.0,117040.0,112.0
1910,0.0,342720.0,116928.0,0.0
1911,0.0,350784.0,116928.0,0.0
1912,0.0,346864.0,116928.0,112.0
1913,0.0,358960.0,117040.0,0.0
1914,0.0,344565.3333333333,116928.0,0.0
1915,0.0,233856.0,120960.0,0.0
1916,0.0,258160.0,129248.0,112.0
1917,0.0,233856.0,112896.0,0.0
1918,0.0,233856.0,116928.0,0.0
1919,0.0,225904.0,116928.0,112.0
1920,0.0,165744.0,116928.0,4032.0
1921,0.0,117040.0,112896.0,112.0
1922,0.0,112896.0,117040.0,112.0
1923,0.0,116928.0,116928.0,0.0
1924,0.0,116928.0,116928.0,0.0
1925,0.0,113008.0,112896.0,112.0
1926,0.0,116928.0,116928.0,0.0
1927,0.0,116928.0,116928.0,0.0
1928,0.0,116928.0,116928.0,0.0
1929,0.0,116928.0,117040.0,112.0
1930,0.0,116928.0,112896.0,0.0
1931,0.0,116928.0,116928.0,0.0
1932,0.0,117040.0,116928.0,112.0
1933,0.0,112896.0,116928.0,0.0
1934,0.0,116928.0,40752.0,4032.0
1935,0.0,116928.0,224.0,224.0
1936,0.0,116928.0,0.0,0.0
1937,0.0,112896.0,0.0,0.0
1938,0.0,117040.0,0.0,112.0
1939,0.0,116928.0,0.0,0.0
1940,0.0,116928.0,0.0,0.0
1941,0.0,112896.0,0.0,0.0
1942,0.0,116928.0,0.0,0.0
1943,0.0,116928.0,0.0,0.0
1944,0.0,117040.0,0.0,112.0
1945,0.0,112896.0,0.0,0.0
1946,0.0,116928.0,0.0,0.0
1947,0.0,116928.0,0.0,0.0
1948,0.0,116928.0,0.0,0.0
1949,0.0,112896.0,0.0,0.0
1950,0.0,117040.0,0.0,112.0
1951,0.0,40752.0,0.0,4032.0
1952,0.0,112.0,0.0,112.0
1953,0.0,0.0,0.0,0.0
1954,0.0,0.0,0.0,0.0
1955,0.0,0.0,0.0,0.0
1956,0.0,0.0,0.0,0.0
1957,0.0,0.0,0.0,0.0
1958,0.0,0.0,0.0,0.0
1959,0.0,0.0,0.0,0.0
1960,0.0,0.0,0.0,0.0
1961,0.0,0.0,0.0,0.0
1962,0.0,0.0,0.0,0.0
1963,0.0,0.0,0.0,0.0
1964,0.0,0.0,0.0,0.0
1965,0.0,0.0,0.0,0.0
1966,0.0,0.0,0.0,0.0
1967,0.0,0.0,0.0,0.0
1968,0.0,0.0,0.0,0.0
1969,0.0,0.0,0.0,0.0
1970,0.0,0.0,0.0,0.0
1971,0.0,0.0,0.0,0.0
1972,0.0,0.0,0.0,0.0
1973,0.0,0.0,0.0,0.0
1974,0.0,0.0,0.0,0.0
1975,0.0,0.0,0.0,0.0
1976,0.0,0.0,0.0,0.0
1977,0.0,0.0,0.0,0.0
1978,0.0,0.0,0.0,0.0
1979,0.0,,,0.0
