port1,port2
11732,11232
480,980
480,480
480,480
480,480
480,480
480,760
720,720
980,480
760,980
480,480
480,720
720,480
480,480
480,480
2661600,480
4204080,720
6169440,480
6175488,480
7318560,480
9241824,480
10766160,1000
13427040,480
15132576,480
11842964,480
11322336,1220
11298664,480
11352576,480
11298144,480
11304192,480
11328384,720
11322576,480
11310240,480
11310240,6528
11328384,480
11316288,480
8427832,6768
6181536,480
4003136,6528
3072864,6528
3097056,480
3091248,720
3091008,480
892304,6528
480,480
480,690192
720,1028640
480,1028640
480,1028640
480,1034688
684144,1028880
1191936,1028920
2371296,1077024
2945856,980256
3091008,1034688
3115200,1034928
3055460,1022592
3097056,1029140
3701856,1028640
4022400,1028640
4046872,1028880
4040784,1034688
4040544,1028640
4022400,1028640
4040544,1028640
4034736,1579248
4040544,1875360
4034496,1869312
4034496,1869312
4336896,1881408
6085008,1869552
6090816,1875360
5929808,1875360
5062656,1869312
5068704,1881408
5050800,1869552
6381120,1869312
7245984,1875360
7983840,2129376
7959648,3931680
7965696,3937728
7959888,3931920
7959648,3925632
7989888,3931680
8479776,3817456
8493080,3091008
6768432,3097296
6737952,3078912
6768192,3097056
6744000,3084960
6737952,3084960
6768432,3091248
5426744,2812240
4699776,443712
4693728,1028640
4699776,1034688
4681632,1028880
4693968,1028640
4693728,1028640
4514016,1034688
3665568,1028640
3397816,1034928
1403424,1046784
841152,1022592
841152,1034688
841152,1028640
847200,1028640
841392,1028880
841152,1028640
847200,1028640
847200,1034688
841152,1022872
841392,1034928
841152,1028640
847200,1028640
841152,1028640
847200,1028880
841392,1028640
841152,1034688
847200,1028640
841652,1028640
841392,1029380
847200,1028640
358520,1089120
480,974208
480,1034688
480,1022592
720,1034928
480,1028640
480,1028640
480,1028640
720,1028880
760,1028640
6528,899992
480,480
278688,480
3084960,720
3085200,480
4893312,480
6175488,480
6417408,480
9640992,480
13306320,720
16330080,480
10917120,480
10318368,480
10263936,480
10336752,720
10269984,480
10294176,480
10294176,480
10282080,480
10276032,720
10324656,480
10239744,480
9966464,6528
6175488,480
6181536,480
6157584,720
6181536,480
6175488,480
6187584,480
2996408,12576
720,720
480,369408
480,950016
480,943968
480,950016
720,950256
480,950016
480,950016
480,1736256
720,3000528
480,5733984
480,6072672
768576,6102912
2056800,6090816
2062848,6103152
2057040,6090816
2159616,6381120
1966080,5830752
2093088,6871696
2020512,5891232
2069136,5306024
2056800,2903520
2062848,2110672
2056800,841152
2056800,1663680
2057040,1790928
2062848,1796736
2056800,1790688
2056800,1784640
2062848,1796736
3817008,1790928
4113120,1790688
3337336,1802784
2062848,1784640
2056800,1796736
2057040,1790928
2056800,1790688
2068896,1525264
2056800,943968
2062848,950016
2050992,950256
2062848,950016
2056800,950016
2056800,943968
2056800,950016
2063088,950256
2056800,950016
2062848,950016
2050752,943968
2062848,950016
289384,956304
480,950016
480,950016
480,943968
480,950016
720,950256
480,950016
480,943968
6528,812120
480,720
720,480
480,480
480,480
480,2843040
480,5939856
720,6157344
480,6181536
480,8993856
480,13033920
480,13354464
720,18205200
480,14691072
480,15126528
480,13681056
480,14400768
480,14322144
720,14461768
480,14449152
480,14376576
480,14346336
480,14455200
6528,13535024
720,11346528
6528,8469408
6528,5582184
7028,1254664
480,980
720,720
480,480
480,480
480,847200
480,943968
720,950256
480,950016
480,950016
480,950016
480,950016
393840,944208
1034688,950016
1028640,950016
1028640,950016
1028640,943968
1028880,950256
1415712,950016
2068896,950016
2044704,950016
2068896,950016
2057040,944208
2056800,950016
2952184,950016
3084960,950016
3084960,943968
3097296,950256
3084960,950016
3091008,950016
4863072,950016
5141280,950256
5147568,943968
5153376,2722080
5147328,3006336
5165472,2521936
5129184,2050752
5171760,2069136
5111040,2389440
5153376,3000288
5135232,3006336
5219904,3048672
5129184,2994480
5189904,3042624
4658648,2957952
4119168,3012384
2299928,2982144
2056800,3006576
4645584,3000288
5153376,3012384
4743320,3006336
4119168,3012384
4113360,3006576
2565520,3006336
1028640,3012384
1034688,3012384
128696,3006336
720,3012624
480,2994240
6528,1243648
6528,335408
720,720
212160,480
3091008,480
3109152,480
5994048,480
8461872,720
12362592,480
12332352,480
14285856,480
18519456,720
12725712,480
12338400,480
12374688,480
12314208,480
12350736,720
12338400,480
12374688,480
12067968,6528
7348200,6528
3085200,720
3091008,480
3084960,480
3091008,480
3079152,720
3091008,480
3084960,480
3218016,480
1747232,6528
720,720
480,480
480,480
480,480
480,480
720,720
480,480
480,480
480,480
829296,720
950016,480
943968,480
950016,480
950016,480
950256,720
950016,480
943968,2667648
950016,3084960
950016,3091248
950256,3084960
2722080,3091008
3000288,3084960
3006336,3091008
3006576,3085200
3012384,3091008
3726048,3084960
5606976,2469272
6780288,720
6943824,480
6925440,480
6782576,6528
5969856,480
6000336,720
5981952,480
6000096,480
5981952,321024
5994048,950016
5982192,950256
5994048,950016
5988000,950016
5981952,943968
5982192,950256
6000096,950016
5970544,956064
5981952,950016
5988000,943968
4207408,956304
3925632,950016
4784448,950016
4953792,943968
3207648,956304
2897712,950016
2897472,950016
2903520,950016
2897472,950016
2903760,944208
2903520,950016
3230112,950016
3931680,950016
3925632,1246608
4101264,1978176
3762336,1814880
3931680,1899552
3931680,1893504
3931680,1899792
3925872,2836992
4875168,4076272
6998016,4022400
7034304,4052640
7010352,4022640
7633056,4040544
8207056,4040544
8044320,4040544
8044320,4034736
8062704,4034496
8038272,4034496
8727744,2058008
8542544,956064
7875216,950256
7844736,943968
7005272,956064
6834720,365648
6834720,480
6828912,720
3832192,6528
3738144,480
3750240,480
3744432,720
3408832,6528
2897472,480
2903520,480
2903520,480
2903760,720
2891424,480
2288352,6528
841152,480
841152,720
847440,480
841152,480
841152,480
847200,480
841392,720
847200,480
841152,480
841152,480
847200,720
841392,480
841152,480
847200,480
841152,480
847440,720
841152,480
877440,480
810912,480
841152,480
841392,720
847200,480
841152,480
847200,480
841152,720
847440,480
841152,480
841152,480
847200,480
841392,720
23032,6528
480,480
480,480
206112,480
3079152,720
3091008,480
3266400,480
6181536,480
6339024,720
9278112,480
9247872,480
12120672,480
16686912,480
12768048,720
12326304,480
12368640,480
12362592,480
12338640,720
12338400,480
12368640,480
12326304,480
12356544,480
12344688,720
12356544,480
6167368,12576
3091008,480
3084960,720
2854776,6528
480,480
480,480
480,480
720,1000
480,480
480,480
480,480
480,1131456
720,3817008
480,3931680
480,3925632
480,4101024
6528,3666496
720,841152
980,841652
480,841152
883488,847200
1028880,841392
1028640,841152
1028640,847200
1028640,841152
1034688,1724160
1022832,1869552
1034688,1869312
1028640,1869312
1028640,1875360
1028880,2196144
1028640,2830944
1028640,3617184
1034688,3774432
1028640,3756288
1028880,3774672
1028640,3768384
1028640,3774432
1028640,3768384
1034688,3774672
1313136,3756288
2208000,3774432
2897472,3768384
2909568,3780480
2897712,3768624
2909568,4101024
2897472,4790496
2897472,4802592
2903520,4796784
2903760,4802592
2891424,4784448
2909568,4808640
2897472,4796544
2915856,3882976
2897472,3768384
2897472,3774432
2903800,3756288
2903520,3774432
2891664,3768624
2909568,3774432
2897472,3756288
2909568,3774432
2897712,3338656
2903520,2830944
2903520,2812800
2909568,2488496
2891424,1790688
3036816,1863504
1877088,1724160
1869312,1790688
1881408,1568640
1869312,950256
1875600,950016
1875360,950016
1863264,943968
1881408,950016
1869552,950256
1869312,950016
1875360,943968
1869312,950016
1869312,950016
1529224,956304
841152,950016
847200,950016
841152,943968
841152,950256
847440,950016
847200,58240
841152,480
847200,480
841392,720
847200,480
841152,480
847200,480
841152,480
841392,720
841152,480
847200,480
841152,480
208080,6768
480,480
480,480
480,480
480,480
1869552,720
6266208,480
8274144,480
8201568,480
9302304,720
11340720,480
12380736,480
15047904,480
9253920,480
10705680,720
13348416,480
13384704,480
13378656,480
13390752,480
13366800,720
13390752,480
13360512,480
13384704,480
13366800,720
13396800,480
13360512,480
13390752,480
13296232,6528
8817584,6768
6157344,480
6187584,480
6235968,480
6108960,720
5056248,6528
3091008,480
3084960,480
3084960,480
3085200,720
958832,6528
480,480
480,623424
480,950256
720,950016
480,1095168
480,1899552
480,1893504
720,1899792
480,1893504
480,1899552
550848,1893504
841152,2443872
841392,2740464
847200,2746272
841152,2734176
847200,2746272
841392,3157776
841152,5836800
853248,5450416
841152,4893312
841152,4863072
1258704,4881456
3925632,4875168
3937728,4887264
3919584,4869120
3943776,4893552
3925872,2449360
3931680,1790688
2494544,1802784
841152,1790688
950256,1784880
1687872,1796736
1681824,1790688
1693920,1796736
1681824,1784640
1694160,1599680
1687872,1464096
1681824,1796736
1808832,1790688
2716272,1796976
2709984,1784640
2722080,1802784
2709984,1784640
2722080,1790688
2710224,1790928
2716032,1796736
2824896,1784640
3750240,1796736
3738144,1790928
3756528,1796736
3738144,1790688
3750240,1784640
3738144,1796736
3750480,1790928
3744192,1887456
3738144,2746272
3744192,2728128
3750240,2746272
3738384,2740464
3750240,2740224
3738144,2734176
3756288,2054080
3624160,1790928
2716032,1796736
2716032,1790688
2836992,1869312
2595072,1712064
2716272,1790928
2716032,1796736
2716032,1790688
2716032,1796736
2709984,1784640
2728368,1090048
2550016,853248
1869312,841152
1875360,841152
1869552,847440
1875360,841152
1752760,792768
895584,278688
841152,351264
847440,369648
841152,363360
841152,369408
841152,357312
847200,369648
841392,363360
847200,369408
841152,369408
395328,363360
30960,363600
480,363360
480,369408
480,369408
480,363360
720,369648
480,363360
480,363360
480,363360
556896,363600
4119408,369408
6072672,369408
7185504,369408
7608864,369408
10269984,375456
10306512,369648
13439136,369408
15840192,363360
11116704,375456
10312320,369408
10257888,369648
9745776,375456
6157344,369408
6175488,369408
6169440,369408
6175488,369648
6163632,26400
6181536,480
6163392,480
6187584,480
6157344,480
6187824,720
5240296,6528
3091008,480
3084960,480
3248256,480
1541600,6768
720,480
480,480
480,97248
480,943968
568992,950256
944208,950016
950016,950016
950016,950016
950016,950016
950016,944208
2770704,950016
4028448,950016
4040544,950016
4034496,1210080
4040544,4040544
4034736,4028688
4040544,4040544
4028448,4034496
4661568,4161504
5062656,1706704
5081040,950256
5050560,950016
5068704,950016
5062656,950016
5074752,565472
5056848,480
2381360,12576
1028640,480
2782560,480
4107312,720
4125216,480
5268288,480
6175488,480
5450416,1724160
3091248,3091248
3084960,3084960
3097056,3091008
3084960,3084960
3085200,3091248
3084960,3078912
3091008,3091008
3084960,3084960
3097056,2394928
3550896,720
4094976,480
3762336,480
3931680,480
3925632,720
3937968,480
3967968,480
4881216,480
4875168,480
4881456,720
4875168,480
4887264,480
4863072,480
4887264,480
3705424,6768
2824896,480
2824896,480
2818848,480
2813040,720
2824896,480
2818848,480
2830944,480
2812800,480
2216016,6768
1790688,480
1790688,480
1790688,480
1796736,720
1784880,480
1796736,480
1790688,480
1796736,480
1784880,720
1790688,480
1796736,480
1802784,480
1778592,720
1161376,6528
841152,480
847200,480
841152,480
841152,720
847440,480
841152,480
841152,480
847200,480
841392,720
847200,480
841152,480
841152,480
847200,720
841392,480
841152,480
847200,480
841152,480
847440,720
841152,480
841152,480
847200,480
20352,6528
720,720
480,480
480,480
480,480
1954224,720
6181536,480
6483936,480
13632672,480
17152608,480
13862736,720
13366560,480
13396800,480
13366560,480
13390752,720
13366800,480
13390752,480
13360512,480
13390752,480
13378896,720
13366560,480
13366560,480
13390752,480
13354464,480
10577552,6768
8554080,6528
7209696,480
4907656,6528
1805552,6768
720,480
480,454080
480,847200
480,841152
720,841392
480,950016
480,1718112
480,1790688
480,1796736
480,1784880
720,1796736
480,1790688
480,1790688
480,1796736
720,1784880
502464,1790688
943968,1796736
950016,1790688
950016,1796736
950256,1790928
950016,1785328
950016,943968
950016,950016
2546928,950256
4034496,950016
4028448,943968
4040544,950016
4034496,950016
4034736,950256
4034496,943968
4034496,950016
4040544,950016
4034736,950256
4463904,950016
4881216,943968
4875168,950016
4881216,950016
4875408,950256
4887264,950016
4875168,943968
4291840,956064
1796736,1422000
1790928,1899552
1796736,1899552
1790688,1893504
1644976,1905600
847440,1893744
841152,1899552
847200,1899552
841152,1899552
841152,2359440
847440,2849088
841152,2843040
841152,2843040
847200,2849088
841392,2843280
847200,2849088
841152,2843040
847200,1925472
1857216,1899792
1875600,1899552
1875360,1899552
1869312,1893504
1869312,1893504
1875600,1899792
1869312,1899552
1869312,1899552
1590544,1899552
1857216,1893504
1972368,1996560
1772544,1802784
1869312,1899552
2764416,1899552
2812800,1893744
2825136,1899552
2824896,1893504
2824896,1150808
2818848,950016
2819088,950256
2818848,943968
2830944,840592
2824896,480
2818848,720
2819088,480
2867232,480
2770464,480
2824896,480
1802464,6768
1790688,480
1790688,480
1790688,480
1796736,480
1784880,720
1575248,6528
841152,760
841152,480
847200,720
841392,480
841152,480
847200,480
841152,480
841392,720
169264,6528
480,480
480,212160
480,3085200
720,5413440
480,10251840
480,15628512
480,12882720
720,12362832
480,12332352
480,12374688
480,12320256
480,12362592
720,12350736
480,12344448
6528,7380768
480,7209696
720,7197840
480,7209696
480,7203648
480,7209696
480,7185504
720,7578864
480,6828672
6528,4853744
480,3084960
480,3091008
720,3079152
480,3103104
480,3072864
6528,2902920
480,720
73796,980
2062848,480
2093088,480
3000288,480
3012624,720
3006336,480
3006336,480
3000288,480
3012384,480
3006576,720
3006336,480
3012384,480
3006336,30720
3000528,1028880
3012384,1028640
3006336,1028640
3006336,1028640
3000288,1028640
3012624,1034928
3006336,1028640
2328008,1040736
2044704,1028640
2063088,1028880
2056800,1028640
2062848,2093088
2050752,3072864
2062848,3097056
2057040,3085200
2068896,3127296
2044704,6151296
2062848,6187584
2056800,6157584
2063088,6193632
2050752,6157344
2147520,6441600
1972128,5909376
2063088,6181776
2056800,6592800
2068896,5963248
2050752,5449728
2018872,6011632
720,4917744
480,4965888
480,5026368
480,4864800
6768,1863504
480,1875360
480,1875360
480,1869312
480,1869312
720,1875600
480,1869312
480,1875360
480,1869312
480,1875600
720,1875360
480,1869312
480,1875360
480,1875360
6768,1351712
480,847200
480,841152
480,847200
480,841392
720,841152
480,847200
480,841152
480,841152
720,847440
480,841152
480,847200
480,841152
480,841152
720,847440
480,841152
760,841152
6528,467384
480,480
720,720
480,480
480,42816
480,3072864
720,3091248
480,5171520
480,7215744
480,8794272
480,15477312
720,10977840
480,10288128
480,10294176
480,10306272
720,10270224
480,10306272
480,10276032
480,10294176
480,10288128
720,10294416
480,10282080
480,10294176
480,10288128
480,10294416
12816,6599976
6528,976456
480,480
480,480
720,720
480,480
480,480
480,480
480,480
720,720
480,480
480,480
480,480
720,720
260544,480
847200,480
841152,480
841152,480
847440,1651824
841152,2062848
841152,2056800
847200,2056800
841152,2056800
847440,2063088
1754400,2056800
3943776,2062848
4590912,2050752
4772592,2063088
4778400,401936
4778400,480
4766304,480
4790496,480
4754448,720
4784448,750432
4766304,943968
2892632,998400
1615296,907680
1688112,950256
1681824,950016
1693920,943968
1681824,950016
1682064,950256
1693920,1216128
1681824,1899552
1687872,1887456
1712064,1935840
1669968,1863504
1681824,1899552
1681824,1887456
1681824,2129376
1693920,2740464
1682064,2746272
1693920,2740224
1681824,2740224
1687872,2651792
1694160,1790928
1681824,1790688
1687872,1796736
1687872,1790688
1681824,1790928
1694160,1790688
1681824,1790688
1681824,1796736
1693920,1784640
1682064,1796976
1681824,1790688
1693920,1790688
1681824,1796736
1687872,1784640
1688112,1790928
1681824,1796736
1693920,1790688
1681824,1790688
1687872,937600
1694160,841152
1681824,847200
1681824,841152
1693920,841152
965680,853488
847200,841152
841152,847200
841152,841152
847200,841152
847440,762208
847200,480
841152,480
841152,480
847440,720
841152,480
560224,6528
480,480
480,480
720,720
480,480
480,480
480,575040
480,3085200
720,3091008
480,5897280
480,7584672
480,10312320
480,14437296
720,17539680
480,12060192
480,11261856
480,11298144
720,11346768
480,11292096
480,11334432
6528,10888608
480,6187584
720,6163632
480,6169440
480,6169440
480,6181536
720,6169680
480,6181536
480,6157344
480,6181536
480,6169440
720,6181776
480,6169440
480,6181536
480,6175488
480,6175728
720,6169440
6528,4082280
6528,3033296
480,480
720,720
480,1016544
480,1028640
480,1028640
480,1028880
720,1028640
480,1482240
480,1984224
480,1978176
720,2982384
480,3006336
480,3006336
480,3006336
480,3006336
720,3012624
480,4451808
480,6084768
480,6096864
720,6091056
480,6102912
480,6090816
6528,5083088
6528,2579216
720,1978416
480,1978176
480,2921664
480,4028448
480,4222224
720,3859104
6528,2972336
480,3006336
937920,3012384
1028880,2994480
1028640,3012384
1028640,3006336
1034688,4258272
1034688,5987440
1028880,5147568
1028640,5147328
1028640,5147328
1028640,5141280
1028640,5970096
1034928,7197600
1028640,7203648
1028640,7197600
1034688,6306904
1028880,5141520
1028640,5153376
1947936,5141280
2062848,5153376
2056800,5141520
2057040,5147328
2062848,4908736
2074944,2074944
2044704,2044704
2976336,1233952
3091008,480
3084960,480
3084960,480
3084960,480
5800752,720
6187584,480
6163392,480
6181536,480
6169680,720
6169440,480
6169440,480
6193632,480
6163392,480
4493824,6768
3078912,480
3091008,480
3084960,480
3084960,720
3085200,480
3091008,480
2159056,6528
2062848,480
2057040,720
1108992,6528
1028640,480
1028640,480
1028640,720
1034928,480
1028640,480
1028640,480
1028640,480
1028880,720
1028640,480
1034688,480
1022592,480
1034688,480
1028880,720
1034688,480
1022592,480
1028640,480
1028880,720
1028640,480
1028640,480
1034688,480
1028640,480
1028880,720
1028640,480
105024,6528
480,480
5413440,720
8238096,480
8225760,480
12181152,480
15477312,480
13693392,720
15410784,480
12713376,480
12326304,480
12925056,720
11776176,480
12356544,480
12074536,6528
7209696,480
7209696,720
7191792,480
7197600,480
7209696,480
7197600,480
7209936,720
7197600,480
7203648,480
7203648,480
5791184,6768
3085200,480
3091008,480
3084960,480
3091008,480
3085200,720
2038056,6528
480,480
327072,480
1028640,720
1028880,480
1028640,480
1028640,480
1028640,480
1028880,720
1028640,480
1034688,480
1028640,480
1857216,480
2057040,720
2062848,480
2056800,480
2062848,480
2057040,720
2056800,480
2056800,2462016
2062848,3338976
2056800,3931680
2063088,3944016
2056800,3913536
2056800,3937728
2353152,3925632
3091248,3937968
3084960,4512288
3097056,6000096
3084960,6272256
3084960,7028256
3085200,7004304
3091008,7022208
3084960,7010112
3091008,7022208
3091008,6327616
3097296,3578176
3084960,1875360
3084960,3465984
3084960,3925632
3840640,3944016
4113120,3925632
4113120,3931680
4113120,3925632
4125216,3943776
4113360,3925872
4119168,3931680
4107072,3919584
4125216,3937728
4833072,3925872
5074752,3937728
5056608,3919584
5068704,3943776
5062656,3925632
4733584,3937968
4022400,4693728
4040544,4971936
4034496,4953792
4046592,5672104
4028688,5981952
4046592,6223872
4022400,6931488
4536480,6943584
6091056,6937776
4683360,7270176
3847008,6604896
4034496,6937536
4034496,6937536
4040784,6937776
4028448,6925440
4040544,6943584
4040544,6164080
4040544,5909616
4034736,5915424
4040544,5903328
4034496,4606336
4034496,2824896
3723568,2825136
3006336,2818848
2636848,2824896
2062848,2824896
2062848,2538160
1559464,1796736
480,1790688
6528,1086400
480,943968
720,950256
480,950016
480,950016
480,943968
480,950256
720,950016
480,950016
480,950016
480,943968
720,950256
480,950016
480,950016
480,950016
480,943968
720,950256
480,950016
480,950016
480,943968
720,950256
480,950016
480,950016
480,950016
480,943968
720,950256
480,950016
480,950016
6528,782400
720,720
480,480
480,480
480,2425728
480,4119168
720,7113168
480,9532128
480,12574272
480,15707136
480,13905072
720,13390752
480,13366560
480,14128608
480,12604512
480,13408896
720,13360752
480,13384704
6528,10903904
480,9278112
720,9254160
480,9272064
480,9326496
480,9181344
480,9253920
6768,9026064
480,6163392
480,6187584
480,6163392
6528,3855544
720,3084960
480,3084960
6528,2824296
480,480
61200,720
1028640,480
1028640,480
1034688,480
1022592,480
1034928,720
1131456,480
3091008,480
4772352,480
6181776,720
6169440,480
6181536,480
6169440,480
6181536,480
7923600,720
11322336,480
11203664,6528
9272064,480
9254160,720
8625616,6528
6169440,36768
6040792,1034688
4113120,1028640
4131504,1028880
4107072,1028640
4119168,1034688
4119168,1028640
4367136,1071216
4911696,986304
5153376,1028640
5147328,1028640
5147328,1034688
5141280,1022832
5147568,1034688
5141280,1560864
5141280,2056800
5159424,2062848
5147568,2057040
5040192,2062848
3091008,2062848
3010744,2062848
2056800,2057040
2057040,2056800
2039344,2074944
1022592,2044704
1034688,2062848
1028880,2057040
1028640,2062848
1028640,2056800
1028640,2056800
1028640,2057040
1028880,2056800
1028640,2056800
1034688,2062848
1028640,2056800
1028880,2063088
1028640,2056800
1028640,2056800
1028640,2056800
1034688,2062848
1028880,2057040
1028640,2056800
1028640,2056800
1028640,2062848
1028880,2057040
1028640,2056800
1028640,2056800
1034688,2062848
1034688,2010144
1028880,1028880
1028640,1028640
1028640,1028640
1028640,1028640
469504,1034928
720,1028640
480,1034688
480,1028640
480,1028640
720,1028880
480,1028640
480,1028640
480,1034688
6528,480240
720,480
480,480
3036576,480
8558400,480
15368688,720
8080608,480
7203648,480
10203456,480
10276032,480
10324656,720
10263936,480
10306272,480
10282080,480
10294176,480
10288368,720
10282080,480
10269984,480
10312320,480
10263936,480
10300464,720
10282080,480
9313280,6528
7197600,480
7209936,720
3160304,6528
3097056,480
3078912,480
3091008,480
3085200,720
3091008,480
3084960,480
78504,6528
480,720
720,937920
480,1028640
480,1028640
339168,1028640
847440,1028880
841152,1028640
841152,1028640
847200,1034688
841152,1028880
841392,1028640
847200,2873280
841152,3084960
847200,3091008
1246608,3085200
1875360,3091008
1869312,3084960
1881408,3091008
1863264,3085200
1875600,3084960
1869312,3084960
1881408,1248656
3054720,1028640
4966128,1349424
4953792,1875360
4984032,1881408
4941696,1857216
4953792,1881408
4966128,1869552
4953792,1875360
4549264,1875360
3937728,1869312
3925872,2226384
3937728,2818848
3925632,2818848
3931680,3145440
3931680,3659520
3931920,3665808
3919584,3653472
3765664,3671616
841152,3665568
847200,2720680
847440,2625312
841152,2637408
847200,2637408
841152,2637408
841392,2631600
847200,2637408
841152,2631360
877440,2746272
810912,2522496
841392,2637648
841152,2631360
847200,2637408
847200,1992560
853248,981184
841392,847200
841152,841152
847200,841152
841152,847200
847440,841392
841152,847200
841152,841152
847200,841152
841152,847440
841392,841152
847200,841152
841152,847200
46144,847200
720,841392
480,847200
480,841152
6528,367768
480,480
720,720
480,480
480,480
417792,480
6339024,720
8243904,480
10814304,480
14304000,480
15422880,480
10875024,720
12217440,480
13372608,480
13396800,480
13354704,720
13396800,480
13372608,480
13372608,480
13360512,480
13409136,720
13342368,480
13384704,480
13372608,480
13390752,720
11421072,6528
10294176,480
10288128,480
7672112,6528
5721528,6768
3109152,480
108224,6528
480,480
937920,480
1028880,720
1028640,480
1070976,460128
986304,986304
1028640,1028880
1409904,1028640
1984224,1034688
2782560,1028640
4040544,1028640
4034736,1028880
4046592,1028640
4439712,1028640
5062656,1034688
5056608,1028880
5818896,1028640
5903328,1028640
5903328,1028640
5921472,2843040
5909616,3097296
5903328,3072864
5909376,3097056
5903328,3084960
5915424,2664128
5076200,2062848
3865152,2062848
4742112,2056800
4887264,3853056
4875408,4101264
4869120,4125216
4875168,4929600
4881216,5062656
4881216,5068704
4893552,5068944
4869120,5062656
4875168,5074752
4862512,5074752
3919584,5050800
3931920,3240568
3943776,3012384
2562632,3006336
1887456,1221616
1869552,950256
1869312,950016
1869312,943968
1875360,950016
1869312,950256
1881648,950016
1869312,950016
1875360,950016
1869312,943968
1869552,950256
1875360,950016
1953984,986304
882928,913728
847200,950016
841392,950256
847200,950016
841152,950016
841152,950016
853248,484000
841392,480
841152,480
847200,480
841152,480
847440,720
841152,480
841152,480
847200,480
841152,480
841392,720
847200,480
841152,480
847200,480
841392,720
841152,480
847200,480
841152,480
481600,6528
720,720
480,480
480,480
480,480
480,720
720,835104
480,3084960
480,3901440
480,6187584
720,7512336
480,11322336
480,14648736
480,18585984
480,12145104
720,11304192
480,11334432
480,11304192
480,11328384
720,11322576
480,11328384
480,11310240
480,11328384
480,11298384
720,11340480
6528,6846216
480,6175488
480,6163392
6768,3262840
480,3084960
480,3091008
480,3084960
480,3084960
720,3085200
480,3091008
480,3084960
480,3218016
480,2951904
6768,2809760
480,480
230304,480
3084960,480
3091248,720
3084960,480
3091008,480
3084960,480
3091008,480
3085200,720
4258272,480
5141280,480
2854576,6528
2057040,720
2056800,480
2056800,532704
2062848,950016
2056800,950016
2063088,950256
2056800,950016
2056800,950016
2056800,943968
2062848,950256
2057040,950016
882928,2728128
480,5492064
480,5933568
720,5933808
480,5939616
6528,5238736
480,3308736
480,3683952
43056,3695808
1028640,3689760
1028640,3695808
1028640,3671616
1034928,3696048
1028640,2869520
1070976,2740224
2056800,2734176
2056800,2740224
2057040,2740464
2141472,2849088
1978176,2637408
2062848,2740224
2056800,2734416
2057040,2740224
2056800,2740224
2056800,2746272
2056800,2740224
2069136,2734416
2050752,2740224
2062848,2740224
2056800,2746272
2062848,2627600
2063088,1246048
2068896,950016
2056800,950016
2056800,950016
2057040,950256
2056800,950016
2056800,943968
2056800,950016
2056800,950016
2069136,950256
2056800,943968
2056800,956064
2056800,943968
2056800,950256
2057040,950016
2068896,950016
2050752,943968
2062848,950016
2057040,950256
2056800,950016
2056800,950016
2062848,950016
2056800,486288
2069136,480
2056800,480
2056800,480
2056800,480
2057040,720
2056800,480
1999648,6528
1034688,480
1064928,480
992592,720
1028640,480
1028640,480
977536,6528
480,480
720,49104
480,3084960
480,4766304
480,11328384
720,15507792
480,11243712
480,10300224
480,10282080
480,10306272
720,10276272
480,10306272
480,10282080
480,10300224
720,10282320
480,10288128
480,10294176
480,10300224
480,10269984
720,10300464
480,10282080
480,10306272
6528,7631936
6528,5077240
6768,4067504
480,480
480,480
2026560,480
2057040,720
2056800,480
2062848,480
2056800,480
5074752,480
5153616,720
5147328,3012384
5141280,3091008
5141280,3084960
5153616,3091248
4169840,3084960
2093088,1107952
2026560,480
2062848,480
2057040,720
2540640,480
3084960,480
3091008,480
3084960,720
1970728,6528
2056800,480
2062848,363360
2062848,950016
2057040,950256
2056800,1730208
2056800,3000288
2056800,3006336
2056800,3006856
2063088,3012384
2056800,3006336
3211968,3012384
5141280,3000288
5141520,3006576
5389248,3145440
4911456,2873280
4533408,3018432
1034688,3357120
1028880,3944016
1040736,3968656
1022592,2976096
1034688,2221304
1028640,1760688
1028880,1905600
1028640,1893504
1034688,1899552
1022592,1893504
1034928,1899792
108784,1899552
726240,1899552
2056800,1893504
2062848,1899552
2057040,1899792
2056800,1893504
2062848,1894192
2062848,950016
2057040,944208
2056800,1820928
2062848,3707904
2056800,4040544
2057300,4022900
2063088,4046832
2056800,4034496
2056800,4040544
2056800,4034496
1326440,4046832
480,4705824
480,6108960
2552736,6084768
3091008,6096864
3085200,6085008
3091008,6102912
3084960,6090816
3218016,6338784
2957952,5848896
3091248,6103152
3091008,5391536
3091008,3165872
2584184,3012384
480,3012624
720,3000288
480,3006336
480,3012384
480,3006336
6768,1262032
480,943968
480,950016
480,950016
480,950256
720,950016
480,943968
480,950016
480,950016
720,950256
6528,195744
480,480
480,480
480,480
720,2147760
480,3084960
480,6635136
480,8243904
720,10373040
480,14739456
480,9568416
480,8225760
480,8231808
720,8232048
480,8231808
480,8231808
480,8237856
480,8262048
720,8207856
480,8201568
480,8231808
480,8225760
6528,4666496
720,3084960
480,3097056
480,3078912
480,3084960
720,3091248
6528,1481120
480,480
480,480
480,720
720,480
480,480
1361280,480
2056800,480
2063088,720
2056800,484320
2062848,3091008
2056800,3084960
2056800,3091008
2057040,3085200
2062848,3720000
2056800,4022400
2062848,2518736
2062848,950256
2057040,950016
2056800,950016
2722080,943968
3084960,950016
1719560,956304
1028640,950016
1034688,950016
1028640,943968
1028640,950016
1028880,950256
1028640,1070976
1633440,1784640
1984224,1790688
1972368,1796976
1978176,1790688
1978176,1790688
1978176,1796736
2576928,1784640
2921904,1796976
2921664,1790688
2933760,1790688
4209888,1796736
4990080,2038896
4984272,3967968
4996128,5522304
4965888,5897280
4990080,5915424
4984272,5903568
4724656,5915424
4022400,5897280
4040544,5909376
4040544,5009672
4034736,4965888
4046592,4959840
3358328,4971936
3000288,4947744
3006576,4960080
3006336,4965888
3012384,4953792
3000288,4953792
3012384,4971936
3006576,4954032
3012384,4710232
3006336,2897472
3157536,3023920
2861184,1960032
3006576,2057040
1709344,2062848
950016,2068896
943968,2050752
950016,2062848
950256,2057040
950016,2056800
950016,2056800
950016,2062848
944208,2057040
950016,2062848
950016,2056800
956064,2068896
943968,2044704
718792,2069136
480,2050752
480,2062848
6528,1928152
480,1028880
720,1028640
480,1028640
480,1028640
480,1034688
720,1022832
480,1034688
480,1028640
6528,383232
480,266832
720,3091008
480,5733984
480,10288128
480,12054144
720,13415184
480,16287744
480,10657056
480,9284160
480,9248112
720,9272064
760,9259968
480,9266016
480,9247872
720,9284400
480,9247872
480,9266016
480,9253920
480,9272064
720,9242064
6528,7465440
6528,4880096
6528,740584
480,720
720,568992
480,907680
480,950016
480,950016
480,950256
720,943968
480,950016
480,950016
480,950016
720,950256
1693920,950016
4203840,943968
5147328,950016
5147328,950256
5147568,950016
5177568,950016
6096864,943968
3377552,769264
3012624,720
3006336,480
3103104,480
6090816,480
6102912,480
6091056,720
6102912,480
4941136,6528
1888144,508512
950016,950256
998640,950016
3000288,943968
3012384,950016
3060768,950016
6097104,950256
6090816,950016
6102912,950016
6078720,943968
6108960,950016
6085008,950256
6096864,2002368
6090816,3000288
6108960,3012384
6078720,3006576
6103152,3012384
6084768,3000288
6102912,3012384
3978424,3018432
3835152,3000528
5407392,3006336
7227840,1986512
6635136,907680
6955680,950016
6913584,950256
7937184,962112
6895200,943968
6955680,950016
6919392,943968
6943824,804544
6931488,480
4368344,6528
3847008,480
3840960,720
3853296,480
2833232,6528
1790688,480
1796736,480
1784880,720
1796736,480
1790688,480
1796736,480
1784640,720
1790928,480
1796736,480
1189216,6528
841152,480
847440,720
841152,480
841152,480
847200,480
841152,480
841392,720
145072,6528
480,480
399648,480
3084960,480
3091248,720
3472032,480
6181536,480
6163392,480
6556512,720
9744048,480
13390752,480
13354464,480
16559904,480
15066288,720
11769888,480
11328384,480
11304192,480
11334432,720
11310480,480
11340480,480
11304192,480
11334432,480
11292336,720
11334432,480
9466208,12576
958312,6528
480,480
720,720
480,480
480,480
480,480
91200,720
950256,480
950016,480
962112,480
931872,480
950256,720
956064,480
943968,480
950016,480
950016,720
944208,605280
950016,1028640
950016,1034688
950016,1028640
950256,1028880
943968,1028640
950016,1028640
950016,1028640
2147520,1034688
3006576,1028880
3072864,1028640
3840960,1028640
3859104,1028640
4445760,1028880
4881456,1028640
4875168,1034688
4881216,1028640
6054528,1028640
7409520,1028880
7923360,1034688
9816384,1022592
9150544,1040736
7680880,1034688
6834960,1028880
6816576,1028640
7421376,1028640
7850784,1028640
6728144,1040736
5770512,1028880
5794464,1028640
5818656,1028640
5794464,1494336
5830992,1881648
5782368,1863264
6036384,1953984
4992368,1796736
4959840,1869312
4954032,1875600
4971936,1869312
4819096,1875360
2897472,1875360
2909568,1881408
2766944,1875600
2056800,1869312
2056800,1869312
1459256,1881408
1028640,1869552
1034928,1875360
1028640,1248096
1034688,841152
1028640,841152
1028880,847440
1028640,841152
1028640,847200
1028640,841152
1034688,728528
1034928,720
1028640,480
1028640,480
1028640,480
1028880,720
1028640,480
1034688,480
1022592,480
1034688,480
446632,6768
480,480
480,480
54912,480
3097296,720
3175680,480
8322528,480
12852480,480
14412864,480
14564304,720
18398496,480
12507744,480
11328384,480
11322336,720
11310480,480
11854560,480
10778016,480
11340480,480
11310480,720
11334432,480
8086056,6528
6217824,480
6127104,480
6175728,720
6175488,480
2934888,12576
480,480
480,480
720,720
480,480
480,480
480,480
720,720
480,480
480,480
480,480
696000,480
841392,720
847200,480
841152,480
847200,480
841152,303120
841392,950016
847200,943968
841152,950016
841152,950016
847440,950256
841152,950016
841152,943968
847200,950016
841152,1899792
847440,4046592
841152,4028448
847200,4040544
841152,4034496
841392,4028688
1548768,4094976
1663680,3980064
1687872,4040544
2292672,4028448
3913776,4216176
3580896,4463904
3750240,6102912
3738144,6090816
3756288,6109200
3738384,6084768
3738144,6889152
4494144,7137120
4693728,4092256
4700016,4034736
4693728,4034496
4693728,4034496
4681632,4034496
4076272,4040544
2637648,4046832
2631360,4028448
2631360,4034496
2643456,3424856
2637648,1978416
2631360,1978176
2643456,1984224
2625312,1966080
2643456,1168432
2631600,950256
2637408,943968
2637408,950016
2631360,950016
2637648,950256
2631360,950016
2637408,950016
2625312,943968
2643456,950016
2631600,950256
2655552,709824
2625312,480
2625312,480
2637408,720
2637648,480
2637408,480
2320192,6528
1790688,480
1790928,720
1796736,480
1790688,480
1784640,480
1875360,720
1712304,480
1802784,480
1784640,480
1790688,480
1420120,6768
841392,480
847200,480
841152,480
841152,480
841392,720
847200,480
841152,480
847200,480
548128,6768
720,480
480,480
480,480
480,480
720,720
480,798816
480,4119168
480,4113120
480,4712112
720,7772160
480,10300224
480,10269984
480,10886880
720,13354704
480,14346336
480,18471072
480,11642880
480,10312560
720,10263936
480,10306272
480,10269984
480,10294176
480,10288128
6768,9459192
480,6175488
480,6169440
480,6181536
720,6169680
6528,5602656
480,3084960
6528,420040
480,480
480,345456
720,2056800
480,2062848
480,2056800
480,2214048
164016,3012624
1034688,3006336
1028640,3000288
1028640,3012384
1028640,3006576
1028880,3012384
1028640,2994240
1028640,3006336
1034688,3012384
1028880,3006576
1337088,3012384
3084960,3006336
3091008,3006336
3084960,3006576
3085200,3006336
3097056,3012384
3078912,2994240
3091008,3012384
3085200,3296880
3804672,4743840
4058688,2970048
4125216,3012384
4113120,2994240
4113360,3012624
4408912,3012384
3006336,3006336
3006336,3405504
3006576,6085008
3012384,6096864
3006336,6090816
3012384,5352400
3006336,5256192
3012384,5794144
3006576,4040544
3000288,4034496
3018432,4040544
3000288,4028448
3012624,4137552
3006336,4881216
3133344,5092896
2879328,2206360
3006336,1784640
3067056,1827216
2945856,1754400
3018432,1796736
3000288,3659520
3006336,4881216
3006576,4875408
3006336,4875168
3012384,4893312
3000288,4023088
3024720,1803024
2810080,1790688
1984224,2407584
2595072,2824896
3000288,2824896
3006576,2813040
3006336,2824896
3006336,2818848
3066816,2824896
3967968,2819088
3956112,2812800
3955872,3308736
3949824,3659520
3955872,3671616
3950064,3659760
3967968,3665568
3718360,3665568
3012384,3659520
3000288,3671616
3006576,3665808
2344384,3677664
1966080,3653472
1978176,3659520
1972368,3665808
1990272,2968408
1978176,2716032
1978176,2709984
1978176,2722080
1972368,2710224
1978176,2722080
1978176,2709984
1984224,2716032
1978176,2716272
2057040,2830944
1893504,2601120
1984224,2460376
1978176,1875360
1978416,1869552
1978176,1869312
1978176,1875360
1978176,1875360
1978176,1869312
1978416,1875600
1972128,1869312
1978176,1875360
1984224,1875360
1978416,1875600
1978176,1869312
1978176,1869312
1972128,1875360
1990272,1236000
1345104,847440
950016,847200
943968,841152
950016,847200
950016,841392
950256,841152
950016,847200
943968,841152
950016,841152
950256,847440
950016,841152
950016,847200
943968,841152
956064,841392
312496,853248
480,841152
480,841152
480,847200
720,841392
6528,8256
480,480
480,480
496416,720
6980112,480
10046208,480
11654976,480
17267520,480
11213712,720
9253920,480
9278112,480
9247872,480
9266016,480
9260208,720
9266016,480
9235776,480
9259968,480
9266016,480
9260208,720
9253920,480
9259968,480
9272064,480
9266016,720
9272304,480
9235776,480
8451784,6528
6169440,480
6175728,720
6175488,480
6175488,480
6175488,480
4354440,6768
215168,6528
480,480
2576928,480
3084960,480
3085200,720
3091008,480
3084960,480
3091008,480
3084960,480
3091248,720
3091008,480
1530064,677856
480,2056800
720,2057040
480,2062848
2534592,2056800
3218016,2147520
2951904,1972128
3091248,2057040
3744192,2062848
5141280,2056800
5141280,2056800
5147328,4560672
5153616,5153616
5141280,6096864
5153376,8243904
5141280,8219712
5153616,7555880
5141280,6169440
5195712,6229920
5092896,6115008
5147328,6175488
3626800,6187824
2050752,6163392
2068896,7028256
2050752,7179456
2062848,7215984
2050992,7185504
2062848,7209696
1401976,5707072
480,4119168
720,4119408
6528,1092448
480,1028640
480,1839072
480,2069136
720,2056800
480,2056800
480,2056800
480,2056800
720,2057040
480,2056800
480,2068896
480,3665568
480,4113120
720,4113360
480,4119168
480,4113120
480,4125216
720,4119408
6528,3297328
480,3211968
290784,2128816
1028640,2062848
1028880,2057040
1028640,2056800
1028640,2062848
1028640,2056800
1034688,2057040
1028880,2056800
1028640,2062848
1028640,2056800
1040736,2087040
1016544,2026800
1028880,2062848
1034688,2056800
1028640,2056800
1028640,2062848
1028880,2057040
1034688,433216
1028640,480
1028640,480
1034688,720
1022832,480
1034688,480
1028640,480
1028640,480
1028880,720
1028640,480
1028640,480
1028640,480
1034688,720
1028880,480
1028640,480
1028640,480
1028640,480
1028880,720
1034688,480
1028640,480
1028640,480
1028640,480
1028880,720
736696,6528
480,480
480,480
720,720
4179648,480
6883104,480
9513984,480
10282080,480
14110704,720
17727168,480
14334240,480
13390752,480
13366560,480
13390992,720
13348416,480
13384704,480
13390752,480
13366800,720
10268864,6528
9241824,480
8481504,6528
6169440,480
6181776,720
6169440,480
6157344,480
6193632,480
6163392,720
6181776,480
6163392,480
6181536,480
2590672,12576
720,720
1197984,480
3084960,480
3091008,480
3084960,720
3091248,480
3478080,480
4119168,480
4125216,480
4107312,720
3943216,6528
1028640,480
1034688,2564832
1022592,3084960
1034928,3091248
1367328,3084960
2056800,3091008
2056800,3084960
2063088,2579456
2141472,480
1972128,480
2056800,480
2062848,480
3647664,254736
4113120,950016
4119168,950016
4113120,950016
4113120,1591344
4131504,1790688
4113120,1790688
4113120,1796736
4119168,1790688
4113360,1784880
4639296,1796736
6169440,1790688
6193632,1796736
6169440,1790928
6175728,1796736
5771480,1790688
5141280,1790688
5141280,1790688
4616032,1803024
3592992,1784640
3549016,1796736
3351072,1796736
4113120,1790688
4119408,1796976
4113120,1784640
4113120,1796736
4119168,1790688
4131504,1796976
4107072,1790688
4113120,1784640
4119168,1790688
4119168,949456
4113360,841392
4113120,841152
4119168,847200
4113120,841152
4125216,847440
4119408,841152
4107072,841152
4119168,847200
3764064,847200
3218256,877680
2951904,810912
2566560,847200
1034688,841152
1028640,847200
1028880,841392
1028640,847200
1028640,841152
1028640,841152
1034688,847440
1022832,841152
1034688,847200
1034688,41176
1028640,480
1028880,720
1028640,480
1028640,480
1028640,480
1034688,480
1028880,720
766936,6528
871392,480
4125216,480
4748400,720
7215744,480
9386976,480
10898976,480
13402848,480
16959312,720
15985344,480
12906912,480
12332352,480
12368640,720
11433168,6528
8243904,480
8207616,480
8231808,480
8256240,720
8225760,480
8237856,480
8213664,480
3601288,6528
1390640,6768
480,480
480,480
480,480
720,720
480,480
480,480
480,480
480,480
720,720
480,480
480,12576
480,841152
480,847200
720,841392
30720,847200
3078912,841152
3091008,841152
3103344,847440
3919584,841152
3937728,847200
3992160,853248
3859104,829056
3931920,841392
3943776,847200
5988000,847200
5975904,3913536
5994048,3925872
5988240,3937728
5981952,3925632
5981952,3925632
5971584,3949824
2879568,3913776
2909568,3943776
2897472,3919584
2909568,2890864
2903520,2903520
3357360,2897712
3859104,3895392
3840960,4953792
3847008,5879136
3853296,5903568
3847008,5903328
4306656,5921472
4784448,5903328
4802592,5915424
4802832,5903568
5008224,6163392
4580544,5679552
3695808,5891232
4784448,5903328
4796784,5903568
4808640,4929040
4814688,3859104
4790496,3840960
4784448,3841200
4796784,3853056
4802592,3834912
5250144,3859104
5836800,2832672
5734912,1632040
4881216,950016
4875168,943968
4887264,950016
4869120,950016
3927080,956304
2818848,950016
2715472,950016
1881408,950016
1869552,950256
1869312,950016
1875360,950016
1869312,943968
1881408,956064
1863504,944208
1869312,950016
1881408,950016
1869312,943968
1881408,956304
1863504,943968
1869312,950016
1869312,943968
1412992,956064
1034928,398248
1034688,480
1028640,480
1028640,480
1028640,720
1028880,480
1028640,480
1028640,480
1034688,480
1028640,720
1028880,480
1028640,480
1028640,480
1028640,480
1034928,720
549208,6528
1760448,480
4107072,480
4119168,720
5419728,480
8497920,480
10294176,480
12810144,480
17582256,720
15162816,480
10203456,480
9259968,480
9272064,480
9254160,720
9278112,480
9259968,480
9241824,480
9278352,720
9247872,480
9272064,480
9284160,480
7912992,6528
6175728,720
6169440,480
6181536,480
6169440,480
6181536,720
6169680,480
4850376,6528
3084960,480
3084960,480
3091248,720
3084960,480
2591792,6528
480,480
480,176112
720,992352
480,1669728
593184,2062848
950016,2056800
950016,2057040
950256,2062848
943968,2050752
950016,2068896
950016,2050752
950256,2063088
1530624,2056800
1899552,2056800
3163584,2062848
3943776,2056800
3962160,2063088
3955872,2056800
3955872,2056800
3955872,2056800
3962160,2063088
3949824,2062848
3955872,3296640
3955872,4119168
3949824,4113120
3962160,4119408
3949824,4113120
3955872,4113120
2685232,4131264
1899552,4113360
1899792,4221984
1893504,5141280
1905600,3891632
1893504,3084960
1663360,3091248
950016,2711192
950016,5141280
950016,5159424
950016,5135232
950256,5153616
1197984,5141280
4040544,5141280
4209888,5371104
3865152,4917504
4040784,5159664
4022400,5141280
1730896,3836120
950016,2056800
950256,2057040
950016,2056800
943968,2056800
950016,2068896
950016,2056800
956304,1903120
950016,1028640
943968,1028640
950016,1028640
950016,1028880
950256,1034688
943968,1022592
950016,1034688
950016,1028640
956304,927272
950016,480
943968,480
950016,480
950016,720
950256,480
747712,6528
480,480
480,480
720,720
480,480
480,480
480,480
480,2589024
720,5456016
480,8600736
480,9253920
480,13922976
480,18507600
720,13590336
480,12356544
480,12332352
480,12350496
720,12368880
480,12320256
480,12374688
480,12338400
480,12362592
720,12332592
480,12338400
480,12362592
480,12344448
480,12362832
6768,10877552
6528,5663656
6528,901032
480,480
720,647856
480,841152
647616,847200
841152,841152
841152,841152
847440,847440
853248,1131456
835104,1857216
841152,1869312
841152,1869552
847440,1875360
841152,1869312
847200,2093088
841152,2709984
841392,2728368
841152,2709984
847200,2709984
841152,2709984
847200,2722320
841392,2709984
841152,2709984
859296,2764416
835104,4700464
847440,5552784
841152,5788416
847200,5818656
1064928,5794464
1790688,5794464
1796976,5812848
1790688,5794464
1790688,5806560
1790688,5806560
1796736,5184304
1796976,4966128
1796736,4451248
1790688,2835352
2486208,1028640
2740464,1028880
2740224,1028640
2746272,1034688
2740224,1028640
2728128,1028640
2746512,1028880
2740224,1028640
2746272,1028640
2740224,1264512
2728368,2050992
2746272,2062848
2740224,2056800
2740224,2056800
2746272,2056800
2740464,1288384
2740224,1034688
2740224,1028640
2746272,1246368
2740224,2057040
2740464,2062848
2740224,2056800
2734176,2056800
2746272,2062848
2740464,2057040
2734176,2056800
2740224,2056800
2740224,2056800
2746272,2069136
2483728,1829264
1560304,1034688
943968,1028640
950016,1028640
950256,1028880
143992,1034688
480,1028640
480,1034688
480,1028640
720,1028880
480,1028640
480,1028640
480,1028640
480,1034688
720,1028880
480,1028640
480,1028640
480,1028640
720,1028880
480,1028640
480,1028640
480,1034688
480,1028640
720,1028880
480,1028640
480,1028640
480,1028640
480,1028880
720,1034688
480,1022592
480,1034688
480,1028640
720,1028880
480,1028640
480,1028640
480,1034688
480,1022832
720,1034688
480,1028640
480,1028640
480,1028640
6768,796336
480,480
480,480
480,3490176
480,5685600
720,8238096
480,10294176
480,11310240
480,11334432
720,14642928
480,18452928
480,11576352
480,8830560
480,9272064
720,9248112
480,9253920
480,9278112
480,9259968
480,9266256
720,9253920
6528,8705280
480,6163392
480,6181536
720,6181776
480,6169440
480,6181536
480,6163392
6528,5113288
720,3085200
480,3084960
480,3091008
480,3084960
480,3091248
720,3084960
480,3084960
480,3091008
6528,1527344
720,720
480,1464096
480,4094976
480,4119168
480,4113360
720,4119168
480,4113120
2897472,4125216
4113120,4107072
4119408,4119408
4113120,4119168
5104992,4113120
5686288,4131264
4107072,4107312
4125456,4125216
4107072,4113120
4119168,4113120
5074752,4307344
4693728,2465584
4960080,480
4959840,480
4965888,937920
4947744,3078912
4972176,3097296
4953792,3084960
4959840,3084960
4965888,3091008
4959840,3084960
4966128,1121888
1890784,6528
1869312,480
1875360,480
1869312,720
1869552,480
1875360,480
1875360,480
1869312,480
1875600,720
1869312,480
1875360,480
1875360,480
1863264,480
1881648,720
1869312,480
1869312,480
1875360,480
1869312,720
1875600,480
1869312,480
1881408,480
1869312,480
1869552,720
1875360,480
1869312,480
1869312,480
1875360,480
1875600,720
1869312,480
1875360,480
1515808,6528
841152,720
847440,480
841152,480
847200,480
841152,480
839752,720
6528,6528
480,480
480,480
480,480
720,720
480,2093088
480,6175488
480,6169440
480,6435792
720,9580512
480,13408896
480,13348416
480,16366368
720,12719664
480,11310240
480,11352576
480,11286048
480,11334432
720,11310480
480,11310240
480,11328384
480,11310240
480,11340720
720,11292096
6528,10002752
480,8225760
480,8225760
720,8244144
6528,5240816
480,3091008
480,3084960
480,3091008
6768,2812440
480,480
480,480
1004448,480
1028640,720
1028880,480
1028640,480
1077024,480
986304,480
1028640,720
1028880,480
1028640,714144
1258464,943968
1978176,950016
1984464,950256
1978176,950016
1978176,950016
1972128,943968
1978176,950016
1978416,950256
1978176,950016
1984224,2468064
1972128,3000288
1978416,3006576
1978176,3006336
1978176,3012384
1984224,3006336
4228032,3000288
5068944,3012624
5056608,3006336
5068704,3012384
5068704,3006336
5135232,3048912
4799072,2970048
2431776,3000288
3479288,3024480
5062656,3000288
6199920,3012624
8056416,3000288
8080608,3012384
8074560,3006336
8068512,3006336
8080848,3012624
8062464,3006336
7611152,4469952
5120064,5674712
1887456,7179456
1905840,5652880
1893504,5147328
1899552,5153376
1893504,5141280
1984224,5601168
1815120,5818656
1899552,6695616
1555504,6931488
943968,6931488
137944,6955920
720,6931488
6528,5479408
480,4869120
480,4881216
6768,4290480
480,1760448
480,1796736
480,1784640
480,1790928
720,1796736
480,1839072
480,1742304
480,1790688
720,1790928
480,1790688
480,1796736
480,1790688
480,1790688
720,1803024
480,1784640
480,1790688
480,1790688
480,1796976
720,1784640
480,1790688
480,1796736
480,1790688
720,1796976
480,1784640
480,1790688
480,1796736
480,1790688
720,1790928
480,1790688
480,1790688
480,1790688
480,1796976
720,1784640
480,1796736
480,1790688
480,1790688
480,1796976
720,1790688
480,1790688
480,1790688
480,1790688
480,1796976
720,1790688
480,1833024
480,1748352
480,1790688
6768,1044304
480,841152
480,841152
6528,746112
480,720
720,480
480,480
480,480
480,480
720,720
480,2976096
480,4119168
480,6302496
480,7185504
720,7215984
480,10372800
480,15453120
480,8848704
480,7784496
720,10306272
480,10282080
480,10306272
480,10276032
720,10548432
6528,7021088
480,6163392
480,6181536
480,6169440
720,6181776
480,6157344
480,6181536
480,6181536
480,6169680
720,6453696
480,5891232
480,6175488
480,6163392
720,6175728
480,6181536
480,6169440
6528,3516616
6528,2966768
720,720
480,6528
480,841152
480,847200
514800,841392
1500384,841152
1996320,853248
1966080,841152
1978176,841152
1972368,841392
1990272,847200
5020320,841152
5092896,847200
5062656,841152
5050800,841392
5056608,841152
5062656,841152
5068704,2873280
5062656,2897712
5081040,2909568
3011824,2903520
1990272,2498992
1978176,3036576
1978416,4119408
1978176,4119168
2976096,4125216
3012384,4113120
3006336,4119168
3006576,4566960
3000288,5050560
3006336,5062656
3024480,5086848
3006576,4067264
3006336,3006336
3006336,3006336
3000288,3000288
3006336,3006336
3006576,3006576
3145440,3145440
2867232,2867232
3006336,3006336
3012384,969888
3012624,950256
3000288,943968
3006336,950016
3012384,950016
3006576,950256
3006336,950016
2901880,956064
2062848,950016
2062848,214448
2057040,720
1526304,6528
1028640,480
1034688,480
1028880,720
1028640,480
1028640,480
1028640,480
1034688,480
1022832,720
1034688,480
1028640,480
1028640,480
1028640,720
17224,6528
480,480
480,1839072
480,4125216
720,4119408
480,5498112
480,7197600
480,8570496
480,10288128
720,14237712
480,15447072
480,11473536
480,12634752
720,13403088
480,13366560
480,14013696
480,12725472
480,13402848
720,13366800
480,13378656
480,13372608
480,13384704
6528,11476304
6768,7882992
480,6181536
480,6169440
480,6169440
720,6181776
480,6169440
6528,4783848
6528,2775392
480,480
242640,720
3084960,480
3091008,480
3091008,480
3085200,720
3084960,224256
3091008,3091008
3078912,3078912
3084960,3084960
3097296,3097296
3078912,3078912
3091008,3091008
3677664,3091008
4119168,3091248
4113360,3084960
4113120,3084960
3860832,3097056
1028640,3084960
1028880,3091248
1028640,3078912
1034688,3091008
1155648,2850816
3078912,480
3091248,720
3084960,480
3091008,480
3084960,480
3218256,720
2964000,526656
3605088,943968
4040544,956064
4324800,1016544
3762336,883488
4058928,950256
4028448,950016
3888784,950016
1978176,950016
1984224,2093088
1978176,2994480
1972368,3006336
1984224,3012664
1972128,2994240
1978176,3012384
1978176,3006336
2008656,3000528
2939808,3018432
2921664,3000288
2933760,3018432
2921664,2994240
2934000,3018672
2933760,2186096
2915616,2056800
3954232,2068896
4977984,2056800
4990320,2063088
4984032,2056800
4996128,2062848
4971936,2050752
4984032,2062848
4984032,2056800
4984272,2057040
4996128,909408
4959840,441984
4990080,847200
4990080,841152
4978224,847440
4977984,841152
4984032,841152
5219904,883488
4146688,1343136
1905600,1881408
1893744,1869552
1893504,1869312
1899552,1875360
1893504,1869312
1905600,1881408
1887456,1863504
1899792,1875360
1899552,1875360
1893504,1869312
1905600,1881408
1887456,1863264
1899792,1869552
1899552,1869312
1893504,1875360
1763776,1893504
937920,1851168
950256,1881648
331480,1875360
480,1875360
480,1875360
480,1875360
720,1869552
480,1875360
480,1869312
480,1881408
480,1857216
480,1881408
720,1875600
480,1857216
480,1881408
480,1869312
480,1875360
720,1869552
480,1869312
480,1875360
480,1869312
480,1869312
720,1881648
480,1875360
480,1875360
6528,1311256
480,980256
480,1034688
720,1028880
480,1028640
480,1028640
6528,480000
480,480
480,3036816
720,4584864
480,11219520
480,11304192
480,13257696
480,18458976
720,13300272
480,11310240
480,11304192
480,11334432
480,11310240
6768,9352656
480,6157344
480,6181536
480,6175488
480,6163392
480,6199920
720,6169440
480,6157344
480,6175488
480,6169440
6528,4139560
720,3085200
480,3072864
480,3091008
6528,1584456
480,480
1312896,720
3091248,480
3091008,480
3078912,480
3103104,480
3078912,593184
3103344,1034928
3072864,1022592
3145440,1028640
4125216,1077024
3744192,1270560
3931680,1875360
3931920,1869552
3937728,1881408
4215936,1869312
15246208,7041792
1113552,2903760
1107264,3822816
847440,2903760
3879668,13381076
1107504,5171760
847200,3925632
841152,3919584
847200,3949824
3078912,3913776
3931920,3925632
3931680,3943776
3931680,3925632
3931680,3925632
2710672,3937728
847440,3925872
847200,3661808
841152,2903520
1458048,2909568
1681824,2897472
1700208,2547616
1681824,1875360
1693920,1747792
1681824,1028640
1681824,1028640
1689320,1034928
853248,1028640
841152,1240320
841152,1972128
847200,1978176
847200,1984224
835344,1966320
859296,2014464
841152,1972128
835104,1960032
847200,1382752
841152,943968
871632,1174032
804864,1718112
847200,1790688
841152,1796736
1427808,1790928
1682064,1784640
1681824,1796736
1693920,1790688
1681824,1796736
1694160,1790928
1681824,1784640
1681824,1796736
1693920,1790688
1681824,1790688
1682064,1796976
1693920,1784640
1681824,1802784
1687872,1784640
1687872,1790928
1682064,1796736
1681824,1784640
1693920,1796736
1681824,1790688
1694160,1790928
1681824,1796736
1681824,1784640
1693920,1790688
1681824,1796976
1688112,1790688
1687872,1796736
930232,1790688
847480,1790688
841392,1790928
841152,1796736
853248,1020952
841152,847200
847200,841152
841392,841392
841152,847200
853248,727448
841152,480
841392,720
847200,480
877440,480
804864,480
847200,480
841392,720
847200,480
841152,480
841152,480
847200,720
841392,480
847200,480
841152,480
841152,480
847440,720
841152,480
847200,480
841152,480
841152,480
847440,720
841152,480
752160,6528
480,480
720,720
480,480
480,480
480,480
480,2201952
720,3091248
480,3738144
480,6157344
480,6181536
720,8346960
480,9272064
480,10306272
480,15211200
480,11630784
720,10276272
480,10300224
480,10312320
480,10263936
480,10300464
720,10282080
6528,8064192
480,7203648
480,7209696
720,7197840
480,7493952
480,6901248
480,7221792
480,7191552
720,7191792
480,7203648
6528,6392616
480,3084960
480,3091248
720,3084960
480,3084960
6528,2948624
480,480
720,12816
480,847200
480,1681824
480,1681824
480,1694160
720,1693920
480,2631360
480,2631360
480,2625312
720,2643696
480,2631360
480,2631360
480,2643456
480,2631360
720,2643696
480,2625312
1506432,3659520
3084960,3665568
3091248,3659760
3091008,3677664
3091008,3248944
3084960,2824896
3084960,2818848
3091248,2819088
3091008,2824896
3078912,2812800
3097056,2778800
552296,2639936
480,1984224
480,1978176
480,2056800
480,1893504
720,1978416
480,1978176
2002368,1984224
2056800,1974416
2062848,950016
2063088,950256
2056800,950016
2056800,950016
2062848,950016
2056800,943968
2057040,950256
2056800,1784640
2068896,1899552
2050752,1899552
2825136,1899792
4125216,1899552
4113120,1887456
4125216,1899552
4101024,1899552
4506480,1899792
5141280,1899552
5141280,1887456
5165472,1899552
5129424,1899792
5159424,1899552
5141280,1899552
3122976,1893504
3097056,1911648
3073104,1887696
3091008,2201952
3084960,2746272
3091008,2728128
3091008,2746512
3085200,2740224
3091008,2740224
2698576,2740224
2062848,2740224
2057040,2740464
1272288,2752320
1077024,2740224
3084960,2728128
3218016,2867472
2964240,2619264
3084960,2746272
3084960,2740224
3091008,2740224
982544,2349072
720,1790688
480,4391328
480,4869120
480,4887264
720,4869360
480,4875168
480,5740032
480,5909376
480,5909616
720,5903328
480,5915424
480,5903328
480,8449536
720,9012240
6528,7401592
480,5921472
480,5897280
480,5903328
720,5921712
480,5897280
6528,5471200
480,4947744
12576,3607224
720,847200
480,841152
480,847200
480,841152
720,841392
480,847200
480,841152
480,847200
6528,380104
720,480
480,480
480,480
480,369408
720,4984272
480,6435552
480,6369024
480,10306272
480,10300464
720,10838496
480,15422880
480,9247872
480,8564448
720,11316528
480,11322336
480,11310240
480,11310240
480,11334432
720,11328624
480,11316288
480,11310240
480,11316288
720,11304432
480,11328384
6528,7662696
480,6169440
480,6181536
720,6163632
480,6181536
480,6169440
480,6169440
6528,3227072
720,3078912
480,3097056
6528,698248
480,480
629712,720
847200,480
841152,480
847200,480
1548768,480
1784880,720
1796736,480
1790688,480
1790688,480
1796976,720
1784640,480
2038656,480
2824896,480
2818848,480
2940048,720
2697888,480
2824896,480
2818848,480
2818848,720
2825136,480
2818848,480
2462704,623424
1869312,841152
1869552,1307088
1875360,2897472
1869312,2897472
1875360,2909568
2322912,2897472
3925872,2897712
3925632,2903520
3937728,2903520
3925632,2897472
3931680,2903760
3937968,2903520
3913536,2891424
4161504,2909568
4953792,2897472
4972176,2443552
4947744,841152
4711312,847200
4355040,678544
5988000,720
5988240,480
5988000,480
5981952,480
6000096,480
5982192,720
5988000,480
5988000,480
5994048,599232
5566928,3084960
3931920,3091248
3931680,3084960
3463264,3091008
1875360,3091008
1869552,3085200
1869312,3084960
1953984,3218016
2028288,2970048
3084960,3084960
3085200,3085200
3091008,3091008
3084960,3659520
3097056,3937728
3084960,3919824
3091248,3328608
3254304,841152
4028448,841152
4040544,847200
4028688,841392
4046592,847200
4034496,841152
4034496,841152
4034496,847200
4034736,841392
4034496,847200
4034496,841152
4034496,841152
4046832,847440
4028448,841152
4034496,847200
4040544,841152
4034496,841152
4034736,847440
3638656,847200
1978176,841152
1978176,847200
1751680,847440
944208,841152
950016,847200
950016,841152
950016,847200
950256,841392
943968,841152
950016,847200
950016,841152
950016,841392
950256,847200
943968,841152
950016,847200
950016,841152
956304,316424
950016,480
950016,480
943968,480
950016,480
950256,720
950016,480
943968,480
950016,480
950016,720
950256,480
950016,480
943968,480
950016,480
950256,720
950016,480
950016,480
950016,480
943968,720
950256,480
950016,480
950016,480
221536,6528
720,720
480,480
480,480
480,480
1476192,480
3085200,720
3091008,480
5032416,480
8655168,480
10306512,720
14582208,480
15459168,480
14709216,480
11963424,480
11316528,720
11280000,480
11328384,480
11346528,480
11280000,720
11292336,480
11298144,480
8357696,6528
5939616,480
6157344,720
6181776,480
6169440,480
6181536,480
6169440,480
4675224,6768
2645704,6528
480,480
480,480
480,480
720,720
480,480
480,480
480,480
480,720
720,480
480,480
242400,480
2056800,480
2057040,720
2062848,480
2056800,480
2056800,480
2062848,720
2050992,480
1821616,635520
480,1028640
480,1028640
720,1028880
480,1028640
480,1028640
480,1609248
480,1972128
720,1978416
480,1978176
480,1978176
480,1972128
720,1984464
480,1972128
480,1984224
1306848,2056800
1972128,1893504
2063088,1984464
2056800,1972128
2056800,1978176
2056800,1978176
2056800,2534592
2063088,2927952
835792,2933760
480,2927712
480,2921664
480,2927952
720,2921664
480,4125216
480,4984032
480,4977984
720,4990320
480,4977984
480,5576736
480,6024288
480,6006384
720,6018240
480,6000096
480,6024288
480,6000096
73296,5381800
950016,4990080
950016,5509648
950016,6018240
950016,6012432
950256,6012192
943968,6018240
956064,5305264
950016,2927712
956304,2720680
2655552,1984224
4028448,1972128
4040544,1984224
4034496,1381712
4040784,950256
4191744,950016
7100832,116600
7125024,480
7125264,720
6598288,6528
3871200,480
4034496,480
4040544,480
4040784,37008
4034496,1028640
4034496,1028640
4040544,1034688
4028448,1028880
4034736,1028640
4040544,1028640
4034496,1028640
3897120,1070976
944208,1857456
950016,1881408
950016,1869312
950016,1869312
950016,1875600
944208,1869312
950016,1881408
950016,1863264
950016,1869312
950256,1881648
943968,1869312
950016,1875360
307288,1875360
480,1869312
720,1875600
480,1869312
480,1875360
480,1875360
720,1869552
480,1869312
480,1875360
480,1869312
480,1875360
720,1875600
480,1869312
480,1875360
480,1869312
480,1869552
720,1875360
480,1869312
480,1947936
480,1802784
720,1869552
480,1875360
480,1869312
480,1869312
480,1875360
720,1875600
480,1863264
6528,1828704
480,841152
480,847440
720,841152
480,841152
480,847200
480,841152
720,847440
480,841152
480,841152
480,847200
480,841392
720,847200
480,841152
480,841152
480,847200
720,841392
480,847200
480,841152
6528,461856
480,720
720,480
480,480
480,1814880
480,3363168
480,9151344
720,11340480
480,11316288
480,13094400
480,14412864
720,16747632
480,14158848
480,13414944
480,13348416
480,13390992
720,13366560
480,13941120
480,12792000
480,13390752
480,13409136
720,13354464
480,13384704
480,13354464
480,13378656
6768,11602512
480,10276032
6528,7925608
480,6169440
6528,5890632
720,3085200
6528,208880
480,480
480,835104
480,895584
480,1210320
2492496,1796736
3084960,1790688
3127296,1814880
3048672,1766496
3084960,1790928
3345264,1796736
3931680,1790688
3925632,1784640
3949824,1802784
3913536,1784640
3950064,1803024
3925632,1784640
3925632,1790688
2454328,1802784
841152,1784640
1155648,1803024
1863504,1784640
1875360,1796736
1863264,1778592
1887456,1132144
1869552,950256
1863264,950016
1881408,950016
1869312,943968
1960032,992352
1784640,1488288
1869552,3006576
1881408,3012384
1869312,3000288
1869312,3006336
1875360,3006336
2667888,3012624
2915616,3012384
2897472,3006336
2903520,3012384
2897472,3000288
2909568,3012624
3544848,3000288
4385280,3000288
4499632,2431216
3738144,537112
3744192,720
3738384,480
3441232,6528
2709984,480
2716032,480
2716032,480
2710224,720
2728128,720192
2709984,943968
2709984,950016
2722080,950016
2709984,950256
2710224,950016
2722080,943968
3496224,956064
5794464,943968
7131760,956304
7022448,950016
7022208,950016
7028256,2474112
7010112,3006336
5210096,3006336
3931920,3012624
3925632,3006336
3925632,2994240
3925632,3006336
4125216,3157536
3738144,2861184
3925872,3000528
3937728,3012384
3925632,3006336
3949824,3024480
3919584,2994240
3944016,3012624
3925632,3006336
3322040,3006336
3084960,3006336
3084960,3012384
2276256,3012384
2057040,3006576
510240,3006336
480,3006336
480,3012384
480,2994240
480,3006576
6768,1479520
480,950016
480,943968
480,950016
480,950016
720,950256
480,950016
480,943968
480,956064
480,943968
720,950256
480,943968
480,956064
480,943968
480,950016
480,950016
720,950256
480,950016
6528,614656
480,480
480,480
720,720
480,480
480,480
206112,480
5219904,480
8310432,720
8316720,480
11328384,480
11346528,480
11419104,480
14406816,480
14600592,720
18422688,480
12356544,480
10288128,480
10282080,480
10276272,720
10263936,480
10300224,480
10282080,480
10306272,480
10276032,720
10241712,6528
7155264,480
7185504,480
7227840,480
7185504,480
7228080,720
7057896,6528
4094976,480
4119168,480
3982832,6528
720,720
480,36768
480,3078912
480,3072864
480,3091008
720,3097296
480,3078912
480,3091008
480,3078912
480,3121248
480,4010304
720,4040784
480,4046592
472224,4034496
1022592,4348992
889536,1625752
956064,956064
944208,944208
937920,943968
943968,937920
943968,950016
950016,1960032
950256,1972368
950016,1978176
950016,1978176
943968,1984224
950016,1978176
950256,2794896
950016,2824896
1766496,2818848
1796736,2824896
1784640,2825136
1796976,2812800
1790688,2818848
1784640,2824896
1796736,2818848
2583216,2825136
2746272,2824896
2734176,2812800
2740224,2824896
2746272,2819088
2734416,2818848
2746272,2824896
2734176,2812800
2740224,2830944
2746272,3151488
2734416,3847248
2746272,3859104
2359888,3847008
2746272,3853056
2927712,3847248
2927952,3853056
2921664,3853056
2474800,3859104
1978176,3847008
1978416,3847248
2818848,3847008
3000288,3853056
3139392,4016352
2879328,3689760
3006576,3847248
3000288,3847008
3012384,2971776
3012384,2897472
3006336,2903760
2609136,2909568
2056800,2897472
2056800,2909568
2056800,2897472
2056800,2897712
2063088,2903520
2056800,2897472
2062848,2900800
2062848,1875360
2057040,1875600
2062848,1734616
2056800,1028640
2062848,1028640
2056800,1028880
2063088,1028640
2056800,1028640
2056800,1028640
2056800,1034688
2057040,1028880
1215568,1034688
1034688,682264
1034688,480
1028640,480
1028880,720
1028640,480
1028640,480
1028640,480
1028880,720
1034688,480
1028640,480
1028640,480
1028640,480
171792,6768
480,480
2413632,480
3091008,480
3084960,720
7088976,480
11485632,480
14388672,480
14424960,480
15513840,720
11642880,480
10300224,480
10276032,480
10300224,480
10294416,720
10294176,480
10282080,480
10288128,480
10294176,720
10288368,480
10294176,480
10269984,480
7876704,6528
6095984,6768
3078912,480
3097056,480
640968,6528
480,480
720,720
480,480
480,2449920
480,3078912
480,3091248
720,3091008
480,3078912
480,3091008
6528,2657840
720,720
480,480
480,480
480,2437824
480,3091248
720,3084960
480,3084960
810912,3091008
1028640,3091008
1301040,2700416
2056800,480
1893504,480
1978176,480
1984224,480
1978416,720
1978176,480
1978176,480
1972128,480
1978176,720
1978416,835104
1978176,3078912
2534592,3097056
4028448,3084960
3224752,3091248
3012624,3091008
3000288,3084960
3012384,3091008
2130064,3091008
2057040,3091248
1513168,3091008
480,3084960
480,3357120
480,4113120
6768,1214728
480,1028640
480,3592992
254496,5062656
1028880,5068944
1028640,5062656
1028640,5056608
1034688,5068704
1034688,4798832
1028880,1984464
1028640,1978176
2546688,1972128
3091008,1984224
3079152,1972368
3097056,1984224
3326880,1978176
4119168,1978176
4113120,1978176
4113360,1972368
3865840,2201952
3078912,2921664
3224064,3054720
2964000,2806752
3085200,2921904
3084960,2927712
3084960,2927712
3084960,2921664
3085200,2921904
5316672,2933760
6163392,2921664
6175488,2933760
4649752,2927712
4107312,2921904
2934448,2933760
1028640,2927712
789008,2939808
720,2915856
480,2933760
6528,2641816
480,1899552
480,1893504
720,1893744
480,1899552
480,1899552
480,1899552
480,1893744
6768,1081432
480,950016
480,950016
480,950016
6768,139264
480,480
480,480
480,480
1772544,480
6544656,720
9266016,480
10300224,480
12356544,480
15894624,720
10264176,480
8225760,480
8237856,480
8225760,480
8594928,720
7868928,480
8243904,480
8225760,480
8225760,480
8244144,720
6420176,6528
3084960,480
3084960,480
3091008,480
3085200,720
534432,6528
480,480
480,480
720,720
480,480
480,480
480,480
480,480
720,315216
480,1028640
480,1028640
480,1028640
480,1028880
720,1028640
480,1028640
480,1034688
480,1028640
720,1307088
480,1978176
480,1978176
480,1984224
480,2268720
720,3006336
480,3012384
480,3006336
480,3750240
720,3956112
480,3955872
480,3943776
480,3967968
480,3956112
720,3955872
480,4113120
647616,3786528
847200,3967968
841392,3950064
841152,3961920
847200,4197792
841152,4905408
847200,4905408
841392,4899600
841152,4899360
847200,4899360
841152,4917504
841152,4899600
847440,4905408
1361280,4899360
2903520,5135232
2903520,5854944
2897712,5855184
2903520,5860992
3169632,5891232
3828864,5818656
3859104,5867280
3841200,5842848
3847008,5854944
3865152,5524032
3847008,4814688
3847248,4827024
3853056,4743320
3853056,3883296
3853056,4578816
3847008,4820976
3853296,4820736
3847008,4826784
3853056,4832832
3840960,4802592
3865392,4839120
3847008,3967408
3865152,4836288
3847008,3949824
3847008,3955872
4794064,3968208
3847008,3949824
3853056,3955872
3840960,3949824
4010544,4125456
4143360,2293360
5903328,1893504
5915424,1899552
5903328,1893504
5915664,1899792
5909376,1899552
5903328,1899552
5903328,1893504
5915424,1893504
4409152,1905840
3847008,2099136
3853056,2836992
3853056,2849088
3840960,2843280
3865392,2030968
3840960,1893504
3859104,1905600
3840960,1887456
3035176,1905840
2640736,1905600
2056800,2486208
2056800,2740224
2062848,2734416
2057040,2746272
2062848,2740224
2050752,2740224
1600480,2752320
720,2728368
480,2740224
480,2746272
480,2740224
480,2746512
720,2728128
480,2740224
480,2746272
480,2740224
6768,2095056
480,1796736
480,1790688
480,1796736
480,1790688
720,1790928
480,1863264
480,1718112
6528,1551056
6528,479720
720,480
480,480
480,480
480,480
823248,720
4173600,480
7209696,480
7203648,480
11116704,480
13136976,720
15453120,480
11304192,480
12604512,480
13390992,720
13354464,480
13378656,480
13463328,480
13293984,480
13403088,720
13360512,480
13390752,480
12243880,6528
9272064,720
9254160,480
9247872,480
8463360,6528
6169440,480
6181776,720
5316072,6528
3084960,480
2823776,6528
480,720
720,85152
480,1270560
480,4125216
480,4143360
720,4083120
480,4119168
480,4113120
480,4288512
611328,2675984
1790928,1028880
1784640,1022592
1796736,1167744
1790688,3084960
1796736,3085200
1790928,3091008
1796736,3084960
2365248,3000976
2818848,2056800
2819088,2057040
3980064,1930480
4863072,480
4887264,480
4869120,480
4881456,720
4881216,480
4869120,480
4893312,42816
4875408,950256
4881216,950016
4881216,950016
4875168,950016
4881216,992352
4887504,1978416
3725488,1978176
2812800,1978176
2824896,1972128
2819088,1984464
2824896,1978176
2818848,1978176
2818848,1978176
2824896,1978176
2813040,1972368
2830944,1978176
2818848,1984224
2818848,1978176
2824896,1978416
2879568,2020512
2806752,1966080
2800704,1966080
2812800,1966080
2825136,1984464
2800704,1966080
2933760,2056800
2703936,1893504
2824896,1978176
2806992,1978416
2830944,1984224
2611576,1342576
1978176,1022592
1978176,1034688
1496304,1034928
1028640,1028640
1028640,1028640
1034688,981464
443712,6768
720,480
480,480
480,85152
480,6701664
720,9786384
480,11316288
480,11376768
480,14358432
480,14473584
720,18446880
480,14358432
480,13390752
480,13366560
720,13372848
480,13366560
480,13384704
480,13390752
480,13342368
720,13397040
480,13366560
480,13372608
480,13384704
720,13410864
12576,7644032
480,7193800
6528,3097056
480,3084960
720,3085200
480,3091008
480,3084960
6528,462896
480,720
2631600,480
2957952,480
3097056,480
3078912,480
3091248,720
3091008,480
5570688,480
6181536,480
6157344,480
6181776,720
6181536,480
6169440,480
6181536,823008
6169680,1028880
6181536,1034688
6181536,1028640
6157344,1028640
4684960,1034688
3333168,1028880
2460376,1034688
847200,1028640
841152,1028640
847200,1034928
841392,1028640
841152,1028640
847200,1839072
841152,2056800
841392,2057040
847200,2056800
841152,2062848
847200,4463904
841152,5147568
841392,5141280
847200,5147328
841152,5141280
841152,5141280
847440,5165712
841152,5129184
1687872,5153376
4572768,3761776
4778400,2057040
4772592,2056800
4766304,2062848
5600928,2147520
6526272,1972128
6846816,2057040
6822864,2056800
6834720,2824896
6834720,5147328
6822624,5141280
6853104,5153616
7064544,5141280
7887072,5159424
7320848,5147328
4937376,5135472
2710224,5153376
2722080,5147328
3205920,4326008
4760256,4113120
4790736,4119408
4772352,3274176
4766304,3084960
4784448,3091008
4984032,2306496
5734224,720
5709792,480
5715840,480
5740032,212160
5716080,950256
5727936,950016
5715840,943968
5231440,956064
3665568,950016
3659760,950256
3665568,950016
3671616,943968
3653472,950016
4391328,950256
4700016,950016
4693728,950016
4687680,943968
4699776,950016
3983632,956304
3853056,950016
3847008,950016
3341264,950016
3030528,992592
2776752,907680
2909568,950016
2897472,950016
2903520,950016
2635768,950256
1869552,950016
1881408,950016
1863264,950016
1875360,950016
1875600,944208
1713792,956064
1028640,950016
1028640,950016
1034688,950256
1028880,943968
1034688,467384
1028640,480
1028640,480
1028880,720
1028640,480
1028640,480
1034688,480
1028640,720
1028880,480
1028640,480
1028640,480
1028640,480
1034928,720
1022592,480
1034688,480
1028640,480
1028640,720
1028880,480
1028640,480
1028640,480
1028640,480
1028880,720
1034688,480
280416,6528
480,480
480,480
2087280,720
5419488,480
6780288,480
11340480,480
14043936,720
15979536,480
12804096,480
11310240,480
11328384,480
11304432,720
11322336,480
11334432,480
11310240,480
11328384,480
11467728,720
11352576,480
9050016,6528
4239528,6528
3066816,480
3085200,720
3091008,480
3084960,480
3084960,480
3084960,720
1547888,6528
480,480
480,399648
480,847200
720,841392
480,847200
480,841152
480,841152
480,847200
720,841392
1693920,847200
2050752,841152
2062848,1149600
2057040,1790928
2056800,1784640
2062848,1796736
2087040,1820928
2032608,1766496
2050992,1790928
2062848,1790688
2141472,1863264
1972128,1718112
2062848,2050752
2057040,2643696
362800,2637408
480,2625312
480,3320832
720,3478320
480,3478080
480,3484128
480,3465984
480,3490176
284976,3472272
950016,3484128
950016,3496224
943968,3459936
950016,3478320
950256,3472032
950016,3484128
950016,3472032
943968,3478080
950256,3484368
950016,5903328
956064,5685040
950016,5606976
943968,5613264
950256,5625120
950016,5606976
950016,5631168
950016,5606976
956304,5863520
943968,6834720
950016,6822624
950016,6834720
950016,6834720
950256,6828912
943968,6822624
950016,6834720
956064,4665216
950256,4766544
956064,4200080
3314784,1949664
4046592,1875360
4028448,1869312
4034736,1869552
4209888,1960032
4645344,1790688
5074752,1875360
5062656,1869552
5062896,1869312
5056608,1875360
5068704,1450360
5074752,1028640
5062896,1270800
3718360,2758368
1972128,5062656
1978176,5068704
1978176,5062656
1978416,5056848
1984224,5074752
1972128,5062656
1978176,5068704
1978416,5056848
1978176,5062656
1756128,5074752
1028640,5068704
1034688,5068704
1022832,5050800
1034688,5074752
1028640,5062656
1040736,3989048
1028640,950256
1028880,950016
1028640,950016
241840,950016
480,950016
720,950256
480,950016
480,950016
480,950016
480,950256
720,943968
480,950016
480,950016
480,950016
720,950256
480,943968
480,950016
6528,437144
720,720
480,480
480,2310816
480,3091008
480,6907296
720,10548432
480,11310240
480,12060192
480,15368448
480,14400768
720,13409136
480,13354464
480,13372608
480,13390752
480,13372848
720,13366560
480,13366560
480,13390752
480,13366560
720,13384944
6528,13087232
480,10282080
480,10312320
480,10269984
720,10300464
480,10276032
480,10294176
480,10312320
6768,9281120
12576,1060528
480,480
480,1476192
480,2056800
720,2057040
480,2056800
480,2056800
480,2062848
480,2057040
720,2794656
480,3084960
480,3084960
480,3091008
720,3085200
480,3084960
480,3084960
480,3091008
480,3091008
720,3702096
480,6169440
480,6181536
480,6169440
6768,4904008
480,5135232
480,5153376
181920,5135232
950016,5153376
950256,5135472
950016,5147328
943968,5159424
950016,5135232
950016,5153616
950256,5788416
950016,6096864
950016,5457504
950016,3006336
950256,3018672
950016,2994240
2341056,3012384
3000288,3006336
3012384,3006576
3006576,3006336
3006336,3000288
2220784,3024480
2050752,3000288
2063088,3012624
2056800,3175680
2068896,4046592
2050752,4028448
2056800,4028448
2063088,4046832
2056800,4034496
659152,5407392
480,6090816
480,6085008
720,6102912
480,6096864
6528,5342592
480,5068704
720,5262480
6528,3502960
480,3000288
12576,2618312
480,950016
720,962352
480,937920
480,943968
480,950016
480,950256
720,950016
480,950016
480,943968
480,950016
720,950256
480,950016
480,950016
480,950016
480,950256
720,943968
480,950016
480,950016
480,950016
720,944208
480,950016
480,950016
480,950016
480,950016
720,944208
6528,687232
480,480
480,480
720,720
480,1433856
480,3097056
480,5455776
480,11419104
720,14757840
480,11606592
480,10300224
480,10294176
480,10276032
720,10306512
480,10282080
480,10300224
480,10276032
720,10300464
480,10294176
480,10282080
480,10312320
480,10276032
720,10288368
6528,7066792
480,6175488
480,6181536
720,6163632
480,6181536
6528,4705224
480,3084960
480,3091008
720,3079152
480,3091008
480,3091008
6528,2730896
480,720
79344,480
847200,480
841152,480
847200,480
841392,611568
841152,1028640
847200,1028640
841152,1028640
847200,1028880
841392,1028640
841152,1028640
847200,1113312
841152,2528544
847440,2927952
841152,2927712
841152,2927712
847200,2933760
841152,2909808
877680,3302688
810912,4766304
841152,4990080
841152,4971936
847200,4984272
841392,4990080
853248,4369424
1379424,3961920
1790688,3943776
1796976,3968208
1790688,4004256
1796736,4585552
1790688,3859104
1790688,3841200
1803024,3689200
1784640,1790688
1790688,1796736
1796736,1790688
1791208,1790928
1905600,1796736
3840960,1784640
3824024,1802784
2994240,1790688
3012624,1790928
3006336,1790688
3006336,1790688
3006336,1796736
3006576,1790928
3109152,1441112
5062656,841152
5098944,841152
5915424,847200
5885424,841392
5921472,847200
5903328,2486208
5927520,3383600
5927760,3085200
6744000,3084960
6762144,3091008
6737952,3084960
6768192,3091008
7276464,408224
7699024,6528
5703744,480
5727936,480
5592160,6768
3659760,480
3671616,480
3659520,480
3671616,480
3659760,720
3659520,480
3665568,480
3659520,480
3677664,480
3653712,720
3242896,6528
2824896,480
2818848,480
2355120,6768
1863264,480
1875360,480
1869312,480
1875360,480
1869552,720
1142992,6528
1028640,480
1028640,480
1034688,720
1028880,480
1028640,480
1028640,480
1028640,480
1028880,720
1028640,480
1028640,480
1034688,480
1028640,720
1028880,480
1028640,480
1028640,480
1028640,480
1028880,720
1034688,480
1028640,760
1028640,480
1028640,480
1028880,720
1070976,480
986304,480
1034688,480
1028640,720
1028880,480
475552,6528
480,1506432
480,3091008
720,5583024
480,8237856
480,8231808
480,13227456
480,18452928
720,12120912
480,10300224
480,10276032
480,10288128
720,10306512
480,10294176
480,10294176
480,10276032
480,10300224
720,10276272
980,10288628
480,10300224
480,10294176
480,10294416
6768,7235616
480,7209696
6528,5213256
480,3084960
720,3085200
480,3091008
6528,511280
480,480
2226144,480
3091248,720
3078912,480
3091008,480
3084960,480
3091248,720
2917904,6528
480,480
480,480
653664,480
3091248,720
3084960,480
3091008,480
3084960,480
3084960,480
3097296,720
3078912,480
3097056,480
4850976,480
4451488,6768
4119168,145632
4113120,841152
4125216,847200
4113120,1179840
4119408,2897712
4113120,2903520
4119168,2903520
4137312,2915616
4094976,2885616
4119408,2903520
4113120,2891424
4125216,2571568
4119168,1518528
4113360,1875600
4113120,1869312
4113120,1869312
4125216,1881408
4113120,1869312
4119408,1875600
4119168,1869312
4119168,1331728
4113120,1028640
3745920,2365488
2063088,3084960
650944,3091008
480,3091008
290784,3091008
2057040,3091248
2062848,3084960
2050752,3084960
2062848,3091008
2056800,3085200
2063088,2409872
2177760,2056800
2897472,2056800
2909568,2068896
2897712,713824
2903520,480
2903520,480
2897472,480
2909568,480
2897712,720
3544608,480
4306656,480
7010112,480
7022208,720
7010352,480
7022208,480
7022208,520608
7022208,841152
5302544,859296
1875600,841392
1869312,841152
1869312,847200
1875360,841152
1869552,841392
1875360,847200
1869312,841152
1875360,847200
1875360,841152
1869552,841392
1869312,847200
1875360,841152
1869312,841152
1869312,847440
1875600,841152
1875360,847200
1869312,841152
1875360,841152
1869552,847440
1875360,841152
1869312,841152
1875360,674096
1881408,480
1869552,720
1947936,480
1796736,480
1869312,480
1875360,480
1869552,720
1875360,480
1869312,480
1875360,480
1869552,720
1875360,480
1869312,480
1875360,480
1875360,480
1869552,720
1875360,480
1869312,480
1875360,480
1869312,720
1869552,480
1219456,6528
841152,480
847200,480
270160,6768
480,480
480,480
480,480
480,480
73296,720
3091008,480
3175680,480
8243904,480
8244144,720
10342560,480
12386784,480
12423072,480
15495456,480
11842704,720
10282080,480
10300224,480
10282080,480
10288128,720
10306512,480
10263936,480
10300224,480
8136768,6528
6466032,720
5879136,480
6193632,480
6169440,480
6163392,480
6187824,720
6066024,6528
3084960,480
3084960,480
3091248,720
3084960,480
3091008,480
3084960,480
3084960,480
3091248,720
3084960,480
3084960,480
2011184,6528
480,720
303120,480
950016,480
950016,480
950016,1058880
944208,1899792
950016,1899552
950016,1887456
950016,1899552
950016,1899792
950256,2183808
943968,2843040
950016,2843040
950016,2849088
950256,2843280
950016,2849088
943968,2849088
950016,2843040
950016,2843040
1228464,2843280
1899552,2849088
1887456,2849088
1899552,2849088
1899552,2843040
1899792,2837232
1972128,2957952
1820928,2161904
1905600,2709984
1893504,2909808
1899792,2933760
1899552,2927712
1887456,2927712
1899552,2927712
1899792,2921904
1899552,2933760
1899552,2921664
2112440,2933760
1972128,2927712
2202192,2921904
2830944,2927712
2818848,2921664
2818848,2933760
2818848,2915616
2819088,2934000
2824896,2927712
2818848,2921664
2824896,2927712
2813040,2921904
2824896,3720000
2818848,6006144
2824896,6012192
3060768,6024288
3756528,6000336
3780480,6030336
3219224,5139640
2830944,5068704
2812800,5068944
2819088,5068704
2830944,2207440
2824896,1162904
2849088,566272
4397616,720
4875168,480
4808640,480
4076272,6528
3859104,480
3841200,720
3847008,480
3847008,480
3013072,6528
3018432,480
2776752,720
2909568,480
2897472,480
2903520,480
1372816,6768
841392,480
847200,480
841152,480
847200,480
841392,720
841152,480
847200,480
841152,480
847200,720
841392,480
841152,480
847200,480
841152,480
841392,720
853248,480
835104,480
841152,480
847200,480
841392,720
847200,480
841152,480
262272,6528
720,720
480,480
480,480
480,480
2274528,480
3091248,720
3084960,480
6871008,480
8231808,480
8225760,720
10487952,480
11310240,480
11352576,480
13535904,480
14413104,720
17346144,480
13535904,480
11340480,480
11304192,480
11304432,720
11334432,480
11292096,480
11097440,6528
4430384,6768
3091248,480
3084960,480
3091008,480
3084960,480
3091248,720
836832,6528
480,480
480,480
480,480
720,720
480,480
671808,480
1542720,480
1784640,480
1796976,720
1790688,480
1790688,480
1796736,480
1784640,720
1796976,480
1790688,480
1790688,480
2383392,480
2625552,720
2643456,480
2631360,480
3314784,480
3816768,720
4615344,480
4621152,480
5286432,480
5637216,480
5625360,720
6199680,480
6477888,480
6502080,480
6750048,480
6653520,720
9737760,480
10578432,480
10620768,480
10584480,480
10596816,720
10620768,480
10584480,480
10620768,480
9378376,12816
8824752,480
10741728,480
11890848,480
11915040,480
11891088,720
11806864,6528
10574112,6528
7281712,6528
3952112,6768
3841200,1282656
3871200,3974016
3102544,5153376
2897472,5141280
2897712,5141520
2903520,5147328
2897472,5153376
2897472,5135232
2915616,5782368
2897712,6169680
2903520,6187584
2897472,6169440
2897472,6175488
2915856,6193872
2790336,4868560
2056800,4113120
2062848,4113120
2056800,4119168
2063088,3215536
2056800,1034688
2056800,1028640
2056800,1028640
1369056,1034928
1028880,1028640
1028640,1028640
1034688,1028640
1028640,1028640
1028640,1034928
1028880,1028640
1028640,1028640
1028640,1028640
1028640,1028640
1034928,1034928
1028640,1022592
874720,1040736
480,1028640
480,1028880
720,1028640
480,1028640
480,1028640
480,1028640
720,1034928
480,1028640
480,1028640
480,1028640
480,1028640
720,1028880
480,1028640
480,1034688
480,1028640
720,1028880
480,1028640
480,1028640
480,1028640
480,1028640
720,1034928
480,1028640
480,1028640
480,1028640
720,1028880
6528,384832
480,480
480,480
480,1772544
720,3085200
480,3091008
480,5419488
480,10124832
480,15132816
720,13929024
480,13390752
480,13366560
480,13366560
720,13397040
480,13366560
480,13390752
480,13366560
480,13390992
6768,11009568
480,9266016
480,9259968
480,9247872
720,9272304
480,9241824
6528,8494120
480,6181536
480,6169440
6768,3392528
480,3078912
480,3091008
480,3091008
720,3085200
6528,2884776
480,480
480,42816
480,1028640
720,1028880
480,1028640
480,1028640
480,1028640
480,1034928
1095408,1028640
2087040,1028640
3084960,1028640
3091008,1028640
3085200,1028880
3091008,1034688
3084960,1028640
3084960,1028640
1997008,1034928
1028880,1046784
1070976,2056800
986304,1899552
1028640,1978176
1034688,1984464
1028880,1972128
1089120,1990272
4094976,1966080
4107760,1996320
3067056,1966320
3091008,1984224
4657440,1972128
6175488,1978176
6175488,1978176
6163632,1978416
6181536,1978176
6181536,1924952
6175488,950016
3558992,956064
3091248,950256
984664,956064
472224,943968
950016,950016
950256,950256
950016,950016
950016,943968
943968,950016
950016,950016
1415952,950256
1899552,950016
1899552,943968
1899552,950016
2728128,950256
2734416,950016
2746272,950016
2734176,943968
2740224,950016
2746512,1960272
2740224,1984224
2734176,1972128
2746272,1978176
2740224,1978416
2740464,1978176
2740224,1978176
2734176,1978176
2619952,1990272
1784880,1972368
1790688,1978176
1796736,1978176
1790688,1978176
1796736,1978176
1790928,1972368
1784640,1978176
1796736,1984224
1790688,1978176
1796736,1978416
554584,1984224
6528,1394848
480,1028640
480,1028640
720,1034928
480,1022592
480,1034688
480,1028640
480,1028880
720,1028640
480,1028640
480,1028640
480,1028640
720,1034928
480,1028640
480,1028640
480,1028640
480,1028640
720,1034928
480,1022592
480,1034688
480,1028640
720,1028880
480,1028640
480,1028640
480,1028640
480,1034688
720,1040976
480,1016544
480,1028640
480,1028640
720,1028880
480,1025920
6528,6528
480,480
2927712,480
3084960,720
3091248,480
5413440,480
6961728,480
9253920,480
10512144,720
14424960,480
17442912,480
14558016,480
13402848,480
13378896,720
13396800,480
13348416,480
13384704,480
13390992,720
13372608,480
13384704,480
12458240,6528
10294176,480
9497808,6768
7197600,480
7209696,480
7203648,480
7209696,720
7191792,480
7215744,480
4838280,6528
1043504,6528
720,720
480,750432
480,1028640
480,1028640
480,1034688
720,1028880
480,1028640
480,1028640
480,1712064
720,4125456
480,4113120
480,4119168
480,4113120
480,4113120
266832,4288752
986304,3943776
1772544,4125216
2056800,4113120
2062848,1367008
2057040,1028640
2056800,3205920
2056800,4300608
2056800,4947744
2069136,4972176
2056800,4953792
2056800,4959840
2062848,4841168
2093088,1893744
2020752,1845120
2649504,1112752
2915616,841152
2897472,841152
2897712,847440
2903520,841152
2897472,841152
2903520,847200
2161904,847200
1869552,847440
1875360,841152
1869312,841152
1881408,847200
1875600,273568
1869312,480
1875360,480
1875360,480
1863264,480
1881648,720
1869312,480
1869312,480
1875360,480
1869312,720
1875600,480
1869312,480
1869312,480
1881408,480
1869552,720
1875360,480
1869312,480
1947936,480
1796736,480
1875600,720
1875360,480
1629120,6528
841152,480
847200,720
841392,480
841152,480
847200,480
298040,6528
720,720
480,480
480,480
480,480
480,641808
720,3078912
480,5981952
480,9368832
480,10276032
720,13886928
480,15410784
14640,13566144
480,13396800
480,13366800
720,13402848
480,13354464
480,14503584
480,13330512
720,13378656
480,13378656
480,13366560
480,13390752
720,13354704
480,13408896
480,13348416
480,13372608
6528,10133888
6768,6878784
12576,3866800
480,480
480,520608
889776,2057040
1947936,2141472
1796736,1978176
2080992,2056800
2709984,2062848
2722320,2057040
2709984,2062848
2716032,2050752
2722080,2062848
2709984,2057040
2722320,2056800
2709984,2062848
2709984,2056800
2728128,2153008
2710224,841392
2722080,841152
2716032,847200
2709984,841152
2722080,1065168
2710224,1790688
2722080,1784640
2709984,1796736
2709984,1790688
2728368,1796976
2709984,1790688
2722080,1784640
2709984,1796736
2709984,2238480
2722320,3847008
2716032,3859104
2722080,3847008
2709984,3847008
2710224,3853296
2722080,3847008
2219536,3859104
1869312,3840960
1887456,3031216
1869552,2903760
1875360,2897472
1869312,2909568
1869312,2897472
1875600,2897712
1869312,2903520
1875360,2903520
1953984,3030528
1790688,2770464
1875600,2903760
1869312,2903520
1881408,2903520
1863264,2891424
1875360,2909808
1875600,2903520
1594432,2903520
847200,2435104
847200,841152
841392,847440
841152,841152
847200,841152
841152,847200
847200,841392
841392,847200
841152,841152
280416,847200
480,847200
720,841392
480,847200
480,841152
480,841152
480,847200
720,841392
480,841152
480,847200
480,841152
720,847440
480,841152
480,841152
6528,608608
480,480
720,720
480,480
480,480
480,480
480,442224
720,3810720
480,8237856
480,8649120
480,11310240
720,13880880
480,13783872
480,17001408
480,14920896
480,10239984
720,9284160
480,9247872
480,9259968
480,9423264
720,9175536
480,9247872
480,9241824
480,9235776
480,9241824
720,9248112
480,9259968
480,9259968
6528,6746248
480,6169440
720,6181776
480,6169440
480,6169440
480,6187584
480,6163632
18864,4229792
6528,1618064
480,480
950016,480
2057040,720
2062848,480
2056800,480
2056800,480
2056800,480
2063088,720
2528544,480
3084960,480
3091008,480
3085200,720
3084960,480
3562752,480
4113120,480
4119168,480
4107312,720
4294560,480
3937728,460128
4131264,1028640
4113120,1028880
3150088,1034688
2056800,1034688
2855136,1028640
3091008,1028640
3085200,1028880
3091008,1028640
3084960,1028640
3084960,1028640
3091008,1034688
3085200,1028880
3097056,1028640
3078912,1028640
2621552,3393408
2063088,4125456
2050752,4107072
2062848,4125216
2056800,4796544
2056800,5074752
2057040,5056848
2062848,5062656
2062848,5074752
2056800,5062656
2057040,5746320
2056800,8141088
2062848,8165280
2050752,8135040
2062848,8153184
2661840,8165520
2909568,5772000
2897472,5056608
2903520,5062656
2897472,5068944
2909808,5068704
2897472,5056608
2897472,5074752
2903520,5056608
2909808,2327560
2897472,1978176
2903520,1978176
2489536,2062848
1790688,1893504
1881648,1984464
1057240,1978176
847200,1984224
841152,1972128
841152,1978416
690880,1984224
480,1978176
480,1978176
6528,1497664
720,950256
480,950016
480,950016
480,950016
480,944208
720,950016
480,950016
480,950016
480,950016
720,944208
480,950016
480,950016
480,950016
480,950016
720,944208
480,950016
480,950016
480,950016
6768,322992
480,480
480,480
480,480
480,357312
720,5147568
480,5147328
480,5413440
480,9253920
720,9272304
480,9465600
480,12338400
480,14049984
480,15640608
720,13251888
480,9828480
480,10306272
480,10276032
480,10306272
720,10264176
480,10288128
480,10312320
480,10282080
6528,10006360
720,6266208
480,6084768
480,6205728
480,6187584
6528,4417248
6528,1825856
480,480
720,720
480,480
480,480
