00:00:00:00:00:03,00:00:00:00:00:05,00:00:00:00:00:08,00:00:00:00:00:01,00:00:00:00:00:07,00:00:00:00:00:02,00:00:00:00:00:04,00:00:00:00:00:06
1362816.0,,,,,,,
2072448.0,2757888.0,,,,,,
2050501.3333333333,8289792.0,0.0,,,,,
4032.0,8225280.0,0.0,,,,,
0.0,10942848.0,0.0,2802240.0,,,,
0.0,8225280.0,0.0,8225280.0,,,,
0.0,2661552.0,0.0,9676800.0,4032.0,2588544.0,,
0.0,0.0,0.0,6547968.0,0.0,11467008.0,,
0.0,0.0,0.0,8209152.0,0.0,14361984.0,6846336.0,0.0
0.0,0.0,0.0,3992112.0,0.0,5588352.0,9660672.0,4032.0
0.0,4032.0,0.0,0.0,0.0,8249472.0,8257536.0,0.0
0.0,0.0,0.0,0.0,0.0,9596160.0,9600192.0,0.0
0.0,0.0,0.0,0.0,0.0,8668800.0,6705648.0,0.0
0.0,0.0,0.0,0.0,12096.0,8225280.0,7178.666666666667,0.0
0.0,0.0,0.0,1374912.0,0.0,15886080.0,0.0,0.0
0.0,0.0,0.0,2060352.0,0.0,14366016.0,0.0,0.0
0.0,0.0,4032.0,612864.0,0.0,10294448.0,0.0,0.0
3648960.0,0.0,0.0,939456.0,0.0,0.0,0.0,0.0
7156800.0,0.0,0.0,0.0,0.0,0.0,0.0,0.0
0.0,0.0,0.0,987840.0,16128.0,0.0,0.0,0.0
7205184.0,0.0,0.0,842688.0,0.0,0.0,0.0,0.0
978682.6666666666,4032.0,0.0,830592.0,0.0,0.0,0.0,0.0
0.0,0.0,0.0,0.0,512064.0,0.0,0.0,0.0
0.0,0.0,0.0,842688.0,1153152.0,0.0,0.0,0.0
0.0,0.0,0.0,846720.0,0.0,0.0,0.0,0.0
0.0,0.0,0.0,842688.0,1770048.0,0.0,0.0,0.0
0.0,9596160.0,4032.0,0.0,2068416.0,0.0,0.0,0.0
0.0,0.0,0.0,0.0,1766016.0,0.0,0.0,0.0
0.0,0.0,0.0,987840.0,2068416.0,0.0,0.0,0.0
0.0,0.0,0.0,842688.0,1766016.0,0.0,0.0,947520.0
0.0,0.0,0.0,9713088.0,1836805.3333333333,0.0,0.0,0.0
0.0,0.0,0.0,10289664.0,0.0,0.0,0.0,947520.0
0.0,0.0,0.0,0.0,1092672.0,0.0,0.0,0.0
0.0,0.0,165312.0,0.0,1201536.0,0.0,0.0,0.0
6898752.0,0.0,0.0,0.0,0.0,0.0,0.0,955584.0
8233344.0,0.0,1032192.0,0.0,1028160.0,0.0,0.0,0.0
0.0,314496.0,0.0,0.0,1205568.0,0.0,0.0,616896.0
8233344.0,0.0,0.0,0.0,0.0,0.0,0.0,947520.0
0.0,947520.0,0.0,3442234.6666666665,1032192.0,0.0,0.0,528192.0
0.0,1112832.0,0.0,0.0,157248.0,0.0,0.0,612864.0
8088192.0,0.0,0.0,0.0,955584.0,0.0,2036160.0,0.0
935424.0,1104768.0,0.0,0.0,1201536.0,0.0,16809408.0,612864.0
10088064.0,0.0,0.0,887040.0,1008000.0,12096.0,5060965.333333333,0.0
4867376.0,0.0,0.0,802368.0,0.0,0.0,0.0,899136.0
0.0,0.0,0.0,983808.0,1104768.0,0.0,0.0,0.0
0.0,0.0,0.0,951552.0,1068480.0,0.0,0.0,0.0
0.0,951552.0,0.0,724666.6666666666,947520.0,0.0,0.0,524160.0
0.0,947520.0,0.0,0.0,951552.0,0.0,0.0,528192.0
0.0,0.0,0.0,0.0,624960.0,0.0,0.0,0.0
0.0,0.0,0.0,0.0,0.0,0.0,0.0,1108800.0
0.0,951552.0,0.0,0.0,951552.0,0.0,0.0,528192.0
0.0,0.0,0.0,0.0,1104768.0,0.0,0.0,0.0
0.0,0.0,0.0,0.0,0.0,0.0,0.0,0.0
1090165.3333333333,7112448.0,0.0,608832.0,0.0,0.0,0.0,7108416.0
0.0,0.0,0.0,0.0,0.0,947520.0,0.0,0.0
0.0,0.0,0.0,0.0,0.0,951552.0,0.0,0.0
0.0,1177344.0,0.0,0.0,0.0,0.0,0.0,0.0
846720.0,0.0,0.0,0.0,0.0,947520.0,0.0,0.0
842688.0,0.0,0.0,0.0,0.0,951552.0,0.0,0.0
0.0,1104768.0,0.0,0.0,0.0,0.0,0.0,0.0
846720.0,0.0,0.0,0.0,0.0,947520.0,0.0,0.0
0.0,0.0,0.0,2923200.0,0.0,0.0,0.0,7205184.0
0.0,947520.0,0.0,0.0,0.0,0.0,0.0,0.0
0.0,821434.6666666666,4032.0,0.0,0.0,0.0,0.0,0.0
939456.0,0.0,0.0,0.0,0.0,1056384.0,0.0,0.0
846720.0,0.0,0.0,0.0,0.0,947520.0,0.0,0.0
4049653.3333333335,329904.0,0.0,0.0,4032.0,1008000.0,584640.0,0.0
0.0,0.0,0.0,7116480.0,0.0,0.0,1028160.0,0.0
0.0,0.0,0.0,11663856.0,0.0,0.0,1149120.0,0.0
0.0,0.0,0.0,0.0,0.0,0.0,1201536.0,0.0
0.0,0.0,0.0,0.0,0.0,0.0,616896.0,0.0
0.0,0.0,0.0,9793728.0,0.0,0.0,1028160.0,0.0
0.0,0.0,0.0,0.0,0.0,0.0,862848.0,0.0
0.0,0.0,2060352.0,0.0,0.0,0.0,737856.0,0.0
0.0,0.0,0.0,11426688.0,0.0,0.0,1201536.0,0.0
0.0,0.0,1035504.0,0.0,0.0,0.0,737856.0,0.0
0.0,0.0,0.0,0.0,0.0,0.0,689472.0,0.0
0.0,0.0,0.0,9789696.0,0.0,0.0,1028160.0,0.0
0.0,0.0,0.0,9789696.0,0.0,0.0,1028160.0,0.0
0.0,0.0,0.0,0.0,0.0,0.0,0.0,0.0
624960.0,0.0,4032.0,0.0,0.0,0.0,2032128.0,0.0
0.0,0.0,0.0,0.0,0.0,0.0,0.0,0.0
0.0,0.0,0.0,0.0,0.0,0.0,2057845.3333333333,0.0
633024.0,0.0,0.0,528192.0,0.0,0.0,1661184.0,0.0
0.0,0.0,0.0,0.0,0.0,0.0,0.0,0.0
0.0,0.0,435456.0,0.0,0.0,0.0,0.0,0.0
0.0,0.0,616896.0,0.0,0.0,0.0,12015360.0,0.0
645120.0,423360.0,0.0,536256.0,0.0,0.0,1689408.0,0.0
0.0,628992.0,0.0,0.0,0.0,0.0,0.0,0.0
737856.0,741888.0,0.0,612864.0,0.0,0.0,1205568.0,0.0
0.0,0.0,528192.0,0.0,0.0,0.0,10293696.0,0.0
0.0,0.0,532224.0,0.0,0.0,0.0,0.0,6890688.0
0.0,0.0,612864.0,0.0,0.0,0.0,0.0,9608256.0
0.0,633024.0,0.0,528192.0,0.0,0.0,1032192.0,0.0
0.0,766080.0,0.0,0.0,0.0,0.0,1241856.0,0.0
0.0,628992.0,0.0,0.0,0.0,0.0,1032192.0,0.0
0.0,633024.0,0.0,528192.0,0.0,0.0,1028160.0,0.0
0.0,737856.0,0.0,0.0,0.0,0.0,1201536.0,0.0
0.0,620928.0,48384.0,0.0,0.0,0.0,1003968.0,0.0
0.0,0.0,0.0,0.0,0.0,0.0,1193472.0,0.0
999936.0,749952.0,0.0,624960.0,0.0,0.0,1217664.0,0.0
0.0,0.0,0.0,919296.0,689472.0,0.0,0.0,8959104.0
0.0,0.0,0.0,0.0,0.0,0.0,0.0,0.0
1689408.0,633024.0,4032.0,528192.0,0.0,0.0,742320.0,3652538.6666666665
0.0,0.0,0.0,983808.0,737856.0,0.0,0.0,0.0
80640.0,677376.0,0.0,0.0,677376.0,0.0,0.0,0.0
951552.0,633024.0,0.0,0.0,633024.0,0.0,0.0,0.0
1967616.0,737856.0,0.0,7826112.0,0.0,0.0,0.0,0.0
947520.0,628992.0,0.0,0.0,633024.0,0.0,0.0,0.0
0.0,0.0,2403072.0,0.0,0.0,0.0,0.0,0.0
0.0,0.0,0.0,842688.0,633024.0,7620480.0,0.0,2056320.0
1060416.0,766080.0,4032.0,8120448.0,0.0,0.0,0.0,510277.3333333333
7209216.0,0.0,2060352.0,0.0,0.0,0.0,0.0,0.0
0.0,0.0,0.0,842688.0,628992.0,10273536.0,0.0,0.0
0.0,737856.0,0.0,8926848.0,0.0,0.0,0.0,0.0
0.0,0.0,0.0,975744.0,729792.0,11874240.0,0.0,0.0
0.0,633024.0,0.0,3810992.0,3721536.0,0.0,0.0,0.0
0.0,0.0,0.0,0.0,0.0,0.0,0.0,0.0
0.0,737856.0,0.0,1645488.0,3819829.3333333335,0.0,0.0,96768.0
0.0,0.0,0.0,891072.0,669312.0,10862208.0,0.0,999936.0
0.0,84672.0,0.0,0.0,0.0,0.0,0.0,947520.0
0.0,612864.0,0.0,0.0,0.0,0.0,0.0,1108800.0
0.0,528192.0,0.0,0.0,633024.0,0.0,0.0,0.0
0.0,0.0,0.0,862848.0,737856.0,0.0,0.0,1108800.0
0.0,0.0,0.0,0.0,0.0,0.0,0.0,0.0
0.0,0.0,0.0,911232.0,681408.0,0.0,0.0,0.0
0.0,580608.0,0.0,6781824.0,693504.0,0.0,0.0,0.0
0.0,528192.0,0.0,3310704.0,633024.0,0.0,4032.0,0.0
0.0,612864.0,0.0,0.0,737856.0,0.0,0.0,0.0
0.0,616896.0,0.0,0.0,1365754.6666666667,0.0,0.0,0.0
0.0,0.0,0.0,0.0,633024.0,0.0,0.0,8237376.0
0.0,0.0,0.0,0.0,0.0,0.0,0.0,0.0
0.0,524160.0,0.0,0.0,633024.0,0.0,0.0,0.0
0.0,528192.0,0.0,0.0,633024.0,0.0,0.0,0.0
0.0,624960.0,0.0,0.0,778176.0,0.0,0.0,0.0
0.0,0.0,0.0,0.0,709632.0,0.0,0.0,9592128.0
0.0,10293696.0,0.0,0.0,0.0,0.0,0.0,8241408.0
0.0,10664640.0,0.0,10249344.0,0.0,8406720.0,0.0,0.0
0.0,524160.0,499968.0,2097280.0,524592.0,7193088.0,0.0,0.0
0.0,2106549.333333333,0.0,0.0,0.0,3481461.333333333,4032.0,0.0
0.0,0.0,0.0,0.0,0.0,0.0,0.0,0.0
0.0,0.0,0.0,0.0,0.0,0.0,0.0,0.0
0.0,12781440.0,560448.0,0.0,0.0,0.0,0.0,0.0
0.0,0.0,0.0,0.0,0.0,0.0,0.0,0.0
0.0,0.0,0.0,0.0,0.0,0.0,0.0,0.0
0.0,0.0,4108608.0,0.0,0.0,0.0,0.0,0.0
0.0,0.0,0.0,12096.0,0.0,0.0,0.0,0.0
0.0,0.0,0.0,0.0,0.0,737856.0,0.0,0.0
0.0,0.0,0.0,0.0,0.0,633024.0,4032.0,0.0
0.0,0.0,633024.0,0.0,0.0,0.0,0.0,0.0
0.0,0.0,737856.0,0.0,0.0,0.0,0.0,0.0
0.0,0.0,0.0,0.0,0.0,0.0,0.0,0.0
0.0,0.0,862848.0,0.0,0.0,0.0,0.0,0.0
0.0,0.0,633024.0,0.0,0.0,0.0,0.0,0.0
0.0,0.0,737856.0,0.0,0.0,0.0,0.0,0.0
0.0,0.0,0.0,0.0,0.0,633024.0,0.0,0.0
0.0,0.0,737856.0,0.0,0.0,0.0,0.0,0.0
0.0,5080320.0,713664.0,0.0,0.0,0.0,0.0,0.0
0.0,15998976.0,786240.0,0.0,0.0,0.0,0.0,0.0
0.0,15039360.0,0.0,0.0,0.0,0.0,0.0,0.0
0.0,0.0,0.0,0.0,0.0,741888.0,0.0,0.0
0.0,633024.0,0.0,0.0,0.0,0.0,0.0,0.0
0.0,0.0,0.0,0.0,0.0,737856.0,0.0,0.0
0.0,0.0,0.0,0.0,0.0,633024.0,0.0,0.0
0.0,0.0,0.0,0.0,0.0,737856.0,0.0,0.0
0.0,0.0,0.0,0.0,0.0,633024.0,0.0,0.0
0.0,0.0,737856.0,8406720.0,0.0,0.0,0.0,0.0
0.0,0.0,13547520.0,6467328.0,0.0,0.0,0.0,0.0
0.0,891072.0,766080.0,0.0,0.0,766080.0,12096.0,0.0
0.0,0.0,633024.0,0.0,0.0,0.0,0.0,0.0
0.0,0.0,737856.0,0.0,0.0,0.0,0.0,0.0
842688.0,2056320.0,0.0,0.0,0.0,0.0,0.0,0.0
0.0,2403072.0,367717.3333333333,0.0,0.0,0.0,0.0,0.0
0.0,737856.0,628992.0,0.0,0.0,633024.0,0.0,0.0
387072.0,862848.0,737856.0,0.0,0.0,737856.0,0.0,0.0
0.0,953077.3333333334,0.0,0.0,0.0,0.0,4032.0,0.0
0.0,0.0,0.0,0.0,0.0,0.0,0.0,0.0
0.0,0.0,0.0,0.0,0.0,0.0,0.0,0.0
862848.0,1141056.0,176314.66666666666,4032.0,4032.0,609637.3333333334,0.0,0.0
737856.0,6160896.0,0.0,0.0,0.0,0.0,0.0,0.0
0.0,0.0,0.0,0.0,0.0,0.0,0.0,0.0
0.0,0.0,0.0,0.0,4032.0,0.0,0.0,0.0
0.0,0.0,0.0,0.0,0.0,0.0,0.0,0.0
0.0,0.0,0.0,0.0,0.0,0.0,0.0,0.0
0.0,0.0,1931328.0,0.0,0.0,0.0,10289664.0,0.0
0.0,0.0,0.0,0.0,2399040.0,0.0,0.0,0.0
0.0,0.0,6177024.0,0.0,0.0,0.0,10297728.0,0.0
0.0,0.0,6172992.0,0.0,0.0,0.0,0.0,0.0
0.0,0.0,7209216.0,0.0,0.0,0.0,0.0,0.0
612864.0,0.0,0.0,0.0,2399040.0,0.0,0.0,0.0
0.0,0.0,6177024.0,0.0,0.0,0.0,10285632.0,0.0
0.0,0.0,0.0,0.0,4032.0,0.0,5269370.666666667,0.0
0.0,0.0,5582133.333333333,4032.0,0.0,0.0,0.0,0.0
641088.0,0.0,0.0,0.0,2499840.0,0.0,0.0,0.0
0.0,0.0,0.0,0.0,0.0,0.0,0.0,0.0
612864.0,0.0,0.0,0.0,954490.6666666666,0.0,0.0,0.0
0.0,0.0,0.0,0.0,0.0,0.0,0.0,0.0
0.0,0.0,0.0,0.0,0.0,0.0,0.0,0.0
0.0,0.0,0.0,0.0,0.0,0.0,10257408.0,0.0
612864.0,0.0,0.0,983808.0,737856.0,0.0,0.0,0.0
0.0,0.0,0.0,0.0,0.0,0.0,0.0,0.0
0.0,0.0,0.0,0.0,0.0,0.0,0.0,0.0
524160.0,0.0,0.0,846720.0,633024.0,0.0,0.0,0.0
0.0,0.0,0.0,0.0,0.0,0.0,0.0,0.0
0.0,0.0,0.0,0.0,0.0,0.0,0.0,0.0
0.0,4032.0,0.0,0.0,1104768.0,0.0,0.0,0.0
0.0,0.0,0.0,0.0,951552.0,0.0,0.0,0.0
0.0,0.0,0.0,0.0,0.0,0.0,0.0,0.0
0.0,0.0,0.0,0.0,0.0,4032.0,0.0,0.0
0.0,0.0,0.0,0.0,737856.0,0.0,0.0,0.0
0.0,0.0,0.0,0.0,0.0,8237376.0,0.0,0.0
0.0,0.0,0.0,0.0,342720.0,9608256.0,0.0,0.0
0.0,0.0,0.0,0.0,0.0,0.0,0.0,0.0
0.0,628992.0,0.0,0.0,0.0,8237376.0,0.0,0.0
0.0,737856.0,4032.0,0.0,0.0,9604224.0,0.0,4032.0
0.0,0.0,0.0,0.0,0.0,0.0,0.0,0.0
0.0,0.0,0.0,0.0,0.0,0.0,0.0,0.0
0.0,0.0,0.0,0.0,1475712.0,0.0,0.0,0.0
0.0,0.0,0.0,0.0,0.0,0.0,0.0,0.0
0.0,633024.0,0.0,0.0,0.0,0.0,0.0,10293696.0
0.0,0.0,0.0,737856.0,0.0,0.0,0.0,0.0
0.0,0.0,0.0,0.0,0.0,0.0,0.0,12011328.0
0.0,0.0,0.0,705600.0,1641024.0,0.0,0.0,0.0
0.0,0.0,0.0,628992.0,1131205.3333333333,0.0,0.0,0.0
0.0,0.0,0.0,2403072.0,862848.0,0.0,0.0,9640058.666666666
0.0,0.0,0.0,628992.0,737856.0,0.0,0.0,0.0
0.0,0.0,0.0,0.0,0.0,0.0,0.0,0.0
0.0,0.0,0.0,2056320.0,737856.0,512064.0,0.0,0.0
0.0,0.0,0.0,737856.0,862848.0,0.0,0.0,0.0
0.0,0.0,0.0,0.0,0.0,0.0,0.0,0.0
0.0,0.0,0.0,737856.0,1104768.0,8410752.0,0.0,0.0
0.0,0.0,0.0,0.0,0.0,0.0,387072.0,0.0
0.0,0.0,0.0,0.0,862848.0,0.0,0.0,0.0
0.0,0.0,0.0,2060352.0,737856.0,0.0,0.0,0.0
0.0,0.0,0.0,0.0,862848.0,0.0,0.0,0.0
0.0,0.0,0.0,0.0,0.0,0.0,524160.0,0.0
0.0,0.0,0.0,0.0,1108800.0,0.0,0.0,0.0
0.0,0.0,0.0,2056320.0,737856.0,0.0,0.0,0.0
0.0,0.0,0.0,0.0,947520.0,0.0,0.0,0.0
0.0,0.0,0.0,0.0,858816.0,552384.0,0.0,0.0
0.0,0.0,0.0,0.0,0.0,0.0,524160.0,0.0
0.0,0.0,0.0,0.0,0.0,0.0,616896.0,0.0
0.0,0.0,0.0,0.0,0.0,0.0,0.0,0.0
0.0,0.0,0.0,0.0,0.0,0.0,528192.0,0.0
0.0,0.0,0.0,0.0,0.0,612864.0,0.0,0.0
0.0,0.0,0.0,0.0,0.0,0.0,0.0,0.0
0.0,0.0,0.0,0.0,0.0,0.0,616896.0,0.0
0.0,0.0,0.0,0.0,947520.0,0.0,0.0,0.0
0.0,0.0,0.0,0.0,0.0,0.0,612864.0,0.0
0.0,0.0,0.0,0.0,0.0,0.0,528192.0,0.0
0.0,0.0,0.0,0.0,0.0,0.0,0.0,0.0
0.0,0.0,0.0,0.0,738288.0,0.0,0.0,0.0
0.0,0.0,0.0,0.0,0.0,612864.0,0.0,0.0
0.0,0.0,0.0,0.0,0.0,0.0,0.0,0.0
0.0,0.0,0.0,0.0,0.0,0.0,0.0,0.0
0.0,0.0,0.0,0.0,0.0,0.0,0.0,0.0
0.0,0.0,0.0,0.0,0.0,0.0,0.0,0.0
0.0,0.0,0.0,0.0,0.0,612864.0,0.0,0.0
0.0,0.0,0.0,0.0,0.0,528192.0,0.0,0.0
0.0,0.0,0.0,0.0,0.0,0.0,0.0,0.0
0.0,0.0,0.0,0.0,0.0,0.0,0.0,0.0
0.0,0.0,0.0,0.0,0.0,616896.0,0.0,0.0
0.0,0.0,0.0,0.0,0.0,0.0,0.0,19232640.0
0.0,0.0,0.0,0.0,0.0,616896.0,0.0,0.0
0.0,0.0,0.0,0.0,0.0,0.0,0.0,0.0
0.0,0.0,0.0,4032.0,0.0,0.0,0.0,19168128.0
4032.0,0.0,0.0,0.0,0.0,528192.0,0.0,0.0
0.0,0.0,0.0,0.0,0.0,0.0,0.0,9596160.0
0.0,0.0,0.0,0.0,0.0,0.0,0.0,0.0
0.0,0.0,0.0,0.0,0.0,616896.0,0.0,0.0
0.0,0.0,0.0,0.0,0.0,524160.0,0.0,0.0
0.0,0.0,0.0,0.0,0.0,0.0,0.0,0.0
0.0,0.0,0.0,0.0,0.0,0.0,0.0,0.0
0.0,0.0,0.0,0.0,0.0,0.0,0.0,0.0
0.0,0.0,0.0,0.0,0.0,0.0,0.0,278208.0
4032.0,0.0,0.0,0.0,0.0,0.0,0.0,13440181.333333334
0.0,0.0,0.0,0.0,0.0,0.0,0.0,0.0
0.0,0.0,0.0,0.0,0.0,0.0,0.0,0.0
0.0,0.0,0.0,0.0,0.0,0.0,0.0,0.0
0.0,0.0,0.0,0.0,0.0,0.0,0.0,0.0
0.0,0.0,0.0,0.0,0.0,0.0,0.0,0.0
0.0,0.0,0.0,0.0,0.0,0.0,0.0,0.0
0.0,0.0,0.0,0.0,0.0,0.0,0.0,0.0
0.0,0.0,0.0,0.0,0.0,0.0,0.0,0.0
0.0,0.0,0.0,0.0,0.0,0.0,0.0,0.0
0.0,0.0,0.0,0.0,0.0,0.0,0.0,0.0
0.0,0.0,705600.0,0.0,0.0,0.0,0.0,0.0
0.0,0.0,842688.0,0.0,0.0,0.0,0.0,0.0
1350720.0,0.0,983808.0,0.0,0.0,0.0,0.0,0.0
0.0,0.0,0.0,0.0,0.0,0.0,0.0,0.0
0.0,0.0,0.0,0.0,0.0,0.0,0.0,0.0
0.0,0.0,842688.0,0.0,0.0,0.0,0.0,0.0
0.0,0.0,0.0,0.0,0.0,0.0,0.0,0.0
0.0,0.0,0.0,0.0,0.0,0.0,0.0,0.0
0.0,0.0,0.0,0.0,0.0,0.0,0.0,0.0
0.0,0.0,842688.0,0.0,0.0,0.0,0.0,0.0
0.0,0.0,983808.0,0.0,0.0,0.0,0.0,0.0
0.0,0.0,0.0,0.0,0.0,0.0,0.0,0.0
0.0,0.0,842688.0,0.0,0.0,0.0,0.0,0.0
0.0,0.0,983808.0,0.0,0.0,0.0,0.0,0.0
0.0,0.0,0.0,0.0,0.0,0.0,0.0,0.0
0.0,0.0,983808.0,0.0,0.0,0.0,0.0,0.0
0.0,0.0,0.0,0.0,14402304.0,0.0,0.0,0.0
0.0,0.0,1084608.0,0.0,0.0,0.0,0.0,0.0
0.0,0.0,709632.0,0.0,0.0,0.0,0.0,0.0
0.0,0.0,633024.0,0.0,0.0,0.0,0.0,0.0
0.0,9612288.0,0.0,44352.0,16809408.0,0.0,0.0,0.0
0.0,0.0,633024.0,0.0,0.0,0.0,0.0,0.0
0.0,7842672.0,737856.0,0.0,0.0,0.0,0.0,0.0
0.0,0.0,999936.0,0.0,0.0,0.0,0.0,0.0
0.0,0.0,633024.0,0.0,0.0,0.0,0.0,0.0
0.0,15666165.333333334,737856.0,0.0,0.0,0.0,4032.0,0.0
0.0,0.0,633024.0,0.0,0.0,0.0,0.0,0.0
0.0,0.0,0.0,1286208.0,0.0,0.0,0.0,0.0
0.0,0.0,0.0,1028160.0,0.0,0.0,0.0,0.0
0.0,0.0,737856.0,0.0,0.0,1104768.0,0.0,8414784.0
0.0,4032.0,842688.0,0.0,0.0,0.0,0.0,0.0
0.0,0.0,983808.0,0.0,0.0,0.0,0.0,0.0
0.0,0.0,0.0,0.0,0.0,0.0,0.0,0.0
0.0,0.0,983808.0,0.0,0.0,0.0,0.0,0.0
0.0,0.0,633024.0,0.0,0.0,947520.0,0.0,0.0
0.0,0.0,737856.0,0.0,0.0,672624.0,0.0,0.0
0.0,0.0,633024.0,0.0,0.0,0.0,0.0,0.0
0.0,0.0,633024.0,0.0,0.0,0.0,0.0,0.0
0.0,0.0,737856.0,0.0,0.0,0.0,0.0,0.0
0.0,0.0,0.0,0.0,0.0,0.0,0.0,0.0
0.0,0.0,0.0,0.0,0.0,0.0,0.0,0.0
0.0,0.0,979776.0,13044325.333333334,0.0,0.0,612864.0,4032.0
0.0,0.0,633024.0,0.0,0.0,0.0,0.0,0.0
0.0,0.0,1012032.0,0.0,0.0,0.0,633024.0,0.0
0.0,0.0,0.0,0.0,0.0,0.0,0.0,6177024.0
0.0,0.0,0.0,0.0,0.0,0.0,0.0,0.0
0.0,0.0,0.0,1157184.0,0.0,0.0,0.0,0.0
0.0,0.0,0.0,0.0,0.0,0.0,0.0,0.0
0.0,0.0,0.0,1201536.0,0.0,0.0,0.0,0.0
0.0,0.0,842688.0,0.0,0.0,0.0,0.0,0.0
0.0,0.0,0.0,905413.3333333334,0.0,0.0,0.0,0.0
0.0,14321664.0,842688.0,0.0,0.0,0.0,528192.0,0.0
0.0,18095616.0,1060416.0,0.0,0.0,0.0,661248.0,0.0
0.0,0.0,0.0,0.0,0.0,0.0,2403072.0,0.0
0.0,0.0,842688.0,0.0,0.0,0.0,0.0,0.0
0.0,0.0,0.0,0.0,0.0,0.0,10245312.0,0.0
0.0,0.0,180720.0,4032.0,822528.0,0.0,588672.0,0.0
0.0,0.0,0.0,0.0,737856.0,0.0,524160.0,0.0
0.0,0.0,0.0,0.0,0.0,0.0,9608256.0,0.0
0.0,0.0,0.0,0.0,0.0,0.0,0.0,0.0
0.0,0.0,0.0,0.0,0.0,0.0,0.0,0.0
0.0,0.0,0.0,0.0,0.0,0.0,0.0,0.0
0.0,0.0,0.0,0.0,0.0,0.0,0.0,0.0
0.0,0.0,0.0,0.0,0.0,0.0,0.0,0.0
0.0,0.0,0.0,0.0,0.0,0.0,0.0,0.0
0.0,0.0,0.0,0.0,0.0,0.0,0.0,0.0
0.0,0.0,0.0,0.0,0.0,0.0,0.0,0.0
0.0,0.0,0.0,0.0,0.0,0.0,0.0,0.0
0.0,0.0,0.0,0.0,0.0,0.0,0.0,0.0
0.0,0.0,0.0,0.0,0.0,0.0,0.0,0.0
628992.0,0.0,0.0,0.0,741888.0,0.0,528192.0,0.0
0.0,0.0,0.0,0.0,0.0,0.0,0.0,0.0
0.0,0.0,1201536.0,0.0,0.0,0.0,0.0,0.0
0.0,0.0,1028160.0,0.0,0.0,0.0,0.0,0.0
0.0,0.0,1201536.0,0.0,0.0,4032.0,0.0,0.0
0.0,0.0,0.0,0.0,0.0,0.0,0.0,0.0
0.0,0.0,0.0,0.0,0.0,0.0,0.0,0.0
10922688.0,0.0,0.0,0.0,0.0,528192.0,524160.0,0.0
4032.0,0.0,1201536.0,0.0,0.0,616896.0,0.0,0.0
4508208.0,0.0,0.0,0.0,0.0,524160.0,528192.0,0.0
737856.0,0.0,0.0,0.0,0.0,616896.0,612864.0,0.0
0.0,0.0,0.0,0.0,0.0,0.0,0.0,0.0
0.0,0.0,0.0,0.0,0.0,0.0,0.0,0.0
737856.0,0.0,0.0,0.0,0.0,612864.0,616896.0,0.0
0.0,0.0,1028160.0,0.0,0.0,524160.0,0.0,0.0
0.0,0.0,0.0,0.0,0.0,0.0,0.0,0.0
814464.0,0.0,0.0,0.0,931392.0,580608.0,1858752.0,0.0
0.0,0.0,0.0,0.0,0.0,0.0,0.0,0.0
717696.0,0.0,0.0,0.0,955584.0,596736.0,1911168.0,0.0
0.0,0.0,1032192.0,0.0,0.0,524160.0,0.0,0.0
0.0,0.0,0.0,0.0,0.0,4032.0,0.0,16765056.0
0.0,620928.0,0.0,0.0,0.0,0.0,0.0,10482106.666666666
0.0,0.0,0.0,0.0,0.0,0.0,0.0,0.0
0.0,4032.0,0.0,0.0,0.0,524618.6666666666,0.0,0.0
0.0,616896.0,0.0,0.0,0.0,4032.0,0.0,0.0
0.0,0.0,0.0,0.0,0.0,0.0,0.0,0.0
334656.0,616896.0,0.0,0.0,0.0,1197504.0,0.0,0.0
0.0,528192.0,0.0,0.0,0.0,0.0,0.0,0.0
862848.0,616896.0,0.0,0.0,0.0,1201536.0,0.0,0.0
0.0,0.0,0.0,0.0,0.0,0.0,0.0,0.0
0.0,528192.0,1032192.0,0.0,0.0,0.0,0.0,0.0
0.0,0.0,0.0,0.0,0.0,0.0,0.0,0.0
0.0,528192.0,1032192.0,0.0,0.0,0.0,0.0,0.0
0.0,0.0,0.0,0.0,0.0,0.0,0.0,0.0
0.0,0.0,0.0,0.0,0.0,0.0,0.0,0.0
737856.0,528192.0,1028160.0,0.0,6181056.0,0.0,10297728.0,10301760.0
0.0,616896.0,286704.0,0.0,7201152.0,0.0,0.0,11979072.0
737856.0,528192.0,0.0,0.0,6177024.0,0.0,10277568.0,10281600.0
0.0,649152.0,0.0,0.0,7592256.0,0.0,0.0,0.0
1266048.0,524160.0,0.0,0.0,3158901.333333333,0.0,10293696.0,0.0
0.0,0.0,4032.0,2403072.0,0.0,0.0,0.0,2403072.0
1423296.0,592704.0,0.0,0.0,0.0,0.0,0.0,0.0
0.0,524160.0,0.0,298368.0,0.0,0.0,0.0,0.0
1475712.0,612864.0,0.0,0.0,0.0,0.0,0.0,0.0
0.0,528192.0,0.0,947520.0,0.0,0.0,0.0,0.0
0.0,0.0,0.0,0.0,0.0,0.0,0.0,0.0
0.0,0.0,0.0,0.0,0.0,0.0,0.0,0.0
0.0,524160.0,0.0,951552.0,0.0,0.0,0.0,0.0
0.0,0.0,0.0,0.0,0.0,0.0,737856.0,0.0
1266048.0,528192.0,0.0,0.0,0.0,0.0,0.0,0.0
0.0,0.0,0.0,0.0,0.0,0.0,737856.0,2403072.0
1262016.0,524160.0,0.0,68544.0,0.0,0.0,0.0,0.0
0.0,612864.0,0.0,1104768.0,0.0,0.0,0.0,0.0
4032.0,528192.0,0.0,951552.0,0.0,0.0,0.0,0.0
0.0,0.0,0.0,0.0,0.0,858816.0,737856.0,0.0
616896.0,616896.0,0.0,616896.0,0.0,0.0,0.0,0.0
0.0,528192.0,0.0,947520.0,0.0,0.0,0.0,0.0
616896.0,616896.0,0.0,616896.0,0.0,0.0,0.0,0.0
0.0,0.0,0.0,0.0,0.0,737856.0,633024.0,0.0
0.0,0.0,0.0,0.0,0.0,862848.0,737856.0,0.0
612864.0,616896.0,0.0,616896.0,0.0,0.0,0.0,0.0
0.0,0.0,0.0,0.0,528192.0,0.0,633024.0,0.0
616896.0,616896.0,0.0,616896.0,0.0,0.0,0.0,0.0
0.0,528192.0,0.0,787045.3333333334,0.0,0.0,0.0,0.0
616896.0,612864.0,0.0,612864.0,0.0,0.0,0.0,0.0
0.0,1608768.0,0.0,0.0,0.0,737856.0,633024.0,0.0
0.0,983808.0,0.0,0.0,612864.0,0.0,737856.0,0.0
0.0,983808.0,0.0,0.0,616896.0,415296.0,737856.0,0.0
0.0,16289280.0,0.0,0.0,0.0,834624.0,713664.0,0.0
528192.0,0.0,0.0,528192.0,0.0,0.0,0.0,0.0
616896.0,0.0,0.0,616896.0,0.0,0.0,0.0,0.0
0.0,0.0,0.0,0.0,0.0,0.0,737856.0,0.0
0.0,0.0,0.0,0.0,0.0,528192.0,0.0,0.0
612864.0,0.0,0.0,612864.0,0.0,0.0,0.0,0.0
528192.0,0.0,0.0,528192.0,0.0,0.0,0.0,0.0
0.0,0.0,0.0,0.0,0.0,0.0,737856.0,0.0
0.0,0.0,0.0,0.0,0.0,0.0,628992.0,0.0
0.0,0.0,0.0,0.0,612864.0,0.0,737856.0,0.0
0.0,0.0,0.0,0.0,612864.0,0.0,737856.0,0.0
0.0,0.0,0.0,0.0,0.0,0.0,633024.0,0.0
0.0,0.0,0.0,0.0,616896.0,0.0,737856.0,0.0
0.0,0.0,528192.0,0.0,0.0,0.0,0.0,0.0
0.0,0.0,0.0,0.0,8064000.0,0.0,737856.0,0.0
0.0,0.0,616896.0,612864.0,0.0,0.0,0.0,0.0
0.0,0.0,0.0,0.0,528192.0,0.0,633024.0,0.0
0.0,0.0,612864.0,0.0,0.0,0.0,0.0,0.0
0.0,0.0,0.0,1233792.0,1137024.0,0.0,1350720.0,0.0
0.0,0.0,0.0,1181376.0,1088640.0,846720.0,10172736.0,0.0
0.0,0.0,0.0,1028160.0,947520.0,737856.0,0.0,0.0
0.0,0.0,0.0,0.0,8064000.0,0.0,10346112.0,0.0
0.0,0.0,0.0,1201536.0,1104768.0,858816.0,10342080.0,0.0
0.0,0.0,0.0,1028160.0,951552.0,737856.0,4286448.0,0.0
0.0,0.0,0.0,0.0,1452272.0,983808.0,737856.0,0.0
0.0,0.0,612864.0,0.0,0.0,0.0,0.0,0.0
0.0,0.0,4032.0,1028160.0,947520.0,605605.3333333334,633024.0,0.0
0.0,0.0,0.0,1201536.0,1108800.0,0.0,737856.0,0.0
0.0,0.0,0.0,1185408.0,1092672.0,0.0,0.0,0.0
0.0,0.0,0.0,1028160.0,951552.0,0.0,0.0,0.0
0.0,0.0,616896.0,0.0,0.0,0.0,0.0,0.0
0.0,0.0,0.0,1028160.0,947520.0,0.0,633024.0,0.0
0.0,0.0,0.0,1201536.0,1108800.0,0.0,737856.0,0.0
0.0,0.0,0.0,1201536.0,1108800.0,0.0,0.0,0.0
0.0,0.0,0.0,1028160.0,947520.0,0.0,0.0,0.0
0.0,0.0,0.0,269050.6666666667,1108800.0,0.0,0.0,0.0
0.0,0.0,0.0,0.0,947520.0,0.0,628992.0,0.0
0.0,0.0,0.0,0.0,915264.0,3473077.333333333,786240.0,0.0
0.0,0.0,524160.0,0.0,0.0,0.0,0.0,0.0
0.0,0.0,0.0,0.0,0.0,0.0,2880373.333333333,0.0
0.0,0.0,528192.0,0.0,0.0,0.0,0.0,0.0
0.0,0.0,612864.0,0.0,0.0,0.0,0.0,0.0
0.0,0.0,616896.0,0.0,0.0,0.0,0.0,0.0
0.0,0.0,0.0,0.0,737856.0,0.0,0.0,0.0
983808.0,0.0,983808.0,0.0,0.0,0.0,0.0,0.0
0.0,0.0,842688.0,0.0,76608.0,0.0,0.0,0.0
0.0,0.0,612864.0,0.0,0.0,0.0,0.0,0.0
0.0,0.0,983808.0,0.0,1104768.0,0.0,0.0,0.0
0.0,0.0,524160.0,0.0,0.0,0.0,0.0,0.0
0.0,0.0,0.0,0.0,12874176.0,0.0,0.0,0.0
0.0,0.0,1016064.0,0.0,13257216.0,0.0,0.0,0.0
0.0,0.0,846720.0,0.0,947520.0,0.0,0.0,0.0
0.0,0.0,983808.0,0.0,12854016.0,0.0,0.0,18006912.0
0.0,0.0,842688.0,0.0,8114229.333333333,0.0,4032.0,15394176.0
15841728.0,0.0,983808.0,0.0,1104768.0,0.0,0.0,0.0
16781184.0,0.0,983808.0,0.0,1108800.0,0.0,0.0,0.0
8471664.0,0.0,0.0,4032.0,878976.0,0.0,9773568.0,0.0
0.0,0.0,935424.0,0.0,1056384.0,0.0,0.0,0.0
0.0,0.0,0.0,0.0,737856.0,0.0,8233344.0,0.0
0.0,0.0,983808.0,0.0,1104768.0,0.0,0.0,0.0
0.0,0.0,0.0,0.0,741888.0,0.0,2185776.0,4032.0
0.0,0.0,0.0,0.0,858816.0,0.0,0.0,1201536.0
0.0,0.0,0.0,8898624.0,1173312.0,0.0,0.0,0.0
4032.0,0.0,60480.0,7176960.0,951552.0,0.0,0.0,0.0
0.0,0.0,616896.0,8410752.0,1104768.0,0.0,0.0,0.0
0.0,0.0,528192.0,7205184.0,0.0,0.0,0.0,1028160.0
0.0,0.0,661248.0,9011520.0,0.0,0.0,0.0,1286208.0
0.0,0.0,532224.0,554229.3333333334,947520.0,0.0,0.0,0.0
0.0,0.0,0.0,0.0,0.0,0.0,0.0,0.0
0.0,0.0,0.0,0.0,0.0,0.0,0.0,1209600.0
0.0,0.0,0.0,0.0,4032.0,0.0,0.0,424165.3333333333
0.0,0.0,0.0,0.0,0.0,0.0,0.0,0.0
1423296.0,0.0,524160.0,0.0,0.0,0.0,0.0,0.0
0.0,0.0,0.0,0.0,0.0,0.0,0.0,0.0
0.0,0.0,612864.0,0.0,1108800.0,0.0,0.0,0.0
0.0,0.0,0.0,0.0,0.0,528192.0,0.0,0.0
0.0,0.0,0.0,0.0,0.0,612864.0,0.0,0.0
0.0,0.0,0.0,0.0,0.0,0.0,0.0,0.0
0.0,0.0,0.0,0.0,0.0,0.0,169344.0,0.0
2403072.0,0.0,612864.0,0.0,0.0,0.0,8402688.0,0.0
0.0,0.0,616896.0,0.0,1104768.0,0.0,0.0,0.0
0.0,0.0,0.0,2060352.0,0.0,524160.0,0.0,0.0
0.0,0.0,612864.0,0.0,1104768.0,0.0,0.0,0.0
0.0,0.0,0.0,2403072.0,0.0,616896.0,0.0,0.0
0.0,0.0,524160.0,0.0,911664.0,0.0,0.0,0.0
0.0,0.0,616896.0,0.0,0.0,0.0,0.0,0.0
0.0,0.0,0.0,2060352.0,0.0,524160.0,0.0,0.0
0.0,0.0,0.0,2399040.0,0.0,616896.0,0.0,0.0
0.0,0.0,0.0,2455488.0,0.0,628992.0,0.0,753984.0
0.0,0.0,0.0,234661.3333333333,0.0,604800.0,0.0,733824.0
0.0,0.0,0.0,0.0,0.0,0.0,0.0,0.0
0.0,0.0,0.0,0.0,0.0,18176256.0,0.0,0.0
0.0,0.0,869818.6666666666,0.0,0.0,528192.0,0.0,1558597.3333333333
0.0,0.0,0.0,0.0,0.0,612864.0,0.0,0.0
0.0,0.0,0.0,0.0,0.0,0.0,0.0,0.0
0.0,0.0,0.0,0.0,0.0,0.0,0.0,0.0
0.0,0.0,0.0,0.0,0.0,616896.0,0.0,0.0
0.0,0.0,0.0,0.0,0.0,0.0,0.0,0.0
0.0,0.0,0.0,0.0,0.0,0.0,0.0,0.0
0.0,0.0,0.0,0.0,0.0,528192.0,0.0,0.0
0.0,0.0,0.0,0.0,0.0,612864.0,0.0,0.0
0.0,0.0,0.0,0.0,0.0,616896.0,0.0,1846656.0
0.0,0.0,0.0,0.0,0.0,633024.0,0.0,0.0
0.0,0.0,0.0,0.0,0.0,737856.0,0.0,0.0
0.0,0.0,0.0,0.0,0.0,0.0,0.0,0.0
0.0,0.0,0.0,0.0,0.0,0.0,0.0,0.0
0.0,0.0,0.0,0.0,0.0,616896.0,0.0,0.0
0.0,3790080.0,0.0,0.0,0.0,0.0,0.0,0.0
0.0,0.0,0.0,0.0,0.0,612864.0,0.0,0.0
0.0,0.0,0.0,7209216.0,0.0,737856.0,0.0,0.0
0.0,0.0,0.0,0.0,0.0,524160.0,0.0,0.0
0.0,0.0,0.0,0.0,0.0,0.0,0.0,0.0
0.0,0.0,1201536.0,7201152.0,0.0,507312.0,0.0,0.0
0.0,0.0,0.0,0.0,0.0,528192.0,0.0,0.0
0.0,0.0,0.0,0.0,0.0,0.0,0.0,0.0
0.0,0.0,0.0,0.0,0.0,612864.0,0.0,0.0
0.0,0.0,0.0,0.0,0.0,528192.0,0.0,0.0
0.0,0.0,0.0,0.0,0.0,612864.0,0.0,0.0
0.0,0.0,0.0,0.0,0.0,528192.0,0.0,0.0
0.0,931392.0,0.0,0.0,0.0,0.0,0.0,0.0
0.0,0.0,0.0,6177024.0,0.0,524160.0,0.0,0.0
0.0,4032.0,0.0,0.0,9672768.0,607738.6666666666,0.0,0.0
0.0,0.0,0.0,0.0,10277568.0,0.0,0.0,0.0
0.0,9375925.333333334,1342656.0,0.0,0.0,0.0,0.0,0.0
0.0,0.0,0.0,0.0,0.0,0.0,0.0,0.0
0.0,0.0,1201536.0,0.0,0.0,0.0,0.0,0.0
0.0,737856.0,0.0,0.0,0.0,0.0,0.0,528192.0
0.0,0.0,0.0,0.0,0.0,0.0,0.0,0.0
0.0,0.0,0.0,0.0,4335152.0,0.0,616896.0,0.0
0.0,737856.0,0.0,0.0,0.0,0.0,0.0,528192.0
0.0,0.0,0.0,0.0,0.0,0.0,0.0,0.0
0.0,858816.0,0.0,0.0,0.0,0.0,0.0,616896.0
0.0,0.0,0.0,0.0,0.0,737856.0,0.0,0.0
0.0,0.0,0.0,0.0,0.0,862848.0,0.0,0.0
0.0,0.0,1201536.0,0.0,0.0,4032.0,0.0,0.0
0.0,0.0,0.0,0.0,0.0,737856.0,0.0,0.0
0.0,0.0,1201536.0,0.0,0.0,0.0,0.0,0.0
0.0,4032.0,1201536.0,0.0,0.0,0.0,0.0,0.0
0.0,947520.0,0.0,0.0,0.0,737856.0,0.0,0.0
0.0,0.0,1201536.0,0.0,0.0,0.0,0.0,0.0
0.0,1108800.0,0.0,0.0,0.0,862848.0,0.0,0.0
0.0,947520.0,0.0,0.0,0.0,737856.0,0.0,0.0
0.0,1104768.0,0.0,0.0,0.0,858816.0,0.0,0.0
0.0,0.0,0.0,2403072.0,0.0,0.0,0.0,616896.0
0.0,951552.0,0.0,0.0,0.0,351242.6666666667,0.0,0.0
0.0,0.0,0.0,2403072.0,0.0,0.0,0.0,616896.0
0.0,0.0,1201536.0,0.0,0.0,0.0,0.0,0.0
0.0,947520.0,0.0,0.0,0.0,0.0,0.0,0.0
0.0,0.0,0.0,2399040.0,0.0,0.0,0.0,612864.0
0.0,0.0,0.0,2403072.0,0.0,0.0,0.0,616896.0
0.0,947520.0,0.0,0.0,0.0,0.0,0.0,0.0
0.0,1108800.0,0.0,0.0,0.0,0.0,0.0,0.0
0.0,0.0,0.0,2403072.0,0.0,0.0,0.0,616896.0
0.0,0.0,0.0,0.0,0.0,0.0,0.0,0.0
0.0,1193472.0,0.0,0.0,1060416.0,10358208.0,1060416.0,0.0
0.0,1967616.0,0.0,0.0,0.0,0.0,0.0,0.0
0.0,1108800.0,0.0,0.0,4032.0,250416.0,983808.0,0.0
0.0,2403072.0,0.0,0.0,0.0,0.0,0.0,0.0
0.0,0.0,0.0,0.0,0.0,0.0,0.0,0.0
0.0,0.0,0.0,0.0,0.0,0.0,846720.0,0.0
0.0,0.0,4032.0,0.0,0.0,0.0,983808.0,0.0
0.0,0.0,0.0,0.0,0.0,0.0,0.0,524160.0
0.0,2403072.0,0.0,0.0,0.0,0.0,0.0,0.0
0.0,0.0,0.0,0.0,0.0,0.0,0.0,0.0
0.0,0.0,0.0,0.0,0.0,0.0,4032.0,0.0
0.0,0.0,0.0,6971328.0,0.0,0.0,951552.0,0.0
0.0,13329792.0,0.0,0.0,0.0,0.0,995904.0,0.0
0.0,242725.3333333333,0.0,3217536.0,4032.0,0.0,842688.0,0.0
0.0,0.0,1060416.0,9039744.0,0.0,0.0,0.0,794304.0
0.0,16813440.0,0.0,0.0,0.0,0.0,0.0,612864.0
0.0,6067706.666666667,0.0,0.0,0.0,0.0,0.0,528192.0
858816.0,0.0,0.0,0.0,0.0,0.0,0.0,737856.0
0.0,4032.0,983808.0,4963824.0,0.0,0.0,4032.0,612864.0
737856.0,0.0,3737664.0,0.0,0.0,0.0,842688.0,0.0
911232.0,0.0,8890560.0,0.0,0.0,0.0,1040256.0,0.0
0.0,0.0,7213248.0,0.0,0.0,0.0,8241408.0,528192.0
858816.0,0.0,0.0,0.0,0.0,0.0,608832.0,0.0
0.0,0.0,0.0,0.0,0.0,0.0,1028160.0,0.0
410544.0,0.0,8406720.0,0.0,0.0,0.0,0.0,0.0
0.0,0.0,0.0,0.0,0.0,0.0,1201536.0,0.0
0.0,0.0,0.0,0.0,0.0,0.0,1028160.0,0.0
0.0,0.0,8410752.0,0.0,11128320.0,0.0,9612288.0,612864.0
0.0,0.0,8878464.0,0.0,12684672.0,0.0,0.0,0.0
0.0,0.0,5532656.0,0.0,10253376.0,262080.0,0.0,0.0
0.0,0.0,0.0,0.0,12003264.0,983808.0,0.0,616896.0
0.0,0.0,0.0,4032.0,8783541.333333334,842688.0,0.0,524160.0
0.0,0.0,0.0,0.0,0.0,1124928.0,0.0,705600.0
0.0,0.0,0.0,0.0,0.0,951552.0,0.0,0.0
0.0,0.0,0.0,0.0,0.0,842688.0,0.0,0.0
0.0,0.0,0.0,0.0,0.0,983808.0,0.0,616896.0
0.0,0.0,0.0,0.0,0.0,846720.0,0.0,528192.0
0.0,0.0,0.0,0.0,0.0,983808.0,0.0,0.0
0.0,0.0,0.0,0.0,0.0,418608.0,0.0,616896.0
633024.0,0.0,0.0,0.0,0.0,0.0,1028160.0,0.0
0.0,0.0,4032.0,0.0,0.0,229824.0,0.0,616896.0
737856.0,0.0,0.0,0.0,4032.0,0.0,1201536.0,0.0
0.0,0.0,0.0,0.0,0.0,1032192.0,0.0,0.0
0.0,0.0,0.0,0.0,0.0,1350720.0,0.0,0.0
633024.0,0.0,0.0,0.0,0.0,0.0,1028160.0,0.0
10414656.0,0.0,0.0,0.0,0.0,0.0,1302336.0,0.0
8233344.0,0.0,0.0,0.0,0.0,0.0,305338.6666666667,0.0
0.0,0.0,0.0,0.0,0.0,1063728.0,0.0,0.0
733824.0,0.0,0.0,0.0,391104.0,0.0,0.0,0.0
0.0,0.0,0.0,0.0,1028160.0,0.0,0.0,0.0
737856.0,0.0,0.0,0.0,0.0,0.0,0.0,0.0
737856.0,0.0,0.0,0.0,1201536.0,0.0,0.0,0.0
737856.0,0.0,0.0,0.0,0.0,0.0,0.0,0.0
0.0,0.0,0.0,0.0,1028160.0,0.0,0.0,0.0
814464.0,0.0,0.0,0.0,0.0,0.0,0.0,0.0
529717.3333333334,24192.0,0.0,0.0,0.0,0.0,0.0,4032.0
0.0,0.0,0.0,0.0,0.0,0.0,0.0,0.0
0.0,0.0,0.0,0.0,1298304.0,0.0,0.0,467712.0
628992.0,0.0,0.0,524160.0,0.0,0.0,0.0,0.0
737856.0,0.0,0.0,616896.0,0.0,0.0,0.0,0.0
0.0,0.0,0.0,528192.0,0.0,0.0,0.0,0.0
0.0,0.0,0.0,612864.0,0.0,0.0,0.0,0.0
0.0,0.0,0.0,0.0,0.0,0.0,0.0,677376.0
0.0,0.0,0.0,0.0,0.0,0.0,0.0,528192.0
0.0,0.0,0.0,612864.0,0.0,0.0,0.0,0.0
0.0,0.0,0.0,0.0,0.0,0.0,0.0,616896.0
0.0,0.0,0.0,0.0,0.0,0.0,0.0,524160.0
0.0,0.0,0.0,616896.0,0.0,0.0,0.0,0.0
0.0,0.0,0.0,612864.0,0.0,0.0,0.0,0.0
0.0,0.0,0.0,528192.0,0.0,0.0,0.0,0.0
0.0,0.0,0.0,0.0,0.0,0.0,0.0,616896.0
4032.0,0.0,0.0,0.0,0.0,0.0,0.0,148464.0
0.0,0.0,0.0,528192.0,0.0,0.0,0.0,0.0
0.0,0.0,0.0,0.0,0.0,0.0,6872053.333333333,0.0
4032.0,0.0,0.0,612864.0,0.0,0.0,447552.0,0.0
0.0,1028160.0,0.0,528192.0,0.0,0.0,0.0,0.0
0.0,0.0,0.0,612864.0,0.0,0.0,1108800.0,0.0
0.0,0.0,0.0,0.0,0.0,0.0,0.0,0.0
0.0,1874880.0,0.0,449077.3333333333,4032.0,0.0,0.0,0.0
0.0,2181312.0,0.0,0.0,0.0,0.0,0.0,0.0
0.0,0.0,0.0,0.0,0.0,0.0,0.0,0.0
0.0,0.0,0.0,0.0,0.0,0.0,947520.0,0.0
0.0,0.0,0.0,0.0,0.0,0.0,0.0,0.0
0.0,0.0,0.0,0.0,0.0,0.0,1104768.0,0.0
0.0,1874880.0,0.0,0.0,0.0,0.0,0.0,0.0
19123776.0,1120896.0,0.0,0.0,0.0,0.0,0.0,0.0
0.0,842688.0,0.0,0.0,0.0,0.0,0.0,0.0
0.0,983808.0,0.0,0.0,0.0,0.0,0.0,0.0
0.0,2265984.0,0.0,0.0,0.0,0.0,0.0,0.0
0.0,943488.0,0.0,0.0,0.0,0.0,0.0,11515392.0
0.0,842688.0,0.0,0.0,4032.0,0.0,0.0,7323957.333333333
0.0,983808.0,0.0,0.0,0.0,0.0,0.0,0.0
0.0,2282112.0,0.0,0.0,0.0,1024128.0,0.0,0.0
0.0,1870848.0,0.0,0.0,0.0,842688.0,0.0,0.0
0.0,987840.0,0.0,0.0,0.0,0.0,0.0,0.0
0.0,0.0,0.0,0.0,0.0,0.0,1104768.0,0.0
0.0,842688.0,0.0,0.0,0.0,0.0,0.0,0.0
0.0,983808.0,0.0,0.0,0.0,0.0,0.0,0.0
0.0,983808.0,0.0,0.0,0.0,0.0,0.0,0.0
0.0,979776.0,0.0,0.0,0.0,0.0,0.0,0.0
0.0,846720.0,0.0,4032.0,0.0,0.0,0.0,0.0
0.0,0.0,0.0,0.0,0.0,0.0,0.0,0.0
0.0,983808.0,0.0,0.0,0.0,0.0,0.0,0.0
0.0,0.0,0.0,0.0,0.0,0.0,0.0,0.0
0.0,0.0,0.0,9765504.0,0.0,0.0,0.0,0.0
0.0,1044288.0,0.0,0.0,0.0,1278144.0,0.0,0.0
0.0,846720.0,0.0,0.0,0.0,1028160.0,0.0,0.0
0.0,944293.3333333334,0.0,214128.0,0.0,0.0,0.0,0.0
0.0,0.0,0.0,11983104.0,0.0,0.0,0.0,0.0
0.0,0.0,0.0,10289664.0,0.0,0.0,0.0,0.0
0.0,48816.0,4032.0,11979072.0,0.0,0.0,185472.0,0.0
0.0,0.0,0.0,0.0,0.0,0.0,0.0,0.0
0.0,0.0,0.0,0.0,0.0,1032192.0,0.0,0.0
0.0,0.0,0.0,0.0,588672.0,0.0,13140288.0,0.0
0.0,0.0,0.0,3709440.0,528192.0,0.0,10257408.0,0.0
0.0,0.0,0.0,9854208.0,612864.0,0.0,0.0,2545717.333333333
0.0,0.0,0.0,0.0,0.0,0.0,0.0,0.0
0.0,0.0,0.0,0.0,0.0,0.0,12096000.0,0.0
0.0,0.0,0.0,4032.0,524160.0,0.0,311216.0,0.0
0.0,0.0,0.0,9600192.0,616896.0,983808.0,0.0,0.0
0.0,0.0,0.0,0.0,0.0,0.0,0.0,0.0
0.0,0.0,0.0,0.0,524160.0,0.0,0.0,0.0
0.0,0.0,0.0,0.0,616896.0,983808.0,0.0,0.0
0.0,0.0,0.0,0.0,528192.0,842688.0,0.0,0.0
0.0,0.0,0.0,0.0,612864.0,983808.0,0.0,0.0
0.0,0.0,0.0,0.0,616896.0,983808.0,0.0,0.0
0.0,0.0,0.0,0.0,612864.0,983808.0,4572288.0,0.0
0.0,0.0,0.0,0.0,528192.0,842688.0,14402304.0,0.0
0.0,0.0,0.0,0.0,681408.0,0.0,0.0,0.0
0.0,0.0,0.0,0.0,0.0,0.0,2060352.0,0.0
0.0,0.0,0.0,0.0,612864.0,0.0,0.0,0.0
0.0,0.0,0.0,0.0,0.0,0.0,2403072.0,0.0
0.0,0.0,0.0,0.0,0.0,0.0,2060352.0,0.0
0.0,0.0,0.0,0.0,0.0,0.0,2399040.0,0.0
0.0,0.0,0.0,0.0,0.0,0.0,2403072.0,0.0
0.0,0.0,0.0,0.0,0.0,0.0,2060352.0,0.0
0.0,0.0,7878528.0,0.0,0.0,0.0,0.0,0.0
0.0,0.0,0.0,0.0,0.0,983808.0,0.0,0.0
0.0,0.0,0.0,0.0,0.0,0.0,0.0,0.0
0.0,0.0,0.0,0.0,0.0,1072512.0,0.0,0.0
0.0,0.0,0.0,338688.0,0.0,0.0,0.0,0.0
0.0,0.0,0.0,0.0,0.0,0.0,0.0,0.0
0.0,0.0,12003264.0,1153152.0,0.0,0.0,0.0,0.0
0.0,0.0,0.0,2689344.0,0.0,0.0,0.0,0.0
0.0,0.0,0.0,0.0,0.0,979776.0,0.0,0.0
0.0,0.0,0.0,197568.0,0.0,0.0,0.0,0.0
0.0,0.0,0.0,1201536.0,0.0,0.0,0.0,0.0
0.0,0.0,0.0,0.0,0.0,0.0,0.0,0.0
0.0,0.0,0.0,1197504.0,0.0,0.0,0.0,0.0
0.0,0.0,0.0,1201536.0,0.0,0.0,0.0,0.0
0.0,0.0,0.0,633024.0,0.0,0.0,0.0,0.0
0.0,0.0,0.0,737856.0,0.0,887040.0,0.0,0.0
0.0,0.0,0.0,0.0,0.0,0.0,0.0,0.0
0.0,0.0,0.0,737856.0,0.0,1201536.0,0.0,0.0
0.0,0.0,0.0,1032192.0,0.0,0.0,0.0,0.0
0.0,0.0,0.0,480266.6666666667,0.0,0.0,0.0,0.0
0.0,0.0,0.0,0.0,0.0,0.0,0.0,0.0
0.0,0.0,0.0,0.0,0.0,0.0,0.0,0.0
0.0,0.0,0.0,0.0,0.0,0.0,0.0,0.0
0.0,0.0,0.0,0.0,157248.0,0.0,0.0,0.0
0.0,0.0,0.0,0.0,842688.0,0.0,0.0,0.0
0.0,0.0,0.0,0.0,737856.0,1201536.0,0.0,0.0
0.0,0.0,0.0,0.0,0.0,0.0,0.0,0.0
0.0,0.0,0.0,0.0,0.0,0.0,0.0,0.0
0.0,0.0,0.0,0.0,737856.0,1201536.0,0.0,0.0
0.0,0.0,0.0,0.0,699781.3333333334,1201536.0,0.0,0.0
0.0,8410752.0,0.0,0.0,0.0,0.0,0.0,0.0
0.0,7205184.0,0.0,0.0,628992.0,1028160.0,0.0,0.0
0.0,0.0,0.0,0.0,0.0,0.0,0.0,0.0
0.0,0.0,0.0,0.0,737856.0,1201536.0,0.0,0.0
4032.0,0.0,0.0,0.0,0.0,299173.3333333333,0.0,0.0
0.0,0.0,0.0,0.0,0.0,0.0,0.0,0.0
0.0,0.0,0.0,963648.0,0.0,0.0,0.0,0.0
0.0,0.0,0.0,983808.0,0.0,0.0,0.0,0.0
0.0,0.0,0.0,842688.0,0.0,6181056.0,0.0,0.0
0.0,0.0,0.0,0.0,0.0,0.0,0.0,0.0
0.0,0.0,0.0,979776.0,4032.0,4119610.6666666665,0.0,0.0
0.0,0.0,0.0,0.0,0.0,0.0,0.0,52416.0
0.0,0.0,0.0,987840.0,0.0,0.0,0.0,620928.0
0.0,0.0,0.0,0.0,0.0,0.0,0.0,0.0
0.0,0.0,0.0,955584.0,0.0,0.0,0.0,0.0
0.0,552384.0,0.0,842688.0,0.0,0.0,0.0,0.0
0.0,0.0,0.0,0.0,0.0,0.0,0.0,0.0
0.0,1080576.0,0.0,0.0,0.0,0.0,0.0,0.0
0.0,0.0,0.0,842688.0,0.0,0.0,0.0,0.0
0.0,0.0,0.0,0.0,0.0,0.0,0.0,0.0
0.0,0.0,0.0,0.0,0.0,0.0,0.0,0.0
0.0,947520.0,0.0,737856.0,0.0,0.0,0.0,612864.0
0.0,0.0,0.0,0.0,0.0,0.0,0.0,737856.0
0.0,1104768.0,0.0,983808.0,0.0,0.0,0.0,0.0
0.0,0.0,0.0,561253.3333333334,0.0,0.0,0.0,0.0
0.0,1104768.0,0.0,0.0,0.0,0.0,4032.0,0.0
0.0,0.0,0.0,0.0,0.0,0.0,0.0,762048.0
0.0,2979648.0,0.0,0.0,0.0,0.0,0.0,0.0
0.0,4032.0,0.0,0.0,0.0,0.0,0.0,0.0
0.0,7519680.0,0.0,641088.0,0.0,0.0,0.0,770112.0
0.0,0.0,0.0,0.0,0.0,0.0,0.0,633024.0
786240.0,7676928.0,0.0,657216.0,0.0,0.0,0.0,786240.0
0.0,0.0,0.0,0.0,0.0,0.0,0.0,633024.0
0.0,0.0,0.0,0.0,0.0,0.0,0.0,737856.0
737856.0,7205184.0,0.0,612864.0,0.0,0.0,0.0,737856.0
633024.0,6181056.0,0.0,528192.0,0.0,0.0,0.0,633024.0
0.0,7201152.0,0.0,0.0,0.0,0.0,0.0,616896.0
0.0,0.0,0.0,0.0,0.0,0.0,0.0,0.0
0.0,0.0,0.0,0.0,0.0,0.0,0.0,0.0
0.0,0.0,0.0,0.0,0.0,0.0,0.0,0.0
0.0,0.0,0.0,0.0,0.0,0.0,0.0,0.0
0.0,0.0,0.0,0.0,0.0,0.0,0.0,0.0
0.0,6826176.0,2165184.0,0.0,0.0,0.0,0.0,584640.0
0.0,2925893.333333333,0.0,612864.0,0.0,0.0,1108800.0,0.0
0.0,0.0,12241152.0,0.0,0.0,0.0,0.0,0.0
0.0,0.0,0.0,528192.0,0.0,0.0,947520.0,0.0
0.0,0.0,7189808.0,0.0,0.0,0.0,4032.0,0.0
5060160.0,0.0,0.0,0.0,0.0,0.0,0.0,0.0
8662261.333333334,0.0,0.0,0.0,0.0,0.0,0.0,0.0
0.0,0.0,0.0,0.0,0.0,0.0,0.0,0.0
0.0,0.0,0.0,0.0,0.0,0.0,0.0,616896.0
0.0,0.0,0.0,12011328.0,0.0,0.0,0.0,0.0
6797952.0,0.0,0.0,0.0,0.0,0.0,0.0,0.0
862848.0,0.0,0.0,1814400.0,0.0,0.0,0.0,0.0
0.0,0.0,0.0,10533429.333333334,4032.0,1068480.0,0.0,0.0
0.0,0.0,0.0,0.0,0.0,842688.0,0.0,0.0
249984.0,0.0,0.0,0.0,0.0,1052352.0,0.0,0.0
528192.0,0.0,0.0,0.0,0.0,842688.0,0.0,0.0
612864.0,0.0,0.0,0.0,0.0,983808.0,0.0,0.0
616896.0,0.0,0.0,0.0,0.0,983808.0,0.0,0.0
612864.0,0.0,0.0,0.0,0.0,987840.0,0.0,0.0
528192.0,0.0,0.0,0.0,0.0,842688.0,0.0,0.0
612864.0,0.0,0.0,0.0,0.0,983808.0,0.0,0.0
0.0,0.0,0.0,0.0,0.0,1028160.0,899136.0,0.0
528192.0,0.0,0.0,0.0,0.0,842688.0,0.0,0.0
1729728.0,0.0,0.0,1955520.0,0.0,0.0,0.0,0.0
0.0,0.0,2060352.0,0.0,0.0,0.0,0.0,528192.0
616896.0,0.0,0.0,0.0,0.0,983808.0,0.0,0.0
1600704.0,0.0,0.0,1814400.0,0.0,0.0,0.0,0.0
1596672.0,0.0,0.0,1744762.6666666667,0.0,0.0,0.0,0.0
0.0,4032.0,472202.6666666667,0.0,0.0,0.0,4032.0,0.0
0.0,4032.0,0.0,0.0,0.0,0.0,862848.0,0.0
1596672.0,0.0,0.0,0.0,0.0,0.0,0.0,0.0
0.0,0.0,0.0,0.0,0.0,0.0,0.0,612864.0
0.0,0.0,0.0,0.0,0.0,0.0,0.0,528192.0
0.0,0.0,0.0,0.0,0.0,0.0,0.0,616896.0
0.0,0.0,0.0,0.0,0.0,0.0,0.0,612864.0
0.0,0.0,0.0,0.0,0.0,0.0,0.0,612864.0
0.0,0.0,0.0,0.0,0.0,0.0,0.0,499968.0
1798272.0,0.0,0.0,0.0,0.0,0.0,0.0,721728.0
495936.0,0.0,0.0,4032.0,0.0,0.0,0.0,0.0
266112.0,0.0,0.0,3878784.0,0.0,0.0,0.0,0.0
1600704.0,0.0,0.0,0.0,0.0,0.0,0.0,616896.0
0.0,0.0,0.0,12015360.0,0.0,0.0,12866112.0,0.0
0.0,0.0,0.0,4443696.0,4032.0,0.0,7572096.0,0.0
1596672.0,0.0,0.0,0.0,0.0,0.0,0.0,608832.0
1370880.0,0.0,0.0,0.0,0.0,0.0,0.0,168624.0
1592640.0,0.0,0.0,0.0,0.0,0.0,7205184.0,0.0
0.0,0.0,0.0,0.0,0.0,0.0,7705152.0,0.0
528192.0,0.0,0.0,0.0,0.0,0.0,0.0,2185344.0
1600704.0,0.0,0.0,0.0,0.0,0.0,0.0,0.0
0.0,0.0,0.0,0.0,362880.0,0.0,7209216.0,0.0
1596672.0,0.0,0.0,0.0,0.0,0.0,0.0,0.0
0.0,0.0,0.0,0.0,616896.0,0.0,7205184.0,0.0
616896.0,0.0,0.0,0.0,612864.0,0.0,0.0,7209216.0
524160.0,0.0,0.0,0.0,528192.0,0.0,0.0,6177024.0
1600704.0,0.0,0.0,0.0,0.0,616896.0,4032.0,0.0
645120.0,0.0,0.0,0.0,649152.0,0.0,0.0,7560000.0
0.0,0.0,0.0,0.0,524160.0,0.0,0.0,0.0
1600704.0,4032.0,0.0,0.0,0.0,0.0,0.0,0.0
1596672.0,0.0,0.0,0.0,0.0,0.0,0.0,0.0
612864.0,0.0,0.0,0.0,616896.0,0.0,0.0,2532848.0
633024.0,0.0,0.0,0.0,0.0,0.0,0.0,0.0
737856.0,0.0,0.0,0.0,0.0,612864.0,0.0,0.0
737856.0,0.0,0.0,0.0,0.0,0.0,2403072.0,0.0
737856.0,0.0,0.0,0.0,0.0,0.0,2403072.0,0.0
0.0,0.0,0.0,0.0,528192.0,0.0,2060352.0,0.0
737856.0,0.0,0.0,0.0,4032.0,0.0,2399040.0,0.0
737856.0,0.0,0.0,0.0,0.0,0.0,2403072.0,0.0
0.0,0.0,0.0,0.0,612864.0,0.0,0.0,0.0
737856.0,0.0,0.0,0.0,0.0,0.0,0.0,0.0
633024.0,0.0,0.0,0.0,0.0,0.0,0.0,4032.0
52848.0,0.0,0.0,0.0,0.0,0.0,0.0,0.0
0.0,0.0,0.0,0.0,0.0,616896.0,0.0,0.0
0.0,0.0,0.0,0.0,0.0,0.0,0.0,0.0
0.0,0.0,0.0,0.0,0.0,524160.0,0.0,0.0
951552.0,0.0,0.0,0.0,681408.0,0.0,13265280.0,0.0
0.0,697536.0,0.0,0.0,0.0,528192.0,0.0,0.0
858816.0,0.0,0.0,0.0,616896.0,0.0,8402688.0,0.0
0.0,1108800.0,0.0,0.0,612864.0,0.0,0.0,0.0
0.0,1104768.0,0.0,0.0,0.0,612864.0,0.0,0.0
737856.0,0.0,0.0,0.0,528192.0,0.0,7205184.0,0.0
0.0,0.0,0.0,4032.0,0.0,0.0,8262000.0,0.0
0.0,0.0,0.0,0.0,0.0,612864.0,0.0,0.0
0.0,0.0,0.0,0.0,628992.0,0.0,0.0,0.0
0.0,0.0,0.0,0.0,528192.0,0.0,0.0,0.0
0.0,0.0,0.0,0.0,1128960.0,0.0,0.0,0.0
858816.0,0.0,0.0,0.0,3019968.0,0.0,0.0,0.0
81098.66666666667,0.0,0.0,0.0,3015936.0,0.0,0.0,0.0
0.0,0.0,0.0,0.0,2588544.0,0.0,0.0,0.0
0.0,858816.0,0.0,0.0,0.0,0.0,0.0,0.0
0.0,862848.0,0.0,0.0,0.0,0.0,0.0,0.0
0.0,0.0,947520.0,0.0,2584512.0,0.0,0.0,0.0
0.0,0.0,1108800.0,0.0,3015936.0,0.0,0.0,0.0
0.0,0.0,0.0,737856.0,3019968.0,0.0,0.0,0.0
0.0,0.0,0.0,0.0,0.0,616896.0,0.0,0.0
0.0,0.0,0.0,0.0,0.0,0.0,0.0,0.0
0.0,0.0,0.0,0.0,0.0,5890752.0,0.0,0.0
0.0,0.0,0.0,0.0,0.0,0.0,0.0,0.0
0.0,0.0,1104768.0,0.0,0.0,0.0,0.0,0.0
0.0,0.0,0.0,0.0,0.0,7822080.0,0.0,0.0
0.0,0.0,0.0,0.0,0.0,0.0,0.0,0.0
0.0,0.0,0.0,0.0,0.0,6701184.0,0.0,0.0
0.0,0.0,0.0,737856.0,0.0,0.0,0.0,0.0
0.0,0.0,0.0,0.0,0.0,0.0,2399040.0,0.0
0.0,0.0,0.0,0.0,0.0,0.0,2403072.0,0.0
0.0,0.0,0.0,0.0,0.0,6697152.0,0.0,0.0
0.0,0.0,0.0,0.0,0.0,0.0,2399040.0,0.0
0.0,0.0,0.0,0.0,0.0,7818048.0,0.0,0.0
0.0,0.0,0.0,0.0,0.0,7818048.0,0.0,0.0
0.0,0.0,0.0,0.0,0.0,6709248.0,0.0,0.0
0.0,0.0,0.0,0.0,0.0,7818048.0,0.0,0.0
0.0,4032.0,0.0,0.0,0.0,0.0,2403072.0,0.0
0.0,0.0,0.0,0.0,0.0,612864.0,0.0,0.0
7576128.0,0.0,1939392.0,0.0,0.0,0.0,2524032.0,0.0
0.0,584640.0,0.0,4032.0,0.0,0.0,7193088.0,0.0
0.0,0.0,0.0,737856.0,0.0,0.0,8410752.0,0.0
0.0,1201536.0,0.0,0.0,0.0,0.0,8410752.0,0.0
7205184.0,0.0,737856.0,0.0,0.0,0.0,0.0,0.0
0.0,0.0,0.0,0.0,0.0,616896.0,0.0,0.0
0.0,0.0,277488.0,0.0,0.0,0.0,0.0,0.0
0.0,0.0,0.0,0.0,0.0,528192.0,0.0,0.0
0.0,0.0,0.0,0.0,0.0,8233344.0,0.0,0.0
0.0,0.0,0.0,375781.3333333333,4032.0,0.0,0.0,0.0
0.0,0.0,0.0,0.0,0.0,0.0,1003968.0,0.0
0.0,0.0,0.0,0.0,0.0,6172992.0,0.0,0.0
0.0,0.0,0.0,0.0,0.0,7205184.0,0.0,0.0
2181312.0,0.0,0.0,0.0,0.0,7209216.0,0.0,0.0
0.0,0.0,0.0,0.0,0.0,0.0,0.0,0.0
0.0,0.0,0.0,0.0,0.0,0.0,0.0,0.0
2399040.0,0.0,858816.0,0.0,0.0,0.0,1104768.0,0.0
0.0,0.0,0.0,0.0,0.0,0.0,0.0,0.0
2303797.333333333,0.0,858816.0,0.0,0.0,0.0,1108800.0,4032.0
0.0,0.0,0.0,0.0,1221696.0,0.0,0.0,0.0
0.0,0.0,0.0,0.0,1028160.0,6172992.0,0.0,0.0
0.0,0.0,0.0,0.0,0.0,7205184.0,0.0,0.0
0.0,0.0,0.0,0.0,0.0,6265274.666666667,4032.0,0.0
0.0,616896.0,0.0,0.0,0.0,0.0,1104768.0,0.0
0.0,0.0,0.0,0.0,1237824.0,0.0,0.0,0.0
0.0,0.0,0.0,0.0,1091952.0,0.0,0.0,0.0
0.0,528192.0,0.0,0.0,0.0,0.0,0.0,0.0
0.0,0.0,0.0,0.0,0.0,0.0,0.0,0.0
0.0,612864.0,0.0,0.0,0.0,0.0,1108800.0,0.0
0.0,616896.0,0.0,0.0,0.0,0.0,1104768.0,0.0
0.0,0.0,0.0,0.0,0.0,842688.0,0.0,0.0
0.0,616896.0,5253696.0,0.0,0.0,0.0,1104768.0,0.0
0.0,677376.0,0.0,0.0,0.0,0.0,0.0,0.0
0.0,0.0,0.0,0.0,0.0,842688.0,0.0,0.0
9608256.0,0.0,0.0,0.0,0.0,983808.0,0.0,0.0
0.0,8064.0,0.0,0.0,0.0,983808.0,0.0,0.0
2403072.0,616896.0,0.0,0.0,0.0,0.0,0.0,0.0
0.0,616896.0,0.0,0.0,0.0,1685376.0,0.0,0.0
0.0,524160.0,0.0,0.0,0.0,1870848.0,0.0,0.0
0.0,616896.0,0.0,0.0,0.0,2185344.0,0.0,0.0
0.0,612864.0,0.0,0.0,0.0,2185344.0,0.0,0.0
249984.0,0.0,0.0,0.0,0.0,2314368.0,0.0,0.0
0.0,528192.0,0.0,0.0,0.0,0.0,0.0,0.0
0.0,612864.0,0.0,0.0,0.0,983808.0,0.0,0.0
1290240.0,661248.0,0.0,0.0,0.0,0.0,0.0,0.0
0.0,612864.0,0.0,0.0,0.0,979776.0,0.0,0.0
1028160.0,528192.0,0.0,0.0,0.0,0.0,0.0,0.0
0.0,612864.0,0.0,0.0,0.0,983808.0,0.0,0.0
0.0,612864.0,0.0,0.0,0.0,0.0,0.0,737856.0
0.0,612864.0,0.0,0.0,0.0,983808.0,0.0,0.0
1201536.0,0.0,0.0,0.0,0.0,1076544.0,0.0,0.0
0.0,528192.0,0.0,0.0,0.0,0.0,0.0,633024.0
0.0,612864.0,0.0,0.0,0.0,0.0,0.0,0.0
0.0,616896.0,0.0,0.0,0.0,0.0,0.0,0.0
0.0,0.0,0.0,0.0,0.0,1721664.0,0.0,0.0
0.0,524160.0,0.0,947520.0,0.0,0.0,0.0,628992.0
0.0,612864.0,0.0,0.0,0.0,1721664.0,0.0,0.0
0.0,685440.0,0.0,9350208.0,0.0,1393978.6666666667,4032.0,0.0
0.0,528192.0,0.0,7209216.0,0.0,633024.0,270144.0,0.0
0.0,612864.0,0.0,8406720.0,0.0,737856.0,737856.0,0.0
0.0,616896.0,0.0,0.0,0.0,0.0,0.0,0.0
0.0,0.0,0.0,0.0,0.0,786240.0,786240.0,0.0
0.0,524160.0,0.0,7197120.0,0.0,633024.0,633024.0,0.0
0.0,685440.0,0.0,9370368.0,0.0,822528.0,822528.0,0.0
0.0,0.0,0.0,7209216.0,0.0,0.0,0.0,0.0
0.0,616896.0,0.0,8406720.0,0.0,737856.0,741888.0,0.0
0.0,0.0,4032.0,0.0,0.0,0.0,0.0,0.0
0.0,0.0,0.0,8410752.0,0.0,0.0,0.0,0.0
0.0,620928.0,0.0,8515584.0,0.0,745920.0,0.0,0.0
0.0,0.0,0.0,1688954.6666666667,0.0,0.0,0.0,0.0
0.0,0.0,0.0,0.0,0.0,741888.0,0.0,11229120.0
4032.0,0.0,0.0,0.0,0.0,4032.0,0.0,8849146.666666666
0.0,0.0,0.0,0.0,0.0,633024.0,0.0,0.0
0.0,0.0,0.0,0.0,0.0,0.0,0.0,0.0
0.0,524160.0,0.0,0.0,0.0,633024.0,0.0,0.0
0.0,0.0,0.0,0.0,0.0,737856.0,0.0,0.0
0.0,0.0,0.0,0.0,0.0,1197504.0,0.0,0.0
0.0,0.0,0.0,0.0,0.0,1201536.0,0.0,0.0
0.0,528192.0,0.0,0.0,0.0,628992.0,0.0,0.0
32256.0,0.0,0.0,0.0,0.0,0.0,0.0,0.0
955584.0,0.0,0.0,0.0,0.0,0.0,0.0,0.0
737856.0,0.0,0.0,4032.0,0.0,0.0,0.0,0.0
862848.0,4032.0,0.0,0.0,0.0,737856.0,0.0,0.0
0.0,0.0,0.0,0.0,0.0,790272.0,0.0,0.0
737856.0,0.0,0.0,0.0,0.0,0.0,4612608.0,0.0
0.0,0.0,0.0,0.0,0.0,0.0,0.0,0.0
858816.0,0.0,0.0,0.0,0.0,0.0,7209216.0,0.0
862848.0,0.0,0.0,0.0,0.0,0.0,2928037.333333333,0.0
0.0,0.0,16107840.0,0.0,4290048.0,668218.6666666666,4032.0,0.0
0.0,0.0,1096704.0,0.0,7124544.0,0.0,0.0,850752.0
0.0,0.0,0.0,0.0,7148736.0,0.0,0.0,0.0
0.0,0.0,0.0,0.0,6177024.0,0.0,0.0,0.0
862848.0,0.0,0.0,0.0,0.0,0.0,0.0,0.0
0.0,0.0,1108800.0,0.0,7209216.0,0.0,737856.0,398074.6666666667
919296.0,0.0,1185408.0,0.0,0.0,0.0,0.0,0.0
0.0,0.0,0.0,0.0,6181056.0,8237376.0,0.0,0.0
1721664.0,0.0,1108800.0,0.0,7649344.0,0.0,0.0,0.0
1721664.0,0.0,0.0,0.0,0.0,0.0,0.0,0.0
1794240.0,0.0,1153152.0,0.0,0.0,0.0,0.0,0.0
1475712.0,0.0,951552.0,0.0,0.0,0.0,0.0,0.0
0.0,0.0,1108800.0,8414784.0,504752.0,0.0,737856.0,0.0
1721664.0,0.0,1108800.0,0.0,0.0,983808.0,0.0,0.0
1842624.0,0.0,1181376.0,0.0,0.0,1052352.0,0.0,0.0
1475712.0,0.0,0.0,0.0,0.0,0.0,0.0,0.0
1721664.0,0.0,1104768.0,0.0,0.0,983808.0,0.0,0.0
1721664.0,0.0,1108800.0,0.0,0.0,983808.0,0.0,0.0
0.0,0.0,0.0,8406720.0,0.0,0.0,0.0,0.0
1475712.0,0.0,0.0,0.0,0.0,0.0,0.0,0.0
1721664.0,0.0,1108800.0,0.0,0.0,983808.0,0.0,0.0
1927296.0,0.0,0.0,0.0,0.0,0.0,0.0,0.0
1475712.0,0.0,947520.0,0.0,0.0,846720.0,0.0,0.0
0.0,0.0,1221696.0,0.0,0.0,0.0,818496.0,0.0
1509493.3333333333,0.0,0.0,0.0,0.0,0.0,0.0,4032.0
1600704.0,0.0,0.0,0.0,0.0,0.0,0.0,0.0
0.0,0.0,1842624.0,0.0,0.0,0.0,737856.0,0.0
1600704.0,0.0,0.0,0.0,0.0,0.0,0.0,0.0
0.0,0.0,1846656.0,0.0,0.0,4032.0,737856.0,0.0
0.0,0.0,1580544.0,0.0,0.0,0.0,633024.0,0.0
1596672.0,4032.0,1846656.0,3367525.333333333,0.0,979776.0,0.0,0.0
1596672.0,0.0,0.0,0.0,0.0,0.0,0.0,0.0
0.0,0.0,1318896.0,0.0,0.0,0.0,737856.0,4032.0
0.0,0.0,0.0,0.0,0.0,0.0,0.0,0.0
0.0,0.0,0.0,0.0,0.0,0.0,0.0,0.0
858816.0,0.0,737856.0,0.0,0.0,983808.0,0.0,0.0
0.0,4122229.3333333335,737856.0,0.0,0.0,0.0,737856.0,0.0
0.0,0.0,737856.0,0.0,0.0,0.0,737856.0,0.0
0.0,0.0,0.0,0.0,0.0,0.0,0.0,0.0
737856.0,0.0,628992.0,0.0,0.0,842688.0,0.0,0.0
0.0,0.0,737856.0,0.0,0.0,0.0,737856.0,0.0
0.0,0.0,737856.0,0.0,0.0,983808.0,0.0,0.0
0.0,0.0,0.0,0.0,0.0,0.0,0.0,0.0
0.0,0.0,0.0,0.0,0.0,0.0,0.0,0.0
0.0,0.0,737856.0,0.0,0.0,0.0,737856.0,0.0
0.0,471744.0,737856.0,0.0,0.0,0.0,737856.0,0.0
0.0,612864.0,737856.0,0.0,0.0,0.0,741888.0,0.0
0.0,0.0,0.0,0.0,0.0,0.0,0.0,0.0
0.0,0.0,0.0,0.0,0.0,0.0,0.0,0.0
0.0,524160.0,633024.0,0.0,8237376.0,0.0,633024.0,0.0
0.0,616896.0,737856.0,0.0,9608256.0,0.0,737856.0,0.0
0.0,0.0,0.0,0.0,0.0,0.0,0.0,0.0
0.0,616896.0,737856.0,0.0,9612288.0,0.0,737856.0,0.0
0.0,737856.0,0.0,0.0,9608256.0,0.0,0.0,0.0
0.0,528192.0,633024.0,0.0,4708922.666666667,4032.0,633024.0,0.0
0.0,0.0,0.0,1104768.0,0.0,0.0,0.0,0.0
0.0,798336.0,0.0,0.0,0.0,0.0,0.0,0.0
0.0,0.0,0.0,1088640.0,4032.0,0.0,0.0,0.0
0.0,0.0,0.0,951552.0,0.0,0.0,0.0,0.0
0.0,737856.0,0.0,0.0,0.0,0.0,0.0,0.0
0.0,616896.0,737856.0,0.0,0.0,0.0,298800.0,0.0
0.0,612864.0,737856.0,0.0,0.0,0.0,0.0,0.0
0.0,737856.0,737856.0,0.0,0.0,0.0,932917.3333333334,0.0
0.0,0.0,0.0,0.0,0.0,0.0,0.0,0.0
0.0,0.0,0.0,0.0,0.0,0.0,0.0,0.0
0.0,310464.0,737856.0,0.0,0.0,0.0,0.0,0.0
0.0,737856.0,737856.0,0.0,0.0,0.0,0.0,0.0
0.0,786240.0,12096.0,2559434.6666666665,0.0,0.0,0.0,0.0
0.0,0.0,0.0,0.0,0.0,0.0,0.0,0.0
0.0,0.0,0.0,0.0,0.0,0.0,0.0,0.0
18789120.0,685440.0,14740992.0,2403072.0,0.0,0.0,0.0,0.0
16785216.0,616896.0,7205989.333333333,2403072.0,0.0,0.0,0.0,0.0
16805376.0,612864.0,0.0,2403072.0,0.0,0.0,0.0,0.0
0.0,737856.0,0.0,2399040.0,0.0,0.0,628992.0,0.0
0.0,745920.0,0.0,2431296.0,0.0,0.0,870912.0,0.0
0.0,633024.0,0.0,0.0,0.0,0.0,0.0,0.0
0.0,612864.0,0.0,2403072.0,0.0,0.0,0.0,0.0
0.0,737856.0,0.0,0.0,0.0,0.0,0.0,0.0
0.0,612864.0,0.0,2403072.0,0.0,0.0,0.0,0.0
0.0,616896.0,0.0,2403072.0,0.0,0.0,0.0,0.0
0.0,612864.0,0.0,2399040.0,0.0,0.0,0.0,0.0
0.0,737856.0,0.0,2399040.0,0.0,0.0,862848.0,0.0
0.0,0.0,0.0,0.0,0.0,0.0,737856.0,0.0
0.0,0.0,0.0,0.0,0.0,0.0,923328.0,0.0
4032.0,0.0,0.0,0.0,0.0,0.0,0.0,0.0
0.0,0.0,0.0,0.0,0.0,0.0,0.0,0.0
842688.0,633024.0,0.0,0.0,0.0,0.0,6297984.0,0.0
0.0,0.0,0.0,0.0,0.0,0.0,0.0,0.0
0.0,737856.0,0.0,0.0,0.0,0.0,0.0,0.0
0.0,688378.6666666666,0.0,4032.0,0.0,0.0,0.0,0.0
0.0,0.0,729792.0,0.0,0.0,0.0,0.0,0.0
0.0,0.0,0.0,0.0,0.0,0.0,528192.0,0.0
983808.0,0.0,0.0,0.0,0.0,0.0,612864.0,0.0
859274.6666666666,0.0,0.0,0.0,0.0,0.0,616896.0,0.0
0.0,0.0,0.0,0.0,0.0,0.0,0.0,0.0
0.0,0.0,1108800.0,0.0,0.0,0.0,0.0,0.0
0.0,0.0,1104768.0,0.0,0.0,0.0,0.0,0.0
0.0,749952.0,0.0,0.0,0.0,0.0,0.0,0.0
0.0,0.0,0.0,0.0,0.0,0.0,524160.0,0.0
0.0,737856.0,1104768.0,0.0,0.0,0.0,0.0,0.0
0.0,737856.0,0.0,0.0,0.0,0.0,0.0,0.0
0.0,0.0,0.0,0.0,0.0,0.0,616896.0,0.0
0.0,0.0,0.0,0.0,0.0,0.0,616896.0,0.0
0.0,741888.0,1104768.0,0.0,0.0,0.0,0.0,0.0
0.0,749952.0,0.0,0.0,0.0,0.0,0.0,0.0
0.0,0.0,0.0,0.0,0.0,0.0,0.0,0.0
0.0,0.0,0.0,0.0,0.0,0.0,0.0,0.0
0.0,0.0,2197440.0,0.0,0.0,0.0,0.0,0.0
0.0,0.0,1895040.0,0.0,0.0,0.0,0.0,0.0
0.0,0.0,2213568.0,0.0,0.0,0.0,0.0,0.0
0.0,0.0,0.0,0.0,0.0,0.0,0.0,0.0
0.0,737856.0,0.0,0.0,0.0,0.0,0.0,0.0
0.0,0.0,10144512.0,0.0,0.0,0.0,0.0,0.0
0.0,0.0,0.0,0.0,0.0,4032.0,0.0,0.0
677376.0,737856.0,0.0,0.0,0.0,0.0,0.0,8064.0
858816.0,737856.0,0.0,0.0,0.0,0.0,0.0,4032.0
737856.0,633024.0,0.0,0.0,0.0,0.0,0.0,12096.0
737856.0,0.0,0.0,0.0,737856.0,0.0,0.0,0.0
858816.0,737856.0,0.0,0.0,0.0,0.0,0.0,0.0
1108800.0,947520.0,0.0,0.0,0.0,0.0,0.0,0.0
0.0,0.0,0.0,0.0,0.0,0.0,0.0,0.0
737856.0,0.0,0.0,0.0,737856.0,0.0,0.0,0.0
0.0,0.0,0.0,0.0,0.0,0.0,0.0,0.0
737856.0,0.0,0.0,0.0,737856.0,0.0,0.0,0.0
741888.0,0.0,0.0,0.0,737856.0,0.0,0.0,0.0
0.0,0.0,0.0,0.0,0.0,0.0,0.0,0.0
0.0,0.0,7180992.0,0.0,0.0,0.0,0.0,0.0
858816.0,737856.0,483840.0,0.0,0.0,0.0,0.0,0.0
0.0,0.0,6323413.333333333,0.0,0.0,0.0,0.0,8064.0
737856.0,633024.0,0.0,0.0,0.0,0.0,0.0,0.0
951552.0,818496.0,0.0,0.0,0.0,0.0,0.0,0.0
0.0,0.0,959616.0,0.0,721728.0,0.0,0.0,0.0
7201152.0,0.0,0.0,0.0,0.0,0.0,0.0,0.0
8398656.0,0.0,0.0,0.0,0.0,0.0,0.0,0.0
8410752.0,0.0,0.0,0.0,0.0,0.0,0.0,0.0
8406720.0,0.0,0.0,0.0,0.0,0.0,0.0,0.0
862848.0,737856.0,0.0,0.0,0.0,0.0,0.0,0.0
0.0,0.0,0.0,0.0,0.0,0.0,0.0,0.0
0.0,0.0,0.0,0.0,0.0,0.0,0.0,0.0
0.0,0.0,0.0,0.0,0.0,0.0,0.0,0.0
737856.0,0.0,983808.0,0.0,737856.0,0.0,0.0,0.0
862848.0,737856.0,0.0,4032.0,0.0,0.0,0.0,0.0
0.0,0.0,0.0,0.0,0.0,0.0,0.0,0.0
862848.0,737856.0,0.0,0.0,0.0,8975232.0,0.0,0.0
0.0,0.0,0.0,737856.0,737856.0,0.0,0.0,0.0
737856.0,633024.0,0.0,0.0,0.0,972517.3333333334,0.0,0.0
1201536.0,0.0,0.0,737856.0,737856.0,0.0,0.0,0.0
0.0,0.0,0.0,737856.0,0.0,0.0,0.0,0.0
0.0,0.0,0.0,0.0,0.0,0.0,0.0,0.0
17978688.0,468144.0,0.0,0.0,4032.0,0.0,0.0,0.0
10769904.0,0.0,0.0,0.0,0.0,0.0,0.0,0.0
1338624.0,0.0,0.0,0.0,818496.0,0.0,0.0,0.0
934704.0,0.0,0.0,4032.0,0.0,0.0,0.0,0.0
0.0,0.0,0.0,0.0,0.0,0.0,0.0,0.0
0.0,0.0,0.0,0.0,794304.0,0.0,0.0,0.0
0.0,0.0,0.0,0.0,0.0,0.0,0.0,0.0
0.0,0.0,209664.0,0.0,0.0,0.0,0.0,0.0
0.0,0.0,0.0,8632512.0,802368.0,0.0,935424.0,0.0
0.0,0.0,633024.0,0.0,0.0,6177024.0,0.0,0.0
0.0,0.0,737856.0,0.0,0.0,7205184.0,0.0,0.0
0.0,0.0,737856.0,0.0,0.0,7713216.0,0.0,0.0
0.0,0.0,737856.0,0.0,0.0,9608256.0,0.0,0.0
0.0,0.0,737856.0,0.0,0.0,9612288.0,0.0,0.0
0.0,0.0,737856.0,0.0,0.0,4203189.333333333,0.0,0.0
0.0,0.0,0.0,628992.0,0.0,0.0,0.0,0.0
0.0,0.0,737856.0,0.0,0.0,0.0,0.0,0.0
0.0,4032.0,0.0,737856.0,737856.0,0.0,0.0,0.0
0.0,0.0,737856.0,0.0,0.0,0.0,0.0,0.0
0.0,0.0,0.0,1600704.0,0.0,0.0,0.0,0.0
0.0,0.0,0.0,1596672.0,737856.0,0.0,0.0,0.0
0.0,0.0,1657152.0,0.0,0.0,0.0,0.0,0.0
0.0,0.0,0.0,1596672.0,0.0,0.0,0.0,0.0
0.0,0.0,0.0,1600704.0,347184.0,0.0,0.0,0.0
0.0,0.0,0.0,1596672.0,0.0,0.0,0.0,0.0
0.0,0.0,0.0,1596672.0,0.0,0.0,0.0,0.0
0.0,5859301.333333333,1665216.0,0.0,4032.0,0.0,0.0,0.0
0.0,0.0,1939392.0,0.0,0.0,0.0,0.0,0.0
0.0,0.0,1939392.0,0.0,0.0,0.0,0.0,0.0
0.0,0.0,831050.6666666666,0.0,0.0,0.0,0.0,4032.0
568512.0,0.0,0.0,737856.0,0.0,0.0,0.0,0.0
1032192.0,0.0,0.0,633024.0,0.0,0.0,0.0,0.0
0.0,0.0,737856.0,0.0,0.0,0.0,0.0,0.0
1201536.0,173376.0,0.0,737856.0,0.0,0.0,0.0,0.0
0.0,0.0,737856.0,0.0,0.0,0.0,737856.0,0.0
0.0,0.0,737856.0,0.0,0.0,0.0,737856.0,0.0
2403072.0,0.0,737856.0,0.0,0.0,0.0,0.0,0.0
588672.0,0.0,633024.0,0.0,0.0,0.0,633024.0,0.0
2403072.0,0.0,737856.0,0.0,0.0,0.0,0.0,0.0
0.0,822528.0,0.0,802368.0,0.0,0.0,15688512.0,0.0
0.0,842688.0,0.0,628992.0,0.0,0.0,12350016.0,0.0
2403072.0,0.0,1072512.0,0.0,0.0,0.0,0.0,4032.0
0.0,1201536.0,0.0,737856.0,0.0,0.0,18902016.0,0.0
34501.333333333336,0.0,1350720.0,0.0,0.0,6374592.0,737856.0,2403072.0
0.0,1197504.0,0.0,737856.0,0.0,12096.0,21017477.33333333,0.0
0.0,1201536.0,0.0,737856.0,4032.0,0.0,15914304.0,0.0
0.0,0.0,528192.0,0.0,0.0,0.0,633024.0,0.0
0.0,0.0,0.0,737856.0,0.0,0.0,15611904.0,0.0
0.0,1201536.0,0.0,737856.0,0.0,0.0,15615936.0,0.0
0.0,0.0,612864.0,0.0,0.0,0.0,0.0,0.0
0.0,0.0,6427008.0,0.0,0.0,0.0,0.0,0.0
0.0,1201536.0,0.0,0.0,0.0,6346368.0,15571584.0,0.0
0.0,0.0,7733376.0,0.0,0.0,0.0,729792.0,0.0
0.0,1028160.0,0.0,0.0,0.0,14378112.0,0.0,0.0
0.0,0.0,0.0,0.0,0.0,3842928.0,0.0,0.0
0.0,0.0,0.0,0.0,0.0,4032.0,0.0,0.0
0.0,1201536.0,0.0,0.0,0.0,0.0,0.0,0.0
0.0,0.0,0.0,0.0,0.0,0.0,0.0,0.0
0.0,0.0,0.0,0.0,0.0,0.0,0.0,0.0
0.0,0.0,0.0,0.0,0.0,0.0,0.0,0.0
0.0,0.0,0.0,0.0,18720576.0,2677248.0,0.0,0.0
0.0,0.0,1116864.0,0.0,0.0,4032.0,0.0,0.0
0.0,0.0,0.0,0.0,0.0,2056320.0,4032.0,0.0
0.0,0.0,0.0,0.0,0.0,0.0,0.0,0.0
0.0,0.0,1104768.0,0.0,0.0,0.0,0.0,0.0
0.0,0.0,1108800.0,0.0,0.0,0.0,0.0,0.0
0.0,0.0,0.0,0.0,0.0,0.0,4032.0,0.0
0.0,0.0,0.0,0.0,0.0,0.0,0.0,0.0
0.0,0.0,1104768.0,0.0,0.0,0.0,0.0,0.0
0.0,0.0,1104768.0,0.0,0.0,0.0,858816.0,0.0
0.0,0.0,0.0,0.0,0.0,0.0,0.0,68544.0
0.0,0.0,947520.0,0.0,0.0,0.0,0.0,0.0
0.0,0.0,1104768.0,0.0,0.0,0.0,0.0,0.0
0.0,0.0,1108800.0,0.0,0.0,0.0,862848.0,0.0
0.0,0.0,1104768.0,0.0,0.0,0.0,858816.0,0.0
0.0,0.0,0.0,0.0,0.0,0.0,0.0,737856.0
0.0,0.0,1104768.0,0.0,0.0,0.0,858816.0,0.0
0.0,0.0,947520.0,3427200.0,0.0,0.0,0.0,633024.0
0.0,0.0,0.0,0.0,0.0,9834048.0,0.0,0.0
0.0,0.0,1116864.0,741888.0,0.0,8443008.0,193994.66666666663,0.0
0.0,0.0,947520.0,633024.0,0.0,0.0,0.0,0.0
0.0,0.0,1266048.0,842688.0,0.0,9608256.0,0.0,0.0
4032.0,0.0,947520.0,146677.33333333334,0.0,7201152.0,0.0,0.0
0.0,0.0,1108800.0,0.0,0.0,0.0,0.0,0.0
0.0,0.0,0.0,0.0,0.0,9172800.0,0.0,0.0
0.0,0.0,947520.0,0.0,0.0,0.0,0.0,0.0
0.0,0.0,1104768.0,0.0,0.0,4918586.666666667,0.0,4032.0
0.0,0.0,0.0,0.0,0.0,0.0,0.0,0.0
0.0,0.0,0.0,0.0,0.0,0.0,0.0,0.0
0.0,0.0,0.0,0.0,0.0,0.0,0.0,0.0
0.0,0.0,1108800.0,0.0,0.0,0.0,0.0,0.0
0.0,0.0,1108800.0,2403072.0,0.0,0.0,0.0,0.0
0.0,0.0,1104768.0,2399040.0,4032.0,0.0,0.0,0.0
0.0,0.0,0.0,0.0,689472.0,0.0,0.0,0.0
7209216.0,0.0,1108800.0,0.0,0.0,0.0,0.0,0.0
0.0,0.0,1108800.0,2403072.0,737856.0,0.0,0.0,0.0
7209216.0,0.0,1108800.0,0.0,0.0,0.0,0.0,0.0
4524336.0,1479744.0,1104768.0,4032.0,0.0,0.0,0.0,0.0
0.0,1471680.0,1108800.0,0.0,0.0,0.0,0.0,0.0
0.0,1266048.0,947520.0,0.0,0.0,0.0,0.0,0.0
0.0,4032.0,0.0,0.0,473989.3333333333,0.0,0.0,0.0
0.0,0.0,0.0,0.0,0.0,0.0,0.0,0.0
0.0,0.0,0.0,0.0,0.0,0.0,0.0,0.0
0.0,0.0,0.0,0.0,0.0,0.0,0.0,0.0
0.0,616896.0,1108800.0,0.0,0.0,616896.0,0.0,0.0
0.0,669312.0,1205568.0,0.0,0.0,669312.0,0.0,0.0
0.0,0.0,0.0,0.0,0.0,0.0,0.0,0.0
0.0,0.0,0.0,0.0,0.0,0.0,0.0,0.0
0.0,0.0,0.0,0.0,0.0,0.0,0.0,0.0
0.0,0.0,0.0,0.0,0.0,0.0,0.0,0.0
0.0,0.0,0.0,0.0,0.0,0.0,0.0,0.0
0.0,0.0,0.0,0.0,0.0,616896.0,2403072.0,0.0
0.0,0.0,0.0,0.0,0.0,0.0,0.0,0.0
0.0,0.0,0.0,0.0,0.0,0.0,0.0,0.0
0.0,0.0,0.0,0.0,0.0,612864.0,0.0,0.0
0.0,0.0,0.0,0.0,0.0,528192.0,0.0,0.0
0.0,0.0,10805760.0,0.0,0.0,693504.0,2701440.0,0.0
0.0,4032.0,6236410.666666667,0.0,0.0,0.0,0.0,0.0
0.0,0.0,0.0,0.0,0.0,616896.0,2230501.333333333,0.0
0.0,0.0,0.0,0.0,0.0,677376.0,0.0,0.0
0.0,0.0,0.0,0.0,0.0,0.0,0.0,0.0
0.0,0.0,0.0,0.0,0.0,709632.0,0.0,0.0
0.0,0.0,0.0,0.0,0.0,524160.0,0.0,0.0
0.0,0.0,0.0,0.0,0.0,0.0,9527616.0,0.0
0.0,0.0,0.0,0.0,0.0,0.0,7205184.0,0.0
0.0,0.0,0.0,858816.0,0.0,0.0,0.0,8064000.0
0.0,0.0,0.0,0.0,0.0,0.0,8406720.0,0.0
0.0,0.0,0.0,862848.0,0.0,0.0,0.0,7357306.666666667
737856.0,0.0,7193088.0,0.0,0.0,612864.0,8410752.0,0.0
741888.0,0.0,7197120.0,0.0,0.0,616896.0,8402688.0,0.0
0.0,0.0,8406720.0,858816.0,0.0,0.0,0.0,0.0
786240.0,0.0,7701120.0,0.0,0.0,657216.0,8983296.0,0.0
90949.33333333331,0.0,4281530.666666667,0.0,0.0,528192.0,7209216.0,0.0
0.0,0.0,8402688.0,862848.0,0.0,0.0,0.0,0.0
0.0,4032.0,2524464.0,222565.3333333333,4032.0,0.0,0.0,0.0
0.0,0.0,1108800.0,0.0,0.0,612864.0,180986.66666666663,0.0
0.0,0.0,0.0,0.0,0.0,0.0,0.0,0.0
0.0,0.0,0.0,0.0,0.0,0.0,0.0,645120.0
0.0,0.0,0.0,0.0,0.0,0.0,0.0,0.0
0.0,0.0,0.0,0.0,0.0,4032.0,0.0,983808.0
0.0,0.0,0.0,0.0,0.0,628992.0,0.0,1076544.0
0.0,0.0,947520.0,10293696.0,0.0,524160.0,0.0,0.0
0.0,0.0,0.0,0.0,0.0,0.0,0.0,0.0
0.0,0.0,0.0,12011328.0,0.0,612864.0,0.0,0.0
0.0,0.0,1108800.0,11995200.0,0.0,616896.0,0.0,0.0
0.0,0.0,0.0,6496304.0,0.0,616896.0,0.0,4032.0
0.0,0.0,0.0,0.0,0.0,612864.0,0.0,983808.0
0.0,0.0,0.0,0.0,0.0,0.0,0.0,0.0
0.0,0.0,0.0,0.0,0.0,528192.0,0.0,641546.6666666666
0.0,0.0,0.0,0.0,0.0,0.0,0.0,0.0
0.0,0.0,0.0,0.0,0.0,616896.0,0.0,0.0
0.0,0.0,0.0,0.0,0.0,612864.0,0.0,0.0
0.0,0.0,0.0,0.0,0.0,0.0,0.0,0.0
0.0,2399040.0,1108800.0,1108800.0,0.0,0.0,0.0,0.0
0.0,0.0,0.0,1108800.0,0.0,0.0,0.0,0.0
0.0,0.0,0.0,1104768.0,0.0,0.0,0.0,0.0
0.0,0.0,1108800.0,1108800.0,0.0,0.0,862848.0,0.0
0.0,0.0,0.0,0.0,0.0,528192.0,0.0,0.0
899136.0,0.0,0.0,1266048.0,0.0,0.0,0.0,0.0
737856.0,0.0,0.0,572544.0,0.0,0.0,737856.0,0.0
862848.0,0.0,0.0,1104768.0,0.0,0.0,0.0,0.0
0.0,0.0,0.0,0.0,0.0,616896.0,0.0,0.0
0.0,0.0,0.0,1104768.0,0.0,0.0,862848.0,0.0
0.0,0.0,0.0,1108800.0,0.0,0.0,858816.0,0.0
862848.0,0.0,0.0,1201536.0,0.0,0.0,858816.0,0.0
0.0,0.0,0.0,947520.0,0.0,0.0,737856.0,0.0
0.0,0.0,0.0,1108800.0,0.0,0.0,858816.0,0.0
862848.0,0.0,0.0,1108800.0,0.0,0.0,0.0,0.0
0.0,0.0,0.0,0.0,0.0,616896.0,0.0,0.0
0.0,0.0,0.0,0.0,0.0,612864.0,0.0,0.0
858816.0,0.0,0.0,1197504.0,0.0,0.0,862848.0,1104768.0
0.0,0.0,0.0,947520.0,0.0,0.0,737856.0,0.0
858816.0,0.0,0.0,1201536.0,0.0,0.0,862848.0,1108800.0
0.0,0.0,0.0,0.0,0.0,612864.0,0.0,0.0
271669.3333333333,4032.0,0.0,361786.6666666667,0.0,0.0,0.0,40320.0
5225472.0,0.0,0.0,0.0,0.0,0.0,0.0,0.0
7209216.0,0.0,0.0,1201536.0,0.0,0.0,862848.0,1967616.0
1287733.3333333333,4032.0,0.0,0.0,0.0,0.0,0.0,0.0
0.0,0.0,0.0,97573.33333333331,0.0,0.0,737856.0,1689408.0
0.0,0.0,0.0,0.0,0.0,0.0,0.0,0.0
0.0,0.0,0.0,0.0,0.0,0.0,0.0,0.0
0.0,0.0,0.0,0.0,0.0,4032.0,862848.0,0.0
0.0,0.0,0.0,0.0,0.0,0.0,29029.33333333333,0.0
0.0,0.0,0.0,0.0,0.0,0.0,0.0,0.0
0.0,0.0,0.0,0.0,0.0,0.0,0.0,0.0
0.0,0.0,0.0,0.0,0.0,0.0,0.0,0.0
0.0,0.0,0.0,0.0,0.0,0.0,0.0,0.0
0.0,0.0,0.0,0.0,0.0,0.0,0.0,1108800.0
0.0,0.0,0.0,0.0,0.0,0.0,0.0,1108800.0
0.0,0.0,0.0,0.0,0.0,0.0,0.0,1108800.0
862848.0,0.0,0.0,0.0,0.0,0.0,0.0,0.0
0.0,0.0,0.0,0.0,0.0,0.0,0.0,951552.0
0.0,0.0,0.0,0.0,0.0,0.0,0.0,1104768.0
0.0,0.0,0.0,0.0,0.0,0.0,0.0,0.0
0.0,0.0,0.0,0.0,0.0,0.0,0.0,498874.6666666667
0.0,0.0,0.0,0.0,0.0,0.0,0.0,0.0
858816.0,0.0,0.0,0.0,0.0,0.0,0.0,0.0
862848.0,0.0,0.0,0.0,0.0,0.0,0.0,0.0
1108800.0,0.0,0.0,0.0,0.0,0.0,0.0,0.0
862848.0,0.0,0.0,0.0,0.0,0.0,0.0,0.0
1108800.0,0.0,0.0,0.0,0.0,0.0,0.0,0.0
0.0,0.0,1358784.0,0.0,0.0,0.0,0.0,0.0
16586.666666666668,0.0,0.0,0.0,0.0,0.0,0.0,0.0
0.0,0.0,0.0,0.0,0.0,0.0,0.0,0.0
1108800.0,0.0,12015360.0,0.0,1842624.0,0.0,0.0,0.0
0.0,0.0,0.0,0.0,0.0,0.0,0.0,0.0
0.0,0.0,12007296.0,0.0,0.0,0.0,0.0,0.0
0.0,0.0,12007296.0,0.0,0.0,0.0,0.0,0.0
1108800.0,0.0,12011328.0,0.0,1842624.0,0.0,0.0,0.0
1213632.0,0.0,0.0,0.0,0.0,0.0,0.0,0.0
1104768.0,4032.0,11148026.666666666,0.0,1842624.0,0.0,0.0,0.0
0.0,0.0,0.0,0.0,0.0,0.0,0.0,0.0
0.0,379008.0,0.0,0.0,0.0,0.0,0.0,0.0
1108800.0,0.0,0.0,0.0,987840.0,0.0,0.0,0.0
951552.0,10277568.0,0.0,0.0,1488613.3333333333,737856.0,0.0,0.0
0.0,0.0,0.0,0.0,0.0,0.0,0.0,0.0
0.0,6479856.0,5281920.0,0.0,0.0,0.0,0.0,0.0
1108800.0,0.0,0.0,0.0,0.0,0.0,0.0,0.0
0.0,0.0,0.0,0.0,0.0,0.0,0.0,0.0
1104768.0,4032.0,7201152.0,0.0,737856.0,858816.0,0.0,0.0
1108800.0,0.0,563386.6666666666,0.0,737856.0,90949.33333333331,0.0,0.0
0.0,0.0,0.0,0.0,0.0,0.0,0.0,0.0
0.0,0.0,0.0,0.0,0.0,0.0,0.0,0.0
0.0,0.0,0.0,0.0,774144.0,0.0,0.0,0.0
0.0,0.0,0.0,0.0,0.0,0.0,0.0,0.0
0.0,0.0,0.0,0.0,737856.0,0.0,0.0,0.0
0.0,0.0,0.0,0.0,737856.0,0.0,0.0,0.0
0.0,0.0,0.0,0.0,0.0,0.0,0.0,7205184.0
0.0,0.0,0.0,0.0,9144576.0,0.0,0.0,0.0
0.0,0.0,0.0,0.0,9148608.0,0.0,0.0,0.0
0.0,0.0,0.0,0.0,10362240.0,0.0,0.0,0.0
0.0,0.0,0.0,0.0,9144576.0,0.0,0.0,0.0
0.0,0.0,0.0,0.0,0.0,0.0,616896.0,0.0
0.0,0.0,0.0,0.0,0.0,0.0,616896.0,1205568.0
0.0,0.0,0.0,0.0,0.0,0.0,612864.0,1201536.0
0.0,4032.0,0.0,0.0,0.0,0.0,528192.0,1028160.0
0.0,0.0,0.0,0.0,0.0,0.0,616896.0,0.0
0.0,4032.0,0.0,0.0,1444208.0,0.0,0.0,0.0
0.0,0.0,0.0,0.0,0.0,0.0,0.0,0.0
0.0,0.0,0.0,0.0,0.0,0.0,693504.0,0.0
0.0,1104768.0,0.0,0.0,0.0,0.0,612864.0,1197504.0
0.0,0.0,0.0,0.0,0.0,0.0,528192.0,0.0
0.0,842688.0,0.0,0.0,0.0,0.0,0.0,0.0
0.0,1108800.0,0.0,0.0,4032.0,0.0,612864.0,1201536.0
0.0,862848.0,0.0,0.0,0.0,0.0,0.0,0.0
4032.0,1032650.6666666666,0.0,0.0,0.0,0.0,612864.0,1197504.0
0.0,858816.0,0.0,0.0,0.0,0.0,0.0,0.0
0.0,0.0,0.0,0.0,0.0,0.0,612864.0,1201536.0
0.0,862848.0,0.0,0.0,0.0,0.0,0.0,0.0
0.0,0.0,0.0,0.0,0.0,0.0,616896.0,0.0
0.0,0.0,0.0,0.0,0.0,0.0,616896.0,2403072.0
0.0,0.0,0.0,0.0,0.0,0.0,612864.0,2403072.0
0.0,8072064.0,0.0,0.0,0.0,0.0,0.0,0.0
0.0,8064000.0,0.0,0.0,0.0,0.0,0.0,0.0
0.0,8072064.0,0.0,0.0,0.0,0.0,0.0,0.0
0.0,0.0,0.0,0.0,0.0,0.0,0.0,0.0
0.0,8059968.0,0.0,0.0,0.0,0.0,0.0,0.0
616896.0,0.0,0.0,0.0,0.0,0.0,0.0,1197504.0
0.0,0.0,0.0,0.0,0.0,4032.0,0.0,0.0
616896.0,0.0,0.0,0.0,0.0,0.0,0.0,1197504.0
612864.0,0.0,0.0,0.0,0.0,0.0,0.0,1201536.0
612864.0,1330560.0,0.0,0.0,0.0,0.0,0.0,0.0
0.0,1846656.0,0.0,0.0,0.0,0.0,0.0,0.0
616896.0,0.0,0.0,0.0,0.0,7197120.0,0.0,1201536.0
612864.0,0.0,0.0,0.0,0.0,7205184.0,0.0,1201536.0
0.0,0.0,0.0,0.0,0.0,7205184.0,0.0,0.0
616896.0,1842624.0,0.0,0.0,0.0,0.0,0.0,0.0
612864.0,1468453.3333333333,0.0,0.0,4032.0,0.0,0.0,0.0
616896.0,983808.0,0.0,0.0,0.0,0.0,0.0,0.0
616896.0,0.0,0.0,0.0,0.0,0.0,0.0,0.0
0.0,4032.0,0.0,0.0,0.0,0.0,0.0,0.0
616896.0,0.0,0.0,0.0,0.0,0.0,0.0,0.0
1818432.0,673802.6666666666,0.0,0.0,4032.0,0.0,737856.0,1350720.0
1814400.0,0.0,0.0,0.0,0.0,0.0,737856.0,1354752.0
612864.0,0.0,0.0,0.0,0.0,0.0,0.0,0.0
0.0,0.0,0.0,0.0,0.0,0.0,0.0,0.0
516096.0,0.0,0.0,0.0,0.0,0.0,0.0,0.0
0.0,0.0,0.0,0.0,0.0,0.0,0.0,0.0
0.0,0.0,0.0,0.0,0.0,0.0,0.0,0.0
13200768.0,0.0,0.0,0.0,0.0,0.0,737856.0,616896.0
0.0,0.0,0.0,0.0,0.0,0.0,0.0,0.0
1201536.0,0.0,0.0,0.0,2403072.0,0.0,0.0,8064.0
1201536.0,0.0,0.0,0.0,0.0,0.0,1895040.0,616896.0
0.0,0.0,0.0,0.0,1391040.0,0.0,0.0,0.0
697536.0,0.0,0.0,0.0,0.0,0.0,0.0,0.0
7209216.0,0.0,0.0,233856.0,0.0,0.0,12019392.0,612864.0
7193088.0,0.0,0.0,1201536.0,0.0,0.0,12011328.0,616896.0
612864.0,0.0,0.0,0.0,0.0,0.0,0.0,0.0
605232.0,0.0,0.0,1201536.0,4032.0,0.0,0.0,616896.0
0.0,0.0,0.0,1201536.0,0.0,0.0,0.0,612864.0
0.0,0.0,0.0,457861.3333333333,0.0,0.0,0.0,641088.0
0.0,0.0,4032.0,0.0,0.0,0.0,0.0,528192.0
612864.0,0.0,0.0,0.0,0.0,862848.0,0.0,0.0
0.0,0.0,1249920.0,0.0,0.0,0.0,0.0,0.0
0.0,0.0,947520.0,0.0,0.0,0.0,0.0,528192.0
616896.0,0.0,0.0,0.0,0.0,862848.0,0.0,0.0
0.0,0.0,0.0,0.0,0.0,0.0,0.0,0.0
0.0,0.0,0.0,0.0,0.0,0.0,0.0,0.0
0.0,0.0,0.0,0.0,0.0,0.0,0.0,0.0
4032.0,4032.0,1043568.0,0.0,0.0,0.0,0.0,0.0
0.0,0.0,483840.0,0.0,0.0,983808.0,0.0,616896.0
0.0,0.0,0.0,0.0,0.0,0.0,0.0,0.0
0.0,0.0,842688.0,0.0,0.0,0.0,0.0,0.0
0.0,0.0,0.0,0.0,0.0,0.0,0.0,0.0
0.0,0.0,0.0,0.0,0.0,0.0,0.0,0.0
0.0,0.0,983808.0,0.0,0.0,0.0,0.0,0.0
0.0,0.0,983808.0,0.0,0.0,983808.0,0.0,612864.0
0.0,0.0,0.0,0.0,0.0,0.0,0.0,0.0
0.0,0.0,0.0,0.0,0.0,0.0,0.0,0.0
0.0,0.0,983808.0,0.0,0.0,0.0,0.0,0.0
0.0,0.0,4032.0,0.0,0.0,0.0,0.0,0.0
0.0,0.0,987840.0,0.0,0.0,0.0,0.0,0.0
0.0,0.0,0.0,0.0,0.0,0.0,0.0,0.0
0.0,0.0,983808.0,0.0,0.0,0.0,0.0,612864.0
0.0,0.0,983808.0,0.0,0.0,0.0,0.0,0.0
0.0,0.0,0.0,0.0,0.0,0.0,0.0,0.0
0.0,0.0,0.0,0.0,0.0,0.0,0.0,0.0
0.0,0.0,0.0,0.0,0.0,0.0,0.0,0.0
0.0,0.0,0.0,0.0,0.0,0.0,0.0,0.0
0.0,0.0,0.0,0.0,0.0,0.0,0.0,725760.0
0.0,0.0,0.0,0.0,0.0,0.0,0.0,0.0
0.0,0.0,0.0,0.0,0.0,0.0,0.0,862848.0
0.0,0.0,983808.0,0.0,0.0,0.0,0.0,0.0
0.0,0.0,983808.0,0.0,0.0,0.0,0.0,0.0
0.0,0.0,983808.0,0.0,0.0,0.0,0.0,0.0
0.0,0.0,983808.0,0.0,0.0,0.0,0.0,0.0
0.0,0.0,0.0,0.0,0.0,0.0,1108800.0,0.0
7193088.0,0.0,0.0,0.0,0.0,0.0,0.0,862848.0
0.0,0.0,983808.0,0.0,0.0,0.0,0.0,0.0
0.0,0.0,0.0,0.0,0.0,0.0,0.0,24192.0
0.0,645120.0,0.0,0.0,0.0,0.0,1108800.0,0.0
0.0,0.0,983808.0,0.0,0.0,0.0,0.0,0.0
0.0,983808.0,0.0,0.0,0.0,0.0,1108800.0,0.0
0.0,983808.0,0.0,0.0,0.0,0.0,1104768.0,0.0
0.0,0.0,983808.0,0.0,0.0,0.0,0.0,0.0
0.0,0.0,5205312.0,0.0,0.0,0.0,1104768.0,0.0
0.0,983808.0,0.0,0.0,7209216.0,0.0,1104768.0,0.0
0.0,0.0,9942912.0,0.0,0.0,0.0,1173312.0,0.0
0.0,0.0,0.0,0.0,0.0,0.0,0.0,704880.0
0.0,0.0,9390528.0,0.0,0.0,0.0,0.0,0.0
0.0,0.0,9390528.0,0.0,0.0,0.0,1104768.0,0.0
0.0,0.0,9390528.0,4032.0,0.0,0.0,871717.3333333334,0.0
4032.0,0.0,8673264.0,0.0,0.0,0.0,0.0,0.0
0.0,0.0,0.0,0.0,0.0,0.0,0.0,0.0
0.0,0.0,9019584.0,0.0,0.0,0.0,0.0,0.0
0.0,0.0,737856.0,0.0,0.0,0.0,0.0,0.0
737856.0,983808.0,0.0,0.0,0.0,0.0,0.0,0.0
770112.0,1028160.0,0.0,0.0,0.0,0.0,0.0,0.0
4032.0,0.0,0.0,0.0,7205184.0,0.0,0.0,0.0
0.0,0.0,0.0,0.0,7330176.0,0.0,0.0,0.0
0.0,4032.0,741888.0,0.0,4867429.333333333,0.0,0.0,0.0
0.0,0.0,737856.0,0.0,0.0,0.0,0.0,0.0
0.0,0.0,0.0,0.0,0.0,0.0,0.0,0.0
0.0,0.0,737856.0,0.0,0.0,0.0,0.0,0.0
0.0,0.0,0.0,0.0,0.0,0.0,0.0,0.0
0.0,0.0,654709.3333333334,0.0,0.0,0.0,0.0,4032.0
0.0,0.0,0.0,0.0,0.0,0.0,0.0,0.0
0.0,0.0,0.0,0.0,0.0,0.0,4032.0,0.0
0.0,0.0,0.0,0.0,0.0,0.0,0.0,0.0
0.0,0.0,0.0,0.0,0.0,0.0,0.0,0.0
0.0,0.0,0.0,0.0,0.0,0.0,1003968.0,0.0
0.0,0.0,0.0,0.0,0.0,0.0,842688.0,0.0
0.0,0.0,0.0,0.0,0.0,0.0,983808.0,0.0
0.0,0.0,0.0,0.0,0.0,0.0,983808.0,0.0
0.0,0.0,0.0,0.0,0.0,0.0,983808.0,0.0
0.0,0.0,0.0,0.0,0.0,0.0,983808.0,0.0
0.0,0.0,0.0,0.0,0.0,0.0,0.0,0.0
0.0,0.0,0.0,0.0,0.0,0.0,983808.0,0.0
0.0,0.0,0.0,0.0,0.0,0.0,321840.0,0.0
983808.0,0.0,0.0,0.0,0.0,0.0,0.0,0.0
983808.0,0.0,0.0,0.0,0.0,0.0,0.0,0.0
0.0,4032.0,0.0,0.0,0.0,0.0,0.0,0.0
0.0,0.0,0.0,0.0,0.0,0.0,0.0,0.0
0.0,0.0,0.0,0.0,0.0,0.0,0.0,0.0
983808.0,0.0,0.0,0.0,0.0,0.0,0.0,0.0
0.0,0.0,0.0,0.0,0.0,0.0,0.0,0.0
0.0,0.0,0.0,0.0,0.0,0.0,0.0,0.0
9201024.0,0.0,0.0,0.0,0.0,0.0,0.0,0.0
9378432.0,0.0,0.0,1423296.0,0.0,0.0,0.0,0.0
9382464.0,0.0,0.0,0.0,0.0,0.0,0.0,0.0
9394560.0,0.0,0.0,0.0,0.0,0.0,0.0,0.0
0.0,0.0,0.0,0.0,0.0,0.0,0.0,0.0
0.0,0.0,0.0,0.0,0.0,4032.0,0.0,0.0
0.0,0.0,0.0,0.0,0.0,0.0,0.0,0.0
0.0,0.0,0.0,0.0,0.0,0.0,0.0,0.0
9394560.0,0.0,0.0,0.0,0.0,0.0,0.0,0.0
983808.0,0.0,0.0,0.0,0.0,0.0,0.0,0.0
0.0,0.0,0.0,0.0,0.0,0.0,0.0,0.0
9390528.0,0.0,0.0,0.0,0.0,0.0,0.0,0.0
0.0,0.0,0.0,0.0,0.0,310464.0,0.0,0.0
0.0,0.0,0.0,0.0,0.0,0.0,0.0,0.0
842688.0,0.0,0.0,0.0,0.0,846720.0,0.0,0.0
0.0,0.0,0.0,0.0,0.0,983808.0,0.0,0.0
983808.0,0.0,0.0,0.0,0.0,983808.0,0.0,0.0
1124928.0,0.0,0.0,0.0,0.0,0.0,0.0,0.0
983808.0,0.0,0.0,0.0,0.0,0.0,0.0,0.0
0.0,0.0,0.0,0.0,0.0,983808.0,0.0,0.0
0.0,0.0,0.0,0.0,0.0,0.0,0.0,4269888.0
983808.0,1108800.0,0.0,0.0,0.0,983808.0,0.0,0.0
983808.0,0.0,0.0,0.0,0.0,0.0,0.0,2259445.333333333
0.0,0.0,0.0,0.0,0.0,0.0,0.0,0.0
983808.0,1104768.0,0.0,0.0,0.0,983808.0,0.0,0.0
983808.0,1108800.0,0.0,0.0,0.0,983808.0,0.0,0.0
0.0,0.0,0.0,0.0,0.0,0.0,0.0,0.0
842688.0,0.0,0.0,0.0,0.0,842688.0,14394240.0,0.0
1161216.0,55728.0,0.0,0.0,0.0,1161216.0,0.0,0.0
0.0,0.0,0.0,0.0,0.0,0.0,0.0,0.0
983808.0,0.0,0.0,0.0,0.0,983808.0,0.0,0.0
983808.0,0.0,0.0,0.0,0.0,983808.0,0.0,0.0
0.0,0.0,0.0,0.0,0.0,983808.0,0.0,0.0
0.0,0.0,0.0,0.0,0.0,0.0,0.0,0.0
983808.0,0.0,0.0,270144.0,0.0,758821.3333333334,0.0,0.0
0.0,0.0,0.0,0.0,0.0,0.0,0.0,0.0
0.0,0.0,0.0,0.0,0.0,0.0,0.0,0.0
0.0,0.0,0.0,0.0,0.0,0.0,0.0,0.0
983808.0,0.0,0.0,1197504.0,0.0,0.0,0.0,0.0
987840.0,0.0,0.0,417541.3333333333,0.0,0.0,0.0,0.0
983808.0,0.0,0.0,0.0,0.0,0.0,0.0,0.0
0.0,0.0,0.0,1108800.0,0.0,0.0,0.0,0.0
0.0,0.0,0.0,1262016.0,0.0,0.0,0.0,0.0
0.0,358848.0,0.0,12011328.0,0.0,0.0,0.0,0.0
0.0,737856.0,0.0,0.0,0.0,0.0,0.0,0.0
0.0,737856.0,0.0,0.0,0.0,0.0,0.0,0.0
0.0,737856.0,0.0,0.0,0.0,0.0,0.0,0.0
983808.0,0.0,0.0,0.0,0.0,0.0,0.0,0.0
0.0,737856.0,0.0,0.0,0.0,0.0,0.0,0.0
983808.0,0.0,0.0,0.0,0.0,0.0,0.0,0.0
0.0,0.0,0.0,1104768.0,0.0,0.0,0.0,0.0
0.0,737856.0,0.0,0.0,0.0,0.0,0.0,0.0
0.0,737856.0,0.0,0.0,0.0,0.0,0.0,0.0
0.0,737856.0,0.0,1141056.0,0.0,0.0,0.0,0.0
4032.0,842688.0,9612288.0,0.0,0.0,0.0,0.0,0.0
0.0,0.0,0.0,1104768.0,0.0,0.0,0.0,0.0
0.0,737856.0,0.0,7201152.0,0.0,2560320.0,0.0,4032.0
0.0,737856.0,8406720.0,0.0,0.0,0.0,0.0,0.0
0.0,806400.0,0.0,7878528.0,0.0,18369792.0,0.0,0.0
0.0,770112.0,8765568.0,0.0,0.0,0.0,0.0,0.0
1003968.0,0.0,0.0,628992.0,0.0,0.0,8386560.0,0.0
983808.0,737856.0,0.0,612864.0,0.0,0.0,5303605.333333333,0.0
0.0,0.0,0.0,1104768.0,0.0,0.0,0.0,0.0
0.0,737856.0,8406720.0,0.0,0.0,0.0,0.0,0.0
0.0,0.0,0.0,612864.0,0.0,0.0,0.0,0.0
0.0,0.0,0.0,665280.0,0.0,0.0,0.0,0.0
0.0,737856.0,0.0,612864.0,0.0,0.0,0.0,447552.0
4032.0,0.0,0.0,502213.3333333333,0.0,0.0,4032.0,0.0
0.0,0.0,4032.0,0.0,0.0,0.0,0.0,0.0
0.0,0.0,0.0,0.0,0.0,0.0,0.0,0.0
0.0,0.0,0.0,0.0,0.0,0.0,0.0,0.0
0.0,0.0,0.0,0.0,0.0,0.0,0.0,0.0
0.0,737856.0,0.0,0.0,0.0,0.0,0.0,1201536.0
0.0,0.0,0.0,0.0,0.0,0.0,0.0,0.0
0.0,737856.0,0.0,0.0,0.0,0.0,0.0,0.0
0.0,737856.0,0.0,0.0,0.0,0.0,0.0,0.0
0.0,0.0,0.0,0.0,0.0,0.0,0.0,0.0
0.0,0.0,0.0,0.0,0.0,0.0,0.0,0.0
0.0,737856.0,0.0,0.0,0.0,0.0,0.0,0.0
0.0,737856.0,0.0,0.0,0.0,0.0,0.0,1201536.0
0.0,737856.0,338688.0,0.0,0.0,0.0,0.0,0.0
0.0,737856.0,737856.0,0.0,0.0,0.0,0.0,0.0
0.0,0.0,0.0,0.0,0.0,0.0,0.0,0.0
0.0,0.0,0.0,0.0,0.0,0.0,0.0,0.0
0.0,842688.0,0.0,0.0,0.0,0.0,0.0,1374912.0
0.0,0.0,0.0,0.0,858816.0,0.0,0.0,0.0
16128.0,737856.0,0.0,0.0,0.0,0.0,0.0,1201536.0
737856.0,0.0,0.0,0.0,0.0,0.0,0.0,0.0
0.0,0.0,0.0,0.0,862848.0,0.0,0.0,0.0
737856.0,0.0,0.0,12261312.0,0.0,0.0,0.0,0.0
0.0,0.0,0.0,19022976.0,975744.0,0.0,0.0,0.0
737856.0,0.0,0.0,16777152.0,0.0,0.0,0.0,0.0
737856.0,0.0,0.0,16797312.0,0.0,0.0,0.0,0.0
814464.0,0.0,0.0,2653056.0,0.0,0.0,0.0,0.0
0.0,0.0,0.0,2403072.0,8064000.0,0.0,0.0,2403072.0
737856.0,0.0,0.0,2403072.0,0.0,0.0,0.0,0.0
0.0,4032.0,0.0,1105573.3333333333,8064000.0,0.0,0.0,2399040.0
664560.0,0.0,0.0,0.0,0.0,0.0,0.0,0.0
0.0,0.0,0.0,0.0,0.0,0.0,0.0,0.0
0.0,0.0,0.0,0.0,368437.3333333333,0.0,0.0,2403072.0
0.0,0.0,0.0,0.0,0.0,0.0,0.0,0.0
0.0,0.0,0.0,0.0,0.0,0.0,0.0,2403072.0
0.0,0.0,0.0,0.0,0.0,0.0,0.0,205632.0
0.0,616896.0,0.0,0.0,0.0,0.0,0.0,0.0
0.0,0.0,0.0,0.0,0.0,0.0,0.0,612864.0
0.0,0.0,0.0,0.0,0.0,0.0,0.0,0.0
0.0,0.0,0.0,0.0,0.0,0.0,0.0,0.0
0.0,0.0,0.0,0.0,0.0,0.0,0.0,616896.0
0.0,612864.0,0.0,0.0,0.0,0.0,0.0,0.0
0.0,0.0,0.0,0.0,0.0,0.0,0.0,0.0
0.0,0.0,0.0,0.0,0.0,0.0,0.0,0.0
0.0,0.0,0.0,0.0,0.0,0.0,0.0,0.0
0.0,0.0,0.0,0.0,0.0,0.0,0.0,0.0
0.0,612864.0,0.0,0.0,0.0,0.0,0.0,0.0
0.0,0.0,0.0,0.0,0.0,0.0,0.0,0.0
0.0,0.0,0.0,0.0,983808.0,0.0,0.0,0.0
0.0,0.0,0.0,0.0,1124928.0,0.0,0.0,0.0
0.0,612864.0,0.0,0.0,0.0,0.0,0.0,0.0
0.0,0.0,0.0,0.0,0.0,0.0,0.0,0.0
0.0,612864.0,0.0,0.0,0.0,0.0,0.0,0.0
0.0,0.0,0.0,0.0,0.0,0.0,0.0,0.0
0.0,505525.3333333333,0.0,0.0,0.0,0.0,0.0,0.0
4032.0,0.0,0.0,0.0,0.0,0.0,0.0,0.0
0.0,0.0,0.0,0.0,0.0,0.0,2681280.0,0.0
0.0,0.0,0.0,0.0,0.0,0.0,2403072.0,0.0
0.0,0.0,0.0,0.0,0.0,0.0,2491776.0,0.0
0.0,0.0,0.0,0.0,4032.0,0.0,1226186.6666666667,0.0
0.0,0.0,0.0,0.0,0.0,0.0,0.0,0.0
0.0,0.0,0.0,0.0,1141056.0,0.0,0.0,0.0
0.0,0.0,0.0,0.0,0.0,0.0,0.0,0.0
0.0,0.0,0.0,0.0,0.0,0.0,0.0,0.0
0.0,0.0,0.0,0.0,0.0,0.0,0.0,0.0
0.0,0.0,0.0,0.0,983808.0,0.0,0.0,0.0
0.0,0.0,0.0,0.0,983808.0,0.0,0.0,0.0
0.0,0.0,0.0,0.0,0.0,0.0,0.0,0.0
0.0,0.0,0.0,0.0,983808.0,0.0,0.0,0.0
0.0,0.0,0.0,0.0,0.0,0.0,0.0,0.0
0.0,0.0,0.0,0.0,0.0,0.0,0.0,0.0
0.0,0.0,0.0,0.0,0.0,0.0,0.0,0.0
0.0,0.0,0.0,0.0,983808.0,0.0,0.0,0.0
0.0,0.0,0.0,0.0,0.0,0.0,0.0,0.0
0.0,0.0,0.0,0.0,59386.66666666666,0.0,0.0,0.0
0.0,0.0,0.0,0.0,0.0,0.0,0.0,0.0
0.0,0.0,0.0,0.0,0.0,0.0,0.0,0.0
0.0,0.0,0.0,0.0,0.0,0.0,0.0,0.0
0.0,0.0,0.0,0.0,0.0,0.0,0.0,0.0
0.0,0.0,0.0,0.0,0.0,0.0,0.0,0.0
0.0,0.0,0.0,0.0,0.0,0.0,0.0,0.0
0.0,0.0,0.0,0.0,0.0,0.0,0.0,0.0
0.0,0.0,0.0,0.0,0.0,0.0,0.0,0.0
0.0,0.0,0.0,0.0,0.0,0.0,0.0,0.0
0.0,0.0,0.0,0.0,0.0,0.0,0.0,0.0
0.0,0.0,0.0,0.0,0.0,0.0,0.0,0.0
0.0,0.0,0.0,0.0,0.0,0.0,0.0,0.0
0.0,0.0,0.0,0.0,0.0,0.0,0.0,0.0
0.0,0.0,0.0,0.0,0.0,0.0,0.0,0.0
0.0,0.0,0.0,0.0,0.0,0.0,0.0,0.0
